route;date;hour;prediction
1;2025-11-01;0;15
1;2025-11-01;1;6
1;2025-11-01;2;25
1;2025-11-01;3;40
1;2025-11-01;4;10
1;2025-11-01;5;49
1;2025-11-01;6;189
1;2025-11-01;7;368
1;2025-11-01;8;507
1;2025-11-01;9;730
1;2025-11-01;10;822
1;2025-11-01;11;876
1;2025-11-01;12;988
1;2025-11-01;13;1011
1;2025-11-01;14;936
1;2025-11-01;15;866
1;2025-11-01;16;807
1;2025-11-01;17;702
1;2025-11-01;18;626
1;2025-11-01;19;579
1;2025-11-01;20;429
1;2025-11-01;21;314
1;2025-11-01;22;159
1;2025-11-01;23;51
1;2025-11-02;0;15
1;2025-11-02;1;7
1;2025-11-02;2;24
1;2025-11-02;3;35
1;2025-11-02;4;9
1;2025-11-02;5;38
1;2025-11-02;6;138
1;2025-11-02;7;269
1;2025-11-02;8;381
1;2025-11-02;9;595
1;2025-11-02;10;692
1;2025-11-02;11;767
1;2025-11-02;12;927
1;2025-11-02;13;959
1;2025-11-02;14;891
1;2025-11-02;15;829
1;2025-11-02;16;762
1;2025-11-02;17;654
1;2025-11-02;18;583
1;2025-11-02;19;509
1;2025-11-02;20;385
1;2025-11-02;21;289
1;2025-11-02;22;145
1;2025-11-02;23;44
1;2025-11-03;0;11
1;2025-11-03;1;6
1;2025-11-03;2;24
1;2025-11-03;3;28
1;2025-11-03;4;12
1;2025-11-03;5;74
1;2025-11-03;6;242
1;2025-11-03;7;414
1;2025-11-03;8;522
1;2025-11-03;9;621
1;2025-11-03;10;660
1;2025-11-03;11;699
1;2025-11-03;12;877
1;2025-11-03;13;897
1;2025-11-03;14;847
1;2025-11-03;15;866
1;2025-11-03;16;819
1;2025-11-03;17;781
1;2025-11-03;18;765
1;2025-11-03;19;657
1;2025-11-03;20;430
1;2025-11-03;21;307
1;2025-11-03;22;189
1;2025-11-03;23;45
1;2025-11-04;0;12
1;2025-11-04;1;7
1;2025-11-04;2;22
1;2025-11-04;3;26
1;2025-11-04;4;11
1;2025-11-04;5;62
1;2025-11-04;6;197
1;2025-11-04;7;321
1;2025-11-04;8;399
1;2025-11-04;9;515
1;2025-11-04;10;564
1;2025-11-04;11;613
1;2025-11-04;12;760
1;2025-11-04;13;794
1;2025-11-04;14;755
1;2025-11-04;15;756
1;2025-11-04;16;706
1;2025-11-04;17;649
1;2025-11-04;18;615
1;2025-11-04;19;566
1;2025-11-04;20;405
1;2025-11-04;21;313
1;2025-11-04;22;192
1;2025-11-04;23;49
1;2025-11-05;0;10
1;2025-11-05;1;5
1;2025-11-05;2;13
1;2025-11-05;3;19
1;2025-11-05;4;9
1;2025-11-05;5;128
1;2025-11-05;6;526
1;2025-11-05;7;1448
1;2025-11-05;8;1918
1;2025-11-05;9;1558
1;2025-11-05;10;1385
1;2025-11-05;11;1361
1;2025-11-05;12;1405
1;2025-11-05;13;1410
1;2025-11-05;14;1327
1;2025-11-05;15;1446
1;2025-11-05;16;1485
1;2025-11-05;17;1667
1;2025-11-05;18;1763
1;2025-11-05;19;1341
1;2025-11-05;20;863
1;2025-11-05;21;494
1;2025-11-05;22;249
1;2025-11-05;23;54
1;2025-11-06;0;10
1;2025-11-06;1;5
1;2025-11-06;2;12
1;2025-11-06;3;18
1;2025-11-06;4;9
1;2025-11-06;5;126
1;2025-11-06;6;524
1;2025-11-06;7;1456
1;2025-11-06;8;1915
1;2025-11-06;9;1551
1;2025-11-06;10;1384
1;2025-11-06;11;1358
1;2025-11-06;12;1418
1;2025-11-06;13;1412
1;2025-11-06;14;1335
1;2025-11-06;15;1453
1;2025-11-06;16;1521
1;2025-11-06;17;1647
1;2025-11-06;18;1757
1;2025-11-06;19;1324
1;2025-11-06;20;859
1;2025-11-06;21;495
1;2025-11-06;22;249
1;2025-11-06;23;58
1;2025-11-07;0;11
1;2025-11-07;1;5
1;2025-11-07;2;12
1;2025-11-07;3;18
1;2025-11-07;4;9
1;2025-11-07;5;127
1;2025-11-07;6;522
1;2025-11-07;7;1429
1;2025-11-07;8;1871
1;2025-11-07;9;1510
1;2025-11-07;10;1367
1;2025-11-07;11;1371
1;2025-11-07;12;1404
1;2025-11-07;13;1407
1;2025-11-07;14;1346
1;2025-11-07;15;1520
1;2025-11-07;16;1605
1;2025-11-07;17;1604
1;2025-11-07;18;1470
1;2025-11-07;19;1164
1;2025-11-07;20;813
1;2025-11-07;21;481
1;2025-11-07;22;255
1;2025-11-07;23;64
1;2025-11-08;0;15
1;2025-11-08;1;6
1;2025-11-08;2;25
1;2025-11-08;3;40
1;2025-11-08;4;10
1;2025-11-08;5;49
1;2025-11-08;6;189
1;2025-11-08;7;368
1;2025-11-08;8;507
1;2025-11-08;9;730
1;2025-11-08;10;822
1;2025-11-08;11;876
1;2025-11-08;12;988
1;2025-11-08;13;1011
1;2025-11-08;14;936
1;2025-11-08;15;866
1;2025-11-08;16;807
1;2025-11-08;17;702
1;2025-11-08;18;626
1;2025-11-08;19;579
1;2025-11-08;20;429
1;2025-11-08;21;314
1;2025-11-08;22;159
1;2025-11-08;23;51
1;2025-11-09;0;15
1;2025-11-09;1;7
1;2025-11-09;2;24
1;2025-11-09;3;35
1;2025-11-09;4;9
1;2025-11-09;5;38
1;2025-11-09;6;138
1;2025-11-09;7;269
1;2025-11-09;8;381
1;2025-11-09;9;595
1;2025-11-09;10;692
1;2025-11-09;11;767
1;2025-11-09;12;927
1;2025-11-09;13;959
1;2025-11-09;14;891
1;2025-11-09;15;829
1;2025-11-09;16;762
1;2025-11-09;17;654
1;2025-11-09;18;583
1;2025-11-09;19;509
1;2025-11-09;20;385
1;2025-11-09;21;289
1;2025-11-09;22;145
1;2025-11-09;23;44
1;2025-11-10;0;10
1;2025-11-10;1;5
1;2025-11-10;2;12
1;2025-11-10;3;17
1;2025-11-10;4;9
1;2025-11-10;5;123
1;2025-11-10;6;513
1;2025-11-10;7;1416
1;2025-11-10;8;1854
1;2025-11-10;9;1481
1;2025-11-10;10;1284
1;2025-11-10;11;1265
1;2025-11-10;12;1330
1;2025-11-10;13;1327
1;2025-11-10;14;1246
1;2025-11-10;15;1382
1;2025-11-10;16;1444
1;2025-11-10;17;1596
1;2025-11-10;18;1720
1;2025-11-10;19;1291
1;2025-11-10;20;825
1;2025-11-10;21;449
1;2025-11-10;22;221
1;2025-11-10;23;48
1;2025-11-11;0;9
1;2025-11-11;1;4
1;2025-11-11;2;13
1;2025-11-11;3;19
1;2025-11-11;4;9
1;2025-11-11;5;127
1;2025-11-11;6;529
1;2025-11-11;7;1481
1;2025-11-11;8;1940
1;2025-11-11;9;1569
1;2025-11-11;10;1388
1;2025-11-11;11;1350
1;2025-11-11;12;1371
1;2025-11-11;13;1367
1;2025-11-11;14;1291
1;2025-11-11;15;1410
1;2025-11-11;16;1464
1;2025-11-11;17;1642
1;2025-11-11;18;1748
1;2025-11-11;19;1329
1;2025-11-11;20;854
1;2025-11-11;21;475
1;2025-11-11;22;236
1;2025-11-11;23;51
1;2025-11-12;0;10
1;2025-11-12;1;5
1;2025-11-12;2;13
1;2025-11-12;3;19
1;2025-11-12;4;9
1;2025-11-12;5;128
1;2025-11-12;6;526
1;2025-11-12;7;1448
1;2025-11-12;8;1918
1;2025-11-12;9;1558
1;2025-11-12;10;1385
1;2025-11-12;11;1361
1;2025-11-12;12;1405
1;2025-11-12;13;1410
1;2025-11-12;14;1327
1;2025-11-12;15;1446
1;2025-11-12;16;1485
1;2025-11-12;17;1667
1;2025-11-12;18;1763
1;2025-11-12;19;1341
1;2025-11-12;20;863
1;2025-11-12;21;494
1;2025-11-12;22;249
1;2025-11-12;23;54
1;2025-11-13;0;10
1;2025-11-13;1;5
1;2025-11-13;2;12
1;2025-11-13;3;18
1;2025-11-13;4;9
1;2025-11-13;5;126
1;2025-11-13;6;524
1;2025-11-13;7;1456
1;2025-11-13;8;1915
1;2025-11-13;9;1551
1;2025-11-13;10;1384
1;2025-11-13;11;1358
1;2025-11-13;12;1418
1;2025-11-13;13;1412
1;2025-11-13;14;1335
1;2025-11-13;15;1453
1;2025-11-13;16;1521
1;2025-11-13;17;1647
1;2025-11-13;18;1757
1;2025-11-13;19;1324
1;2025-11-13;20;859
1;2025-11-13;21;495
1;2025-11-13;22;249
1;2025-11-13;23;58
1;2025-11-14;0;11
1;2025-11-14;1;5
1;2025-11-14;2;12
1;2025-11-14;3;18
1;2025-11-14;4;9
1;2025-11-14;5;127
1;2025-11-14;6;522
1;2025-11-14;7;1429
1;2025-11-14;8;1871
1;2025-11-14;9;1510
1;2025-11-14;10;1367
1;2025-11-14;11;1371
1;2025-11-14;12;1404
1;2025-11-14;13;1407
1;2025-11-14;14;1346
1;2025-11-14;15;1520
1;2025-11-14;16;1605
1;2025-11-14;17;1604
1;2025-11-14;18;1470
1;2025-11-14;19;1164
1;2025-11-14;20;813
1;2025-11-14;21;481
1;2025-11-14;22;255
1;2025-11-14;23;64
1;2025-11-15;0;15
1;2025-11-15;1;6
1;2025-11-15;2;25
1;2025-11-15;3;40
1;2025-11-15;4;10
1;2025-11-15;5;49
1;2025-11-15;6;189
1;2025-11-15;7;368
1;2025-11-15;8;507
1;2025-11-15;9;730
1;2025-11-15;10;822
1;2025-11-15;11;876
1;2025-11-15;12;988
1;2025-11-15;13;1011
1;2025-11-15;14;936
1;2025-11-15;15;866
1;2025-11-15;16;807
1;2025-11-15;17;702
1;2025-11-15;18;626
1;2025-11-15;19;579
1;2025-11-15;20;429
1;2025-11-15;21;314
1;2025-11-15;22;159
1;2025-11-15;23;51
1;2025-11-16;0;15
1;2025-11-16;1;7
1;2025-11-16;2;24
1;2025-11-16;3;35
1;2025-11-16;4;9
1;2025-11-16;5;38
1;2025-11-16;6;138
1;2025-11-16;7;269
1;2025-11-16;8;381
1;2025-11-16;9;595
1;2025-11-16;10;692
1;2025-11-16;11;767
1;2025-11-16;12;927
1;2025-11-16;13;959
1;2025-11-16;14;891
1;2025-11-16;15;829
1;2025-11-16;16;762
1;2025-11-16;17;654
1;2025-11-16;18;583
1;2025-11-16;19;509
1;2025-11-16;20;385
1;2025-11-16;21;289
1;2025-11-16;22;145
1;2025-11-16;23;44
1;2025-11-17;0;10
1;2025-11-17;1;5
1;2025-11-17;2;12
1;2025-11-17;3;17
1;2025-11-17;4;9
1;2025-11-17;5;123
1;2025-11-17;6;513
1;2025-11-17;7;1416
1;2025-11-17;8;1854
1;2025-11-17;9;1481
1;2025-11-17;10;1284
1;2025-11-17;11;1265
1;2025-11-17;12;1330
1;2025-11-17;13;1327
1;2025-11-17;14;1246
1;2025-11-17;15;1382
1;2025-11-17;16;1444
1;2025-11-17;17;1596
1;2025-11-17;18;1720
1;2025-11-17;19;1291
1;2025-11-17;20;825
1;2025-11-17;21;449
1;2025-11-17;22;221
1;2025-11-17;23;48
1;2025-11-18;0;9
1;2025-11-18;1;4
1;2025-11-18;2;13
1;2025-11-18;3;19
1;2025-11-18;4;9
1;2025-11-18;5;127
1;2025-11-18;6;529
1;2025-11-18;7;1481
1;2025-11-18;8;1940
1;2025-11-18;9;1569
1;2025-11-18;10;1388
1;2025-11-18;11;1350
1;2025-11-18;12;1371
1;2025-11-18;13;1367
1;2025-11-18;14;1291
1;2025-11-18;15;1410
1;2025-11-18;16;1464
1;2025-11-18;17;1642
1;2025-11-18;18;1748
1;2025-11-18;19;1329
1;2025-11-18;20;854
1;2025-11-18;21;475
1;2025-11-18;22;236
1;2025-11-18;23;51
1;2025-11-19;0;10
1;2025-11-19;1;5
1;2025-11-19;2;13
1;2025-11-19;3;19
1;2025-11-19;4;9
1;2025-11-19;5;128
1;2025-11-19;6;526
1;2025-11-19;7;1448
1;2025-11-19;8;1918
1;2025-11-19;9;1558
1;2025-11-19;10;1385
1;2025-11-19;11;1361
1;2025-11-19;12;1405
1;2025-11-19;13;1410
1;2025-11-19;14;1327
1;2025-11-19;15;1446
1;2025-11-19;16;1485
1;2025-11-19;17;1667
1;2025-11-19;18;1763
1;2025-11-19;19;1341
1;2025-11-19;20;863
1;2025-11-19;21;494
1;2025-11-19;22;249
1;2025-11-19;23;54
1;2025-11-20;0;10
1;2025-11-20;1;5
1;2025-11-20;2;12
1;2025-11-20;3;18
1;2025-11-20;4;9
1;2025-11-20;5;126
1;2025-11-20;6;524
1;2025-11-20;7;1456
1;2025-11-20;8;1915
1;2025-11-20;9;1551
1;2025-11-20;10;1384
1;2025-11-20;11;1358
1;2025-11-20;12;1418
1;2025-11-20;13;1412
1;2025-11-20;14;1335
1;2025-11-20;15;1453
1;2025-11-20;16;1521
1;2025-11-20;17;1647
1;2025-11-20;18;1757
1;2025-11-20;19;1324
1;2025-11-20;20;859
1;2025-11-20;21;495
1;2025-11-20;22;249
1;2025-11-20;23;58
1;2025-11-21;0;11
1;2025-11-21;1;5
1;2025-11-21;2;12
1;2025-11-21;3;18
1;2025-11-21;4;9
1;2025-11-21;5;127
1;2025-11-21;6;522
1;2025-11-21;7;1429
1;2025-11-21;8;1871
1;2025-11-21;9;1510
1;2025-11-21;10;1367
1;2025-11-21;11;1371
1;2025-11-21;12;1404
1;2025-11-21;13;1407
1;2025-11-21;14;1346
1;2025-11-21;15;1520
1;2025-11-21;16;1605
1;2025-11-21;17;1604
1;2025-11-21;18;1470
1;2025-11-21;19;1164
1;2025-11-21;20;813
1;2025-11-21;21;481
1;2025-11-21;22;255
1;2025-11-21;23;64
1;2025-11-22;0;15
1;2025-11-22;1;6
1;2025-11-22;2;25
1;2025-11-22;3;40
1;2025-11-22;4;10
1;2025-11-22;5;49
1;2025-11-22;6;189
1;2025-11-22;7;368
1;2025-11-22;8;507
1;2025-11-22;9;730
1;2025-11-22;10;822
1;2025-11-22;11;876
1;2025-11-22;12;988
1;2025-11-22;13;1011
1;2025-11-22;14;936
1;2025-11-22;15;866
1;2025-11-22;16;807
1;2025-11-22;17;702
1;2025-11-22;18;626
1;2025-11-22;19;579
1;2025-11-22;20;429
1;2025-11-22;21;314
1;2025-11-22;22;159
1;2025-11-22;23;51
1;2025-11-23;0;15
1;2025-11-23;1;7
1;2025-11-23;2;24
1;2025-11-23;3;35
1;2025-11-23;4;9
1;2025-11-23;5;38
1;2025-11-23;6;138
1;2025-11-23;7;269
1;2025-11-23;8;381
1;2025-11-23;9;595
1;2025-11-23;10;692
1;2025-11-23;11;767
1;2025-11-23;12;927
1;2025-11-23;13;959
1;2025-11-23;14;891
1;2025-11-23;15;829
1;2025-11-23;16;762
1;2025-11-23;17;654
1;2025-11-23;18;583
1;2025-11-23;19;509
1;2025-11-23;20;385
1;2025-11-23;21;289
1;2025-11-23;22;145
1;2025-11-23;23;44
1;2025-11-24;0;10
1;2025-11-24;1;5
1;2025-11-24;2;12
1;2025-11-24;3;17
1;2025-11-24;4;9
1;2025-11-24;5;123
1;2025-11-24;6;513
1;2025-11-24;7;1416
1;2025-11-24;8;1854
1;2025-11-24;9;1481
1;2025-11-24;10;1284
1;2025-11-24;11;1265
1;2025-11-24;12;1330
1;2025-11-24;13;1327
1;2025-11-24;14;1246
1;2025-11-24;15;1382
1;2025-11-24;16;1444
1;2025-11-24;17;1596
1;2025-11-24;18;1720
1;2025-11-24;19;1291
1;2025-11-24;20;825
1;2025-11-24;21;449
1;2025-11-24;22;221
1;2025-11-24;23;48
1;2025-11-25;0;9
1;2025-11-25;1;4
1;2025-11-25;2;13
1;2025-11-25;3;19
1;2025-11-25;4;9
1;2025-11-25;5;127
1;2025-11-25;6;529
1;2025-11-25;7;1481
1;2025-11-25;8;1940
1;2025-11-25;9;1569
1;2025-11-25;10;1388
1;2025-11-25;11;1350
1;2025-11-25;12;1371
1;2025-11-25;13;1367
1;2025-11-25;14;1291
1;2025-11-25;15;1410
1;2025-11-25;16;1464
1;2025-11-25;17;1642
1;2025-11-25;18;1748
1;2025-11-25;19;1329
1;2025-11-25;20;854
1;2025-11-25;21;475
1;2025-11-25;22;236
1;2025-11-25;23;51
1;2025-11-26;0;10
1;2025-11-26;1;5
1;2025-11-26;2;13
1;2025-11-26;3;19
1;2025-11-26;4;9
1;2025-11-26;5;128
1;2025-11-26;6;526
1;2025-11-26;7;1448
1;2025-11-26;8;1918
1;2025-11-26;9;1558
1;2025-11-26;10;1385
1;2025-11-26;11;1361
1;2025-11-26;12;1405
1;2025-11-26;13;1410
1;2025-11-26;14;1327
1;2025-11-26;15;1446
1;2025-11-26;16;1485
1;2025-11-26;17;1667
1;2025-11-26;18;1763
1;2025-11-26;19;1341
1;2025-11-26;20;863
1;2025-11-26;21;494
1;2025-11-26;22;249
1;2025-11-26;23;54
1;2025-11-27;0;10
1;2025-11-27;1;5
1;2025-11-27;2;12
1;2025-11-27;3;18
1;2025-11-27;4;9
1;2025-11-27;5;126
1;2025-11-27;6;524
1;2025-11-27;7;1456
1;2025-11-27;8;1915
1;2025-11-27;9;1551
1;2025-11-27;10;1384
1;2025-11-27;11;1358
1;2025-11-27;12;1418
1;2025-11-27;13;1412
1;2025-11-27;14;1335
1;2025-11-27;15;1453
1;2025-11-27;16;1521
1;2025-11-27;17;1647
1;2025-11-27;18;1757
1;2025-11-27;19;1324
1;2025-11-27;20;859
1;2025-11-27;21;495
1;2025-11-27;22;249
1;2025-11-27;23;58
1;2025-11-28;0;11
1;2025-11-28;1;5
1;2025-11-28;2;12
1;2025-11-28;3;18
1;2025-11-28;4;9
1;2025-11-28;5;127
1;2025-11-28;6;522
1;2025-11-28;7;1429
1;2025-11-28;8;1871
1;2025-11-28;9;1510
1;2025-11-28;10;1367
1;2025-11-28;11;1371
1;2025-11-28;12;1404
1;2025-11-28;13;1407
1;2025-11-28;14;1346
1;2025-11-28;15;1520
1;2025-11-28;16;1605
1;2025-11-28;17;1604
1;2025-11-28;18;1470
1;2025-11-28;19;1164
1;2025-11-28;20;813
1;2025-11-28;21;481
1;2025-11-28;22;255
1;2025-11-28;23;64
1;2025-11-29;0;15
1;2025-11-29;1;6
1;2025-11-29;2;25
1;2025-11-29;3;40
1;2025-11-29;4;10
1;2025-11-29;5;49
1;2025-11-29;6;189
1;2025-11-29;7;368
1;2025-11-29;8;507
1;2025-11-29;9;730
1;2025-11-29;10;822
1;2025-11-29;11;876
1;2025-11-29;12;988
1;2025-11-29;13;1011
1;2025-11-29;14;936
1;2025-11-29;15;866
1;2025-11-29;16;807
1;2025-11-29;17;702
1;2025-11-29;18;626
1;2025-11-29;19;579
1;2025-11-29;20;429
1;2025-11-29;21;314
1;2025-11-29;22;159
1;2025-11-29;23;51
1;2025-11-30;0;15
1;2025-11-30;1;7
1;2025-11-30;2;24
1;2025-11-30;3;35
1;2025-11-30;4;9
1;2025-11-30;5;38
1;2025-11-30;6;138
1;2025-11-30;7;269
1;2025-11-30;8;381
1;2025-11-30;9;595
1;2025-11-30;10;692
1;2025-11-30;11;767
1;2025-11-30;12;927
1;2025-11-30;13;959
1;2025-11-30;14;891
1;2025-11-30;15;829
1;2025-11-30;16;762
1;2025-11-30;17;654
1;2025-11-30;18;583
1;2025-11-30;19;509
1;2025-11-30;20;385
1;2025-11-30;21;289
1;2025-11-30;22;145
1;2025-11-30;23;44
1;2025-12-01;0;10
1;2025-12-01;1;4
1;2025-12-01;2;11
1;2025-12-01;3;17
1;2025-12-01;4;8
1;2025-12-01;5;124
1;2025-12-01;6;511
1;2025-12-01;7;1405
1;2025-12-01;8;1789
1;2025-12-01;9;1442
1;2025-12-01;10;1241
1;2025-12-01;11;1237
1;2025-12-01;12;1307
1;2025-12-01;13;1309
1;2025-12-01;14;1226
1;2025-12-01;15;1374
1;2025-12-01;16;1431
1;2025-12-01;17;1574
1;2025-12-01;18;1683
1;2025-12-01;19;1256
1;2025-12-01;20;796
1;2025-12-01;21;433
1;2025-12-01;22;212
1;2025-12-01;23;49
1;2025-12-02;0;9
1;2025-12-02;1;4
1;2025-12-02;2;12
1;2025-12-02;3;18
1;2025-12-02;4;9
1;2025-12-02;5;127
1;2025-12-02;6;527
1;2025-12-02;7;1464
1;2025-12-02;8;1875
1;2025-12-02;9;1517
1;2025-12-02;10;1332
1;2025-12-02;11;1310
1;2025-12-02;12;1348
1;2025-12-02;13;1351
1;2025-12-02;14;1274
1;2025-12-02;15;1401
1;2025-12-02;16;1450
1;2025-12-02;17;1609
1;2025-12-02;18;1694
1;2025-12-02;19;1286
1;2025-12-02;20;818
1;2025-12-02;21;456
1;2025-12-02;22;224
1;2025-12-02;23;51
1;2025-12-03;0;10
1;2025-12-03;1;4
1;2025-12-03;2;12
1;2025-12-03;3;18
1;2025-12-03;4;9
1;2025-12-03;5;127
1;2025-12-03;6;520
1;2025-12-03;7;1428
1;2025-12-03;8;1844
1;2025-12-03;9;1497
1;2025-12-03;10;1322
1;2025-12-03;11;1315
1;2025-12-03;12;1371
1;2025-12-03;13;1379
1;2025-12-03;14;1296
1;2025-12-03;15;1421
1;2025-12-03;16;1461
1;2025-12-03;17;1630
1;2025-12-03;18;1715
1;2025-12-03;19;1288
1;2025-12-03;20;826
1;2025-12-03;21;463
1;2025-12-03;22;229
1;2025-12-03;23;53
1;2025-12-04;0;10
1;2025-12-04;1;4
1;2025-12-04;2;12
1;2025-12-04;3;17
1;2025-12-04;4;8
1;2025-12-04;5;127
1;2025-12-04;6;525
1;2025-12-04;7;1447
1;2025-12-04;8;1856
1;2025-12-04;9;1514
1;2025-12-04;10;1338
1;2025-12-04;11;1326
1;2025-12-04;12;1402
1;2025-12-04;13;1404
1;2025-12-04;14;1325
1;2025-12-04;15;1450
1;2025-12-04;16;1517
1;2025-12-04;17;1626
1;2025-12-04;18;1729
1;2025-12-04;19;1288
1;2025-12-04;20;823
1;2025-12-04;21;472
1;2025-12-04;22;234
1;2025-12-04;23;58
1;2025-12-05;0;11
1;2025-12-05;1;5
1;2025-12-05;2;12
1;2025-12-05;3;18
1;2025-12-05;4;8
1;2025-12-05;5;128
1;2025-12-05;6;526
1;2025-12-05;7;1431
1;2025-12-05;8;1829
1;2025-12-05;9;1487
1;2025-12-05;10;1329
1;2025-12-05;11;1345
1;2025-12-05;12;1392
1;2025-12-05;13;1402
1;2025-12-05;14;1336
1;2025-12-05;15;1516
1;2025-12-05;16;1621
1;2025-12-05;17;1606
1;2025-12-05;18;1456
1;2025-12-05;19;1142
1;2025-12-05;20;793
1;2025-12-05;21;466
1;2025-12-05;22;241
1;2025-12-05;23;65
1;2025-12-06;0;14
1;2025-12-06;1;6
1;2025-12-06;2;24
1;2025-12-06;3;39
1;2025-12-06;4;10
1;2025-12-06;5;44
1;2025-12-06;6;175
1;2025-12-06;7;342
1;2025-12-06;8;469
1;2025-12-06;9;703
1;2025-12-06;10;789
1;2025-12-06;11;857
1;2025-12-06;12;976
1;2025-12-06;13;989
1;2025-12-06;14;918
1;2025-12-06;15;846
1;2025-12-06;16;782
1;2025-12-06;17;669
1;2025-12-06;18;592
1;2025-12-06;19;536
1;2025-12-06;20;404
1;2025-12-06;21;298
1;2025-12-06;22;154
1;2025-12-06;23;51
1;2025-12-07;0;14
1;2025-12-07;1;7
1;2025-12-07;2;23
1;2025-12-07;3;33
1;2025-12-07;4;9
1;2025-12-07;5;34
1;2025-12-07;6;128
1;2025-12-07;7;248
1;2025-12-07;8;349
1;2025-12-07;9;557
1;2025-12-07;10;645
1;2025-12-07;11;725
1;2025-12-07;12;883
1;2025-12-07;13;911
1;2025-12-07;14;847
1;2025-12-07;15;788
1;2025-12-07;16;722
1;2025-12-07;17;612
1;2025-12-07;18;537
1;2025-12-07;19;463
1;2025-12-07;20;355
1;2025-12-07;21;268
1;2025-12-07;22;137
1;2025-12-07;23;43
1;2025-12-08;0;10
1;2025-12-08;1;4
1;2025-12-08;2;11
1;2025-12-08;3;17
1;2025-12-08;4;8
1;2025-12-08;5;124
1;2025-12-08;6;511
1;2025-12-08;7;1405
1;2025-12-08;8;1789
1;2025-12-08;9;1442
1;2025-12-08;10;1241
1;2025-12-08;11;1237
1;2025-12-08;12;1307
1;2025-12-08;13;1309
1;2025-12-08;14;1226
1;2025-12-08;15;1374
1;2025-12-08;16;1431
1;2025-12-08;17;1574
1;2025-12-08;18;1683
1;2025-12-08;19;1256
1;2025-12-08;20;796
1;2025-12-08;21;433
1;2025-12-08;22;212
1;2025-12-08;23;49
1;2025-12-09;0;9
1;2025-12-09;1;4
1;2025-12-09;2;12
1;2025-12-09;3;18
1;2025-12-09;4;9
1;2025-12-09;5;127
1;2025-12-09;6;527
1;2025-12-09;7;1464
1;2025-12-09;8;1875
1;2025-12-09;9;1517
1;2025-12-09;10;1332
1;2025-12-09;11;1310
1;2025-12-09;12;1348
1;2025-12-09;13;1351
1;2025-12-09;14;1274
1;2025-12-09;15;1401
1;2025-12-09;16;1450
1;2025-12-09;17;1609
1;2025-12-09;18;1694
1;2025-12-09;19;1286
1;2025-12-09;20;818
1;2025-12-09;21;456
1;2025-12-09;22;224
1;2025-12-09;23;51
1;2025-12-10;0;10
1;2025-12-10;1;4
1;2025-12-10;2;12
1;2025-12-10;3;18
1;2025-12-10;4;9
1;2025-12-10;5;127
1;2025-12-10;6;520
1;2025-12-10;7;1428
1;2025-12-10;8;1844
1;2025-12-10;9;1497
1;2025-12-10;10;1322
1;2025-12-10;11;1315
1;2025-12-10;12;1371
1;2025-12-10;13;1379
1;2025-12-10;14;1296
1;2025-12-10;15;1421
1;2025-12-10;16;1461
1;2025-12-10;17;1630
1;2025-12-10;18;1715
1;2025-12-10;19;1288
1;2025-12-10;20;826
1;2025-12-10;21;463
1;2025-12-10;22;229
1;2025-12-10;23;53
1;2025-12-11;0;10
1;2025-12-11;1;4
1;2025-12-11;2;12
1;2025-12-11;3;17
1;2025-12-11;4;8
1;2025-12-11;5;127
1;2025-12-11;6;525
1;2025-12-11;7;1447
1;2025-12-11;8;1856
1;2025-12-11;9;1514
1;2025-12-11;10;1338
1;2025-12-11;11;1326
1;2025-12-11;12;1402
1;2025-12-11;13;1404
1;2025-12-11;14;1325
1;2025-12-11;15;1450
1;2025-12-11;16;1517
1;2025-12-11;17;1626
1;2025-12-11;18;1729
1;2025-12-11;19;1288
1;2025-12-11;20;823
1;2025-12-11;21;472
1;2025-12-11;22;234
1;2025-12-11;23;58
1;2025-12-12;0;11
1;2025-12-12;1;5
1;2025-12-12;2;12
1;2025-12-12;3;18
1;2025-12-12;4;8
1;2025-12-12;5;128
1;2025-12-12;6;526
1;2025-12-12;7;1431
1;2025-12-12;8;1829
1;2025-12-12;9;1487
1;2025-12-12;10;1329
1;2025-12-12;11;1345
1;2025-12-12;12;1392
1;2025-12-12;13;1402
1;2025-12-12;14;1336
1;2025-12-12;15;1516
1;2025-12-12;16;1621
1;2025-12-12;17;1606
1;2025-12-12;18;1456
1;2025-12-12;19;1142
1;2025-12-12;20;793
1;2025-12-12;21;466
1;2025-12-12;22;241
1;2025-12-12;23;65
1;2025-12-13;0;14
1;2025-12-13;1;6
1;2025-12-13;2;24
1;2025-12-13;3;39
1;2025-12-13;4;10
1;2025-12-13;5;44
1;2025-12-13;6;175
1;2025-12-13;7;342
1;2025-12-13;8;469
1;2025-12-13;9;703
1;2025-12-13;10;789
1;2025-12-13;11;857
1;2025-12-13;12;976
1;2025-12-13;13;989
1;2025-12-13;14;918
1;2025-12-13;15;846
1;2025-12-13;16;782
1;2025-12-13;17;669
1;2025-12-13;18;592
1;2025-12-13;19;536
1;2025-12-13;20;404
1;2025-12-13;21;298
1;2025-12-13;22;154
1;2025-12-13;23;51
1;2025-12-14;0;14
1;2025-12-14;1;7
1;2025-12-14;2;23
1;2025-12-14;3;33
1;2025-12-14;4;9
1;2025-12-14;5;34
1;2025-12-14;6;128
1;2025-12-14;7;248
1;2025-12-14;8;349
1;2025-12-14;9;557
1;2025-12-14;10;645
1;2025-12-14;11;725
1;2025-12-14;12;883
1;2025-12-14;13;911
1;2025-12-14;14;847
1;2025-12-14;15;788
1;2025-12-14;16;722
1;2025-12-14;17;612
1;2025-12-14;18;537
1;2025-12-14;19;463
1;2025-12-14;20;355
1;2025-12-14;21;268
1;2025-12-14;22;137
1;2025-12-14;23;43
1;2025-12-15;0;10
1;2025-12-15;1;4
1;2025-12-15;2;11
1;2025-12-15;3;17
1;2025-12-15;4;8
1;2025-12-15;5;124
1;2025-12-15;6;511
1;2025-12-15;7;1405
1;2025-12-15;8;1789
1;2025-12-15;9;1442
1;2025-12-15;10;1241
1;2025-12-15;11;1237
1;2025-12-15;12;1307
1;2025-12-15;13;1309
1;2025-12-15;14;1226
1;2025-12-15;15;1374
1;2025-12-15;16;1431
1;2025-12-15;17;1574
1;2025-12-15;18;1683
1;2025-12-15;19;1256
1;2025-12-15;20;796
1;2025-12-15;21;433
1;2025-12-15;22;212
1;2025-12-15;23;49
1;2025-12-16;0;9
1;2025-12-16;1;4
1;2025-12-16;2;12
1;2025-12-16;3;18
1;2025-12-16;4;9
1;2025-12-16;5;127
1;2025-12-16;6;527
1;2025-12-16;7;1464
1;2025-12-16;8;1875
1;2025-12-16;9;1517
1;2025-12-16;10;1332
1;2025-12-16;11;1310
1;2025-12-16;12;1348
1;2025-12-16;13;1351
1;2025-12-16;14;1274
1;2025-12-16;15;1401
1;2025-12-16;16;1450
1;2025-12-16;17;1609
1;2025-12-16;18;1694
1;2025-12-16;19;1286
1;2025-12-16;20;818
1;2025-12-16;21;456
1;2025-12-16;22;224
1;2025-12-16;23;51
1;2025-12-17;0;10
1;2025-12-17;1;4
1;2025-12-17;2;12
1;2025-12-17;3;18
1;2025-12-17;4;9
1;2025-12-17;5;127
1;2025-12-17;6;520
1;2025-12-17;7;1428
1;2025-12-17;8;1844
1;2025-12-17;9;1497
1;2025-12-17;10;1322
1;2025-12-17;11;1315
1;2025-12-17;12;1371
1;2025-12-17;13;1379
1;2025-12-17;14;1296
1;2025-12-17;15;1421
1;2025-12-17;16;1461
1;2025-12-17;17;1630
1;2025-12-17;18;1715
1;2025-12-17;19;1288
1;2025-12-17;20;826
1;2025-12-17;21;463
1;2025-12-17;22;229
1;2025-12-17;23;53
1;2025-12-18;0;10
1;2025-12-18;1;4
1;2025-12-18;2;12
1;2025-12-18;3;17
1;2025-12-18;4;8
1;2025-12-18;5;127
1;2025-12-18;6;525
1;2025-12-18;7;1447
1;2025-12-18;8;1856
1;2025-12-18;9;1514
1;2025-12-18;10;1338
1;2025-12-18;11;1326
1;2025-12-18;12;1402
1;2025-12-18;13;1404
1;2025-12-18;14;1325
1;2025-12-18;15;1450
1;2025-12-18;16;1517
1;2025-12-18;17;1626
1;2025-12-18;18;1729
1;2025-12-18;19;1288
1;2025-12-18;20;823
1;2025-12-18;21;472
1;2025-12-18;22;234
1;2025-12-18;23;58
1;2025-12-19;0;11
1;2025-12-19;1;5
1;2025-12-19;2;12
1;2025-12-19;3;18
1;2025-12-19;4;8
1;2025-12-19;5;128
1;2025-12-19;6;526
1;2025-12-19;7;1431
1;2025-12-19;8;1829
1;2025-12-19;9;1487
1;2025-12-19;10;1329
1;2025-12-19;11;1345
1;2025-12-19;12;1392
1;2025-12-19;13;1402
1;2025-12-19;14;1336
1;2025-12-19;15;1516
1;2025-12-19;16;1621
1;2025-12-19;17;1606
1;2025-12-19;18;1456
1;2025-12-19;19;1142
1;2025-12-19;20;793
1;2025-12-19;21;466
1;2025-12-19;22;241
1;2025-12-19;23;65
1;2025-12-20;0;14
1;2025-12-20;1;6
1;2025-12-20;2;24
1;2025-12-20;3;39
1;2025-12-20;4;10
1;2025-12-20;5;44
1;2025-12-20;6;175
1;2025-12-20;7;342
1;2025-12-20;8;469
1;2025-12-20;9;703
1;2025-12-20;10;789
1;2025-12-20;11;857
1;2025-12-20;12;976
1;2025-12-20;13;989
1;2025-12-20;14;918
1;2025-12-20;15;846
1;2025-12-20;16;782
1;2025-12-20;17;669
1;2025-12-20;18;592
1;2025-12-20;19;536
1;2025-12-20;20;404
1;2025-12-20;21;298
1;2025-12-20;22;154
1;2025-12-20;23;51
1;2025-12-21;0;14
1;2025-12-21;1;7
1;2025-12-21;2;23
1;2025-12-21;3;33
1;2025-12-21;4;9
1;2025-12-21;5;34
1;2025-12-21;6;128
1;2025-12-21;7;248
1;2025-12-21;8;349
1;2025-12-21;9;557
1;2025-12-21;10;645
1;2025-12-21;11;725
1;2025-12-21;12;883
1;2025-12-21;13;911
1;2025-12-21;14;847
1;2025-12-21;15;788
1;2025-12-21;16;722
1;2025-12-21;17;612
1;2025-12-21;18;537
1;2025-12-21;19;463
1;2025-12-21;20;355
1;2025-12-21;21;268
1;2025-12-21;22;137
1;2025-12-21;23;43
1;2025-12-22;0;10
1;2025-12-22;1;4
1;2025-12-22;2;11
1;2025-12-22;3;17
1;2025-12-22;4;8
1;2025-12-22;5;124
1;2025-12-22;6;511
1;2025-12-22;7;1405
1;2025-12-22;8;1789
1;2025-12-22;9;1442
1;2025-12-22;10;1241
1;2025-12-22;11;1237
1;2025-12-22;12;1307
1;2025-12-22;13;1309
1;2025-12-22;14;1226
1;2025-12-22;15;1374
1;2025-12-22;16;1431
1;2025-12-22;17;1574
1;2025-12-22;18;1683
1;2025-12-22;19;1256
1;2025-12-22;20;796
1;2025-12-22;21;433
1;2025-12-22;22;212
1;2025-12-22;23;49
1;2025-12-23;0;9
1;2025-12-23;1;4
1;2025-12-23;2;12
1;2025-12-23;3;18
1;2025-12-23;4;9
1;2025-12-23;5;127
1;2025-12-23;6;527
1;2025-12-23;7;1464
1;2025-12-23;8;1875
1;2025-12-23;9;1517
1;2025-12-23;10;1332
1;2025-12-23;11;1310
1;2025-12-23;12;1348
1;2025-12-23;13;1351
1;2025-12-23;14;1274
1;2025-12-23;15;1401
1;2025-12-23;16;1450
1;2025-12-23;17;1609
1;2025-12-23;18;1694
1;2025-12-23;19;1286
1;2025-12-23;20;818
1;2025-12-23;21;456
1;2025-12-23;22;224
1;2025-12-23;23;51
1;2025-12-24;0;10
1;2025-12-24;1;4
1;2025-12-24;2;12
1;2025-12-24;3;18
1;2025-12-24;4;9
1;2025-12-24;5;127
1;2025-12-24;6;520
1;2025-12-24;7;1428
1;2025-12-24;8;1844
1;2025-12-24;9;1497
1;2025-12-24;10;1322
1;2025-12-24;11;1315
1;2025-12-24;12;1371
1;2025-12-24;13;1379
1;2025-12-24;14;1296
1;2025-12-24;15;1421
1;2025-12-24;16;1461
1;2025-12-24;17;1630
1;2025-12-24;18;1715
1;2025-12-24;19;1288
1;2025-12-24;20;826
1;2025-12-24;21;463
1;2025-12-24;22;229
1;2025-12-24;23;53
1;2025-12-25;0;10
1;2025-12-25;1;4
1;2025-12-25;2;12
1;2025-12-25;3;17
1;2025-12-25;4;8
1;2025-12-25;5;127
1;2025-12-25;6;525
1;2025-12-25;7;1447
1;2025-12-25;8;1856
1;2025-12-25;9;1514
1;2025-12-25;10;1338
1;2025-12-25;11;1326
1;2025-12-25;12;1402
1;2025-12-25;13;1404
1;2025-12-25;14;1325
1;2025-12-25;15;1450
1;2025-12-25;16;1517
1;2025-12-25;17;1626
1;2025-12-25;18;1729
1;2025-12-25;19;1288
1;2025-12-25;20;823
1;2025-12-25;21;472
1;2025-12-25;22;234
1;2025-12-25;23;58
1;2025-12-26;0;11
1;2025-12-26;1;5
1;2025-12-26;2;12
1;2025-12-26;3;18
1;2025-12-26;4;8
1;2025-12-26;5;128
1;2025-12-26;6;526
1;2025-12-26;7;1431
1;2025-12-26;8;1829
1;2025-12-26;9;1487
1;2025-12-26;10;1329
1;2025-12-26;11;1345
1;2025-12-26;12;1392
1;2025-12-26;13;1402
1;2025-12-26;14;1336
1;2025-12-26;15;1516
1;2025-12-26;16;1621
1;2025-12-26;17;1606
1;2025-12-26;18;1456
1;2025-12-26;19;1142
1;2025-12-26;20;793
1;2025-12-26;21;466
1;2025-12-26;22;241
1;2025-12-26;23;65
1;2025-12-27;0;14
1;2025-12-27;1;6
1;2025-12-27;2;24
1;2025-12-27;3;39
1;2025-12-27;4;10
1;2025-12-27;5;44
1;2025-12-27;6;175
1;2025-12-27;7;342
1;2025-12-27;8;469
1;2025-12-27;9;703
1;2025-12-27;10;789
1;2025-12-27;11;857
1;2025-12-27;12;976
1;2025-12-27;13;989
1;2025-12-27;14;918
1;2025-12-27;15;846
1;2025-12-27;16;782
1;2025-12-27;17;669
1;2025-12-27;18;592
1;2025-12-27;19;536
1;2025-12-27;20;404
1;2025-12-27;21;298
1;2025-12-27;22;154
1;2025-12-27;23;51
1;2025-12-28;0;14
1;2025-12-28;1;7
1;2025-12-28;2;23
1;2025-12-28;3;33
1;2025-12-28;4;9
1;2025-12-28;5;34
1;2025-12-28;6;128
1;2025-12-28;7;248
1;2025-12-28;8;349
1;2025-12-28;9;557
1;2025-12-28;10;645
1;2025-12-28;11;725
1;2025-12-28;12;883
1;2025-12-28;13;911
1;2025-12-28;14;847
1;2025-12-28;15;788
1;2025-12-28;16;722
1;2025-12-28;17;612
1;2025-12-28;18;537
1;2025-12-28;19;463
1;2025-12-28;20;355
1;2025-12-28;21;268
1;2025-12-28;22;137
1;2025-12-28;23;43
1;2025-12-29;0;10
1;2025-12-29;1;4
1;2025-12-29;2;11
1;2025-12-29;3;17
1;2025-12-29;4;8
1;2025-12-29;5;124
1;2025-12-29;6;511
1;2025-12-29;7;1405
1;2025-12-29;8;1789
1;2025-12-29;9;1442
1;2025-12-29;10;1241
1;2025-12-29;11;1237
1;2025-12-29;12;1307
1;2025-12-29;13;1309
1;2025-12-29;14;1226
1;2025-12-29;15;1374
1;2025-12-29;16;1431
1;2025-12-29;17;1574
1;2025-12-29;18;1683
1;2025-12-29;19;1256
1;2025-12-29;20;796
1;2025-12-29;21;433
1;2025-12-29;22;212
1;2025-12-29;23;49
1;2025-12-30;0;9
1;2025-12-30;1;4
1;2025-12-30;2;12
1;2025-12-30;3;18
1;2025-12-30;4;9
1;2025-12-30;5;127
1;2025-12-30;6;527
1;2025-12-30;7;1464
1;2025-12-30;8;1875
1;2025-12-30;9;1517
1;2025-12-30;10;1332
1;2025-12-30;11;1310
1;2025-12-30;12;1348
1;2025-12-30;13;1351
1;2025-12-30;14;1274
1;2025-12-30;15;1401
1;2025-12-30;16;1450
1;2025-12-30;17;1609
1;2025-12-30;18;1694
1;2025-12-30;19;1286
1;2025-12-30;20;818
1;2025-12-30;21;456
1;2025-12-30;22;224
1;2025-12-30;23;51
1;2025-12-31;0;8
1;2025-12-31;1;5
1;2025-12-31;2;12
1;2025-12-31;3;14
1;2025-12-31;4;6
1;2025-12-31;5;34
1;2025-12-31;6;103
1;2025-12-31;7;146
1;2025-12-31;8;179
1;2025-12-31;9;231
1;2025-12-31;10;260
1;2025-12-31;11;296
1;2025-12-31;12;392
1;2025-12-31;13;433
1;2025-12-31;14;433
1;2025-12-31;15;442
1;2025-12-31;16;414
1;2025-12-31;17;394
1;2025-12-31;18;373
1;2025-12-31;19;344
1;2025-12-31;20;252
1;2025-12-31;21;201
1;2025-12-31;22;126
1;2025-12-31;23;34
5;2025-11-01;0;0
5;2025-11-01;1;0
5;2025-11-01;2;0
5;2025-11-01;3;0
5;2025-11-01;4;0
5;2025-11-01;5;0
5;2025-11-01;6;0
5;2025-11-01;7;0
5;2025-11-01;8;0
5;2025-11-01;9;0
5;2025-11-01;10;0
5;2025-11-01;11;0
5;2025-11-01;12;0
5;2025-11-01;13;0
5;2025-11-01;14;0
5;2025-11-01;15;0
5;2025-11-01;16;0
5;2025-11-01;17;0
5;2025-11-01;18;0
5;2025-11-01;19;0
5;2025-11-01;20;0
5;2025-11-01;21;0
5;2025-11-01;22;0
5;2025-11-01;23;0
5;2025-11-02;0;0
5;2025-11-02;1;0
5;2025-11-02;2;0
5;2025-11-02;3;0
5;2025-11-02;4;0
5;2025-11-02;5;0
5;2025-11-02;6;0
5;2025-11-02;7;0
5;2025-11-02;8;0
5;2025-11-02;9;0
5;2025-11-02;10;0
5;2025-11-02;11;0
5;2025-11-02;12;0
5;2025-11-02;13;0
5;2025-11-02;14;0
5;2025-11-02;15;0
5;2025-11-02;16;0
5;2025-11-02;17;0
5;2025-11-02;18;0
5;2025-11-02;19;0
5;2025-11-02;20;0
5;2025-11-02;21;0
5;2025-11-02;22;0
5;2025-11-02;23;0
5;2025-11-03;0;0
5;2025-11-03;1;0
5;2025-11-03;2;0
5;2025-11-03;3;0
5;2025-11-03;4;0
5;2025-11-03;5;0
5;2025-11-03;6;0
5;2025-11-03;7;0
5;2025-11-03;8;0
5;2025-11-03;9;0
5;2025-11-03;10;0
5;2025-11-03;11;0
5;2025-11-03;12;0
5;2025-11-03;13;0
5;2025-11-03;14;0
5;2025-11-03;15;0
5;2025-11-03;16;0
5;2025-11-03;17;0
5;2025-11-03;18;0
5;2025-11-03;19;0
5;2025-11-03;20;0
5;2025-11-03;21;0
5;2025-11-03;22;0
5;2025-11-03;23;0
5;2025-11-04;0;0
5;2025-11-04;1;0
5;2025-11-04;2;0
5;2025-11-04;3;0
5;2025-11-04;4;0
5;2025-11-04;5;0
5;2025-11-04;6;0
5;2025-11-04;7;0
5;2025-11-04;8;0
5;2025-11-04;9;0
5;2025-11-04;10;0
5;2025-11-04;11;0
5;2025-11-04;12;0
5;2025-11-04;13;0
5;2025-11-04;14;0
5;2025-11-04;15;0
5;2025-11-04;16;0
5;2025-11-04;17;0
5;2025-11-04;18;0
5;2025-11-04;19;0
5;2025-11-04;20;0
5;2025-11-04;21;0
5;2025-11-04;22;0
5;2025-11-04;23;0
5;2025-11-05;0;0
5;2025-11-05;1;0
5;2025-11-05;2;0
5;2025-11-05;3;0
5;2025-11-05;4;0
5;2025-11-05;5;0
5;2025-11-05;6;0
5;2025-11-05;7;0
5;2025-11-05;8;0
5;2025-11-05;9;0
5;2025-11-05;10;0
5;2025-11-05;11;0
5;2025-11-05;12;0
5;2025-11-05;13;0
5;2025-11-05;14;0
5;2025-11-05;15;0
5;2025-11-05;16;0
5;2025-11-05;17;0
5;2025-11-05;18;0
5;2025-11-05;19;0
5;2025-11-05;20;0
5;2025-11-05;21;0
5;2025-11-05;22;0
5;2025-11-05;23;0
5;2025-11-06;0;0
5;2025-11-06;1;0
5;2025-11-06;2;0
5;2025-11-06;3;0
5;2025-11-06;4;0
5;2025-11-06;5;0
5;2025-11-06;6;0
5;2025-11-06;7;0
5;2025-11-06;8;0
5;2025-11-06;9;0
5;2025-11-06;10;0
5;2025-11-06;11;0
5;2025-11-06;12;0
5;2025-11-06;13;0
5;2025-11-06;14;0
5;2025-11-06;15;0
5;2025-11-06;16;0
5;2025-11-06;17;0
5;2025-11-06;18;0
5;2025-11-06;19;0
5;2025-11-06;20;0
5;2025-11-06;21;0
5;2025-11-06;22;0
5;2025-11-06;23;0
5;2025-11-07;0;0
5;2025-11-07;1;0
5;2025-11-07;2;0
5;2025-11-07;3;0
5;2025-11-07;4;0
5;2025-11-07;5;0
5;2025-11-07;6;0
5;2025-11-07;7;0
5;2025-11-07;8;0
5;2025-11-07;9;0
5;2025-11-07;10;0
5;2025-11-07;11;0
5;2025-11-07;12;0
5;2025-11-07;13;0
5;2025-11-07;14;0
5;2025-11-07;15;0
5;2025-11-07;16;0
5;2025-11-07;17;0
5;2025-11-07;18;0
5;2025-11-07;19;0
5;2025-11-07;20;0
5;2025-11-07;21;0
5;2025-11-07;22;0
5;2025-11-07;23;0
5;2025-11-08;0;0
5;2025-11-08;1;0
5;2025-11-08;2;0
5;2025-11-08;3;0
5;2025-11-08;4;0
5;2025-11-08;5;0
5;2025-11-08;6;0
5;2025-11-08;7;0
5;2025-11-08;8;0
5;2025-11-08;9;0
5;2025-11-08;10;0
5;2025-11-08;11;0
5;2025-11-08;12;0
5;2025-11-08;13;0
5;2025-11-08;14;0
5;2025-11-08;15;0
5;2025-11-08;16;0
5;2025-11-08;17;0
5;2025-11-08;18;0
5;2025-11-08;19;0
5;2025-11-08;20;0
5;2025-11-08;21;0
5;2025-11-08;22;0
5;2025-11-08;23;0
5;2025-11-09;0;0
5;2025-11-09;1;0
5;2025-11-09;2;0
5;2025-11-09;3;0
5;2025-11-09;4;0
5;2025-11-09;5;0
5;2025-11-09;6;0
5;2025-11-09;7;0
5;2025-11-09;8;0
5;2025-11-09;9;0
5;2025-11-09;10;0
5;2025-11-09;11;0
5;2025-11-09;12;0
5;2025-11-09;13;0
5;2025-11-09;14;0
5;2025-11-09;15;0
5;2025-11-09;16;0
5;2025-11-09;17;0
5;2025-11-09;18;0
5;2025-11-09;19;0
5;2025-11-09;20;0
5;2025-11-09;21;0
5;2025-11-09;22;0
5;2025-11-09;23;0
5;2025-11-10;0;0
5;2025-11-10;1;0
5;2025-11-10;2;0
5;2025-11-10;3;0
5;2025-11-10;4;0
5;2025-11-10;5;0
5;2025-11-10;6;0
5;2025-11-10;7;0
5;2025-11-10;8;0
5;2025-11-10;9;0
5;2025-11-10;10;0
5;2025-11-10;11;0
5;2025-11-10;12;0
5;2025-11-10;13;0
5;2025-11-10;14;0
5;2025-11-10;15;0
5;2025-11-10;16;0
5;2025-11-10;17;0
5;2025-11-10;18;0
5;2025-11-10;19;0
5;2025-11-10;20;0
5;2025-11-10;21;0
5;2025-11-10;22;0
5;2025-11-10;23;0
5;2025-11-11;0;0
5;2025-11-11;1;0
5;2025-11-11;2;0
5;2025-11-11;3;0
5;2025-11-11;4;0
5;2025-11-11;5;0
5;2025-11-11;6;0
5;2025-11-11;7;0
5;2025-11-11;8;0
5;2025-11-11;9;0
5;2025-11-11;10;0
5;2025-11-11;11;0
5;2025-11-11;12;0
5;2025-11-11;13;0
5;2025-11-11;14;0
5;2025-11-11;15;0
5;2025-11-11;16;0
5;2025-11-11;17;0
5;2025-11-11;18;0
5;2025-11-11;19;0
5;2025-11-11;20;0
5;2025-11-11;21;0
5;2025-11-11;22;0
5;2025-11-11;23;0
5;2025-11-12;0;0
5;2025-11-12;1;0
5;2025-11-12;2;0
5;2025-11-12;3;0
5;2025-11-12;4;0
5;2025-11-12;5;0
5;2025-11-12;6;0
5;2025-11-12;7;0
5;2025-11-12;8;0
5;2025-11-12;9;0
5;2025-11-12;10;0
5;2025-11-12;11;0
5;2025-11-12;12;0
5;2025-11-12;13;0
5;2025-11-12;14;0
5;2025-11-12;15;0
5;2025-11-12;16;0
5;2025-11-12;17;0
5;2025-11-12;18;0
5;2025-11-12;19;0
5;2025-11-12;20;0
5;2025-11-12;21;0
5;2025-11-12;22;0
5;2025-11-12;23;0
5;2025-11-13;0;0
5;2025-11-13;1;0
5;2025-11-13;2;0
5;2025-11-13;3;0
5;2025-11-13;4;0
5;2025-11-13;5;0
5;2025-11-13;6;0
5;2025-11-13;7;0
5;2025-11-13;8;0
5;2025-11-13;9;0
5;2025-11-13;10;0
5;2025-11-13;11;0
5;2025-11-13;12;0
5;2025-11-13;13;0
5;2025-11-13;14;0
5;2025-11-13;15;0
5;2025-11-13;16;0
5;2025-11-13;17;0
5;2025-11-13;18;0
5;2025-11-13;19;0
5;2025-11-13;20;0
5;2025-11-13;21;0
5;2025-11-13;22;0
5;2025-11-13;23;0
5;2025-11-14;0;0
5;2025-11-14;1;0
5;2025-11-14;2;0
5;2025-11-14;3;0
5;2025-11-14;4;0
5;2025-11-14;5;0
5;2025-11-14;6;0
5;2025-11-14;7;0
5;2025-11-14;8;0
5;2025-11-14;9;0
5;2025-11-14;10;0
5;2025-11-14;11;0
5;2025-11-14;12;0
5;2025-11-14;13;0
5;2025-11-14;14;0
5;2025-11-14;15;0
5;2025-11-14;16;0
5;2025-11-14;17;0
5;2025-11-14;18;0
5;2025-11-14;19;0
5;2025-11-14;20;0
5;2025-11-14;21;0
5;2025-11-14;22;0
5;2025-11-14;23;0
5;2025-11-15;0;0
5;2025-11-15;1;0
5;2025-11-15;2;0
5;2025-11-15;3;0
5;2025-11-15;4;0
5;2025-11-15;5;0
5;2025-11-15;6;0
5;2025-11-15;7;0
5;2025-11-15;8;0
5;2025-11-15;9;0
5;2025-11-15;10;0
5;2025-11-15;11;0
5;2025-11-15;12;0
5;2025-11-15;13;0
5;2025-11-15;14;0
5;2025-11-15;15;0
5;2025-11-15;16;0
5;2025-11-15;17;0
5;2025-11-15;18;0
5;2025-11-15;19;0
5;2025-11-15;20;0
5;2025-11-15;21;0
5;2025-11-15;22;0
5;2025-11-15;23;0
5;2025-11-16;0;0
5;2025-11-16;1;0
5;2025-11-16;2;0
5;2025-11-16;3;0
5;2025-11-16;4;0
5;2025-11-16;5;0
5;2025-11-16;6;0
5;2025-11-16;7;0
5;2025-11-16;8;0
5;2025-11-16;9;0
5;2025-11-16;10;0
5;2025-11-16;11;0
5;2025-11-16;12;0
5;2025-11-16;13;0
5;2025-11-16;14;0
5;2025-11-16;15;0
5;2025-11-16;16;0
5;2025-11-16;17;0
5;2025-11-16;18;0
5;2025-11-16;19;0
5;2025-11-16;20;0
5;2025-11-16;21;0
5;2025-11-16;22;0
5;2025-11-16;23;0
5;2025-11-17;0;0
5;2025-11-17;1;0
5;2025-11-17;2;0
5;2025-11-17;3;0
5;2025-11-17;4;0
5;2025-11-17;5;0
5;2025-11-17;6;0
5;2025-11-17;7;0
5;2025-11-17;8;0
5;2025-11-17;9;0
5;2025-11-17;10;0
5;2025-11-17;11;0
5;2025-11-17;12;0
5;2025-11-17;13;0
5;2025-11-17;14;0
5;2025-11-17;15;0
5;2025-11-17;16;0
5;2025-11-17;17;0
5;2025-11-17;18;0
5;2025-11-17;19;0
5;2025-11-17;20;0
5;2025-11-17;21;0
5;2025-11-17;22;0
5;2025-11-17;23;0
5;2025-11-18;0;0
5;2025-11-18;1;0
5;2025-11-18;2;0
5;2025-11-18;3;0
5;2025-11-18;4;0
5;2025-11-18;5;0
5;2025-11-18;6;0
5;2025-11-18;7;0
5;2025-11-18;8;0
5;2025-11-18;9;0
5;2025-11-18;10;0
5;2025-11-18;11;0
5;2025-11-18;12;0
5;2025-11-18;13;0
5;2025-11-18;14;0
5;2025-11-18;15;0
5;2025-11-18;16;0
5;2025-11-18;17;0
5;2025-11-18;18;0
5;2025-11-18;19;0
5;2025-11-18;20;0
5;2025-11-18;21;0
5;2025-11-18;22;0
5;2025-11-18;23;0
5;2025-11-19;0;0
5;2025-11-19;1;0
5;2025-11-19;2;0
5;2025-11-19;3;0
5;2025-11-19;4;0
5;2025-11-19;5;0
5;2025-11-19;6;0
5;2025-11-19;7;0
5;2025-11-19;8;0
5;2025-11-19;9;0
5;2025-11-19;10;0
5;2025-11-19;11;0
5;2025-11-19;12;0
5;2025-11-19;13;0
5;2025-11-19;14;0
5;2025-11-19;15;0
5;2025-11-19;16;0
5;2025-11-19;17;0
5;2025-11-19;18;0
5;2025-11-19;19;0
5;2025-11-19;20;0
5;2025-11-19;21;0
5;2025-11-19;22;0
5;2025-11-19;23;0
5;2025-11-20;0;0
5;2025-11-20;1;0
5;2025-11-20;2;0
5;2025-11-20;3;0
5;2025-11-20;4;0
5;2025-11-20;5;0
5;2025-11-20;6;0
5;2025-11-20;7;0
5;2025-11-20;8;0
5;2025-11-20;9;0
5;2025-11-20;10;0
5;2025-11-20;11;0
5;2025-11-20;12;0
5;2025-11-20;13;0
5;2025-11-20;14;0
5;2025-11-20;15;0
5;2025-11-20;16;0
5;2025-11-20;17;0
5;2025-11-20;18;0
5;2025-11-20;19;0
5;2025-11-20;20;0
5;2025-11-20;21;0
5;2025-11-20;22;0
5;2025-11-20;23;0
5;2025-11-21;0;0
5;2025-11-21;1;0
5;2025-11-21;2;0
5;2025-11-21;3;0
5;2025-11-21;4;0
5;2025-11-21;5;0
5;2025-11-21;6;0
5;2025-11-21;7;0
5;2025-11-21;8;0
5;2025-11-21;9;0
5;2025-11-21;10;0
5;2025-11-21;11;0
5;2025-11-21;12;0
5;2025-11-21;13;0
5;2025-11-21;14;0
5;2025-11-21;15;0
5;2025-11-21;16;0
5;2025-11-21;17;0
5;2025-11-21;18;0
5;2025-11-21;19;0
5;2025-11-21;20;0
5;2025-11-21;21;0
5;2025-11-21;22;0
5;2025-11-21;23;0
5;2025-11-22;0;0
5;2025-11-22;1;0
5;2025-11-22;2;0
5;2025-11-22;3;0
5;2025-11-22;4;0
5;2025-11-22;5;0
5;2025-11-22;6;0
5;2025-11-22;7;0
5;2025-11-22;8;0
5;2025-11-22;9;0
5;2025-11-22;10;0
5;2025-11-22;11;0
5;2025-11-22;12;0
5;2025-11-22;13;0
5;2025-11-22;14;0
5;2025-11-22;15;0
5;2025-11-22;16;0
5;2025-11-22;17;0
5;2025-11-22;18;0
5;2025-11-22;19;0
5;2025-11-22;20;0
5;2025-11-22;21;0
5;2025-11-22;22;0
5;2025-11-22;23;0
5;2025-11-23;0;0
5;2025-11-23;1;0
5;2025-11-23;2;0
5;2025-11-23;3;0
5;2025-11-23;4;0
5;2025-11-23;5;0
5;2025-11-23;6;0
5;2025-11-23;7;0
5;2025-11-23;8;0
5;2025-11-23;9;0
5;2025-11-23;10;0
5;2025-11-23;11;0
5;2025-11-23;12;0
5;2025-11-23;13;0
5;2025-11-23;14;0
5;2025-11-23;15;0
5;2025-11-23;16;0
5;2025-11-23;17;0
5;2025-11-23;18;0
5;2025-11-23;19;0
5;2025-11-23;20;0
5;2025-11-23;21;0
5;2025-11-23;22;0
5;2025-11-23;23;0
5;2025-11-24;0;0
5;2025-11-24;1;0
5;2025-11-24;2;0
5;2025-11-24;3;0
5;2025-11-24;4;0
5;2025-11-24;5;0
5;2025-11-24;6;0
5;2025-11-24;7;0
5;2025-11-24;8;0
5;2025-11-24;9;0
5;2025-11-24;10;0
5;2025-11-24;11;0
5;2025-11-24;12;0
5;2025-11-24;13;0
5;2025-11-24;14;0
5;2025-11-24;15;0
5;2025-11-24;16;0
5;2025-11-24;17;0
5;2025-11-24;18;0
5;2025-11-24;19;0
5;2025-11-24;20;0
5;2025-11-24;21;0
5;2025-11-24;22;0
5;2025-11-24;23;0
5;2025-11-25;0;0
5;2025-11-25;1;0
5;2025-11-25;2;0
5;2025-11-25;3;0
5;2025-11-25;4;0
5;2025-11-25;5;0
5;2025-11-25;6;0
5;2025-11-25;7;0
5;2025-11-25;8;0
5;2025-11-25;9;0
5;2025-11-25;10;0
5;2025-11-25;11;0
5;2025-11-25;12;0
5;2025-11-25;13;0
5;2025-11-25;14;0
5;2025-11-25;15;0
5;2025-11-25;16;0
5;2025-11-25;17;0
5;2025-11-25;18;0
5;2025-11-25;19;0
5;2025-11-25;20;0
5;2025-11-25;21;0
5;2025-11-25;22;0
5;2025-11-25;23;0
5;2025-11-26;0;0
5;2025-11-26;1;0
5;2025-11-26;2;0
5;2025-11-26;3;0
5;2025-11-26;4;0
5;2025-11-26;5;0
5;2025-11-26;6;0
5;2025-11-26;7;0
5;2025-11-26;8;0
5;2025-11-26;9;0
5;2025-11-26;10;0
5;2025-11-26;11;0
5;2025-11-26;12;0
5;2025-11-26;13;0
5;2025-11-26;14;0
5;2025-11-26;15;0
5;2025-11-26;16;0
5;2025-11-26;17;0
5;2025-11-26;18;0
5;2025-11-26;19;0
5;2025-11-26;20;0
5;2025-11-26;21;0
5;2025-11-26;22;0
5;2025-11-26;23;0
5;2025-11-27;0;0
5;2025-11-27;1;0
5;2025-11-27;2;0
5;2025-11-27;3;0
5;2025-11-27;4;0
5;2025-11-27;5;0
5;2025-11-27;6;0
5;2025-11-27;7;0
5;2025-11-27;8;0
5;2025-11-27;9;0
5;2025-11-27;10;0
5;2025-11-27;11;0
5;2025-11-27;12;0
5;2025-11-27;13;0
5;2025-11-27;14;0
5;2025-11-27;15;0
5;2025-11-27;16;0
5;2025-11-27;17;0
5;2025-11-27;18;0
5;2025-11-27;19;0
5;2025-11-27;20;0
5;2025-11-27;21;0
5;2025-11-27;22;0
5;2025-11-27;23;0
5;2025-11-28;0;0
5;2025-11-28;1;0
5;2025-11-28;2;0
5;2025-11-28;3;0
5;2025-11-28;4;0
5;2025-11-28;5;0
5;2025-11-28;6;0
5;2025-11-28;7;0
5;2025-11-28;8;0
5;2025-11-28;9;0
5;2025-11-28;10;0
5;2025-11-28;11;0
5;2025-11-28;12;0
5;2025-11-28;13;0
5;2025-11-28;14;0
5;2025-11-28;15;0
5;2025-11-28;16;0
5;2025-11-28;17;0
5;2025-11-28;18;0
5;2025-11-28;19;0
5;2025-11-28;20;0
5;2025-11-28;21;0
5;2025-11-28;22;0
5;2025-11-28;23;0
5;2025-11-29;0;0
5;2025-11-29;1;0
5;2025-11-29;2;0
5;2025-11-29;3;0
5;2025-11-29;4;0
5;2025-11-29;5;0
5;2025-11-29;6;0
5;2025-11-29;7;0
5;2025-11-29;8;0
5;2025-11-29;9;0
5;2025-11-29;10;0
5;2025-11-29;11;0
5;2025-11-29;12;0
5;2025-11-29;13;0
5;2025-11-29;14;0
5;2025-11-29;15;0
5;2025-11-29;16;0
5;2025-11-29;17;0
5;2025-11-29;18;0
5;2025-11-29;19;0
5;2025-11-29;20;0
5;2025-11-29;21;0
5;2025-11-29;22;0
5;2025-11-29;23;0
5;2025-11-30;0;0
5;2025-11-30;1;0
5;2025-11-30;2;0
5;2025-11-30;3;0
5;2025-11-30;4;0
5;2025-11-30;5;0
5;2025-11-30;6;0
5;2025-11-30;7;0
5;2025-11-30;8;0
5;2025-11-30;9;0
5;2025-11-30;10;0
5;2025-11-30;11;0
5;2025-11-30;12;0
5;2025-11-30;13;0
5;2025-11-30;14;0
5;2025-11-30;15;0
5;2025-11-30;16;0
5;2025-11-30;17;0
5;2025-11-30;18;0
5;2025-11-30;19;0
5;2025-11-30;20;0
5;2025-11-30;21;0
5;2025-11-30;22;0
5;2025-11-30;23;0
5;2025-12-01;0;0
5;2025-12-01;1;0
5;2025-12-01;2;0
5;2025-12-01;3;0
5;2025-12-01;4;0
5;2025-12-01;5;0
5;2025-12-01;6;0
5;2025-12-01;7;0
5;2025-12-01;8;0
5;2025-12-01;9;0
5;2025-12-01;10;0
5;2025-12-01;11;0
5;2025-12-01;12;0
5;2025-12-01;13;0
5;2025-12-01;14;0
5;2025-12-01;15;0
5;2025-12-01;16;0
5;2025-12-01;17;0
5;2025-12-01;18;0
5;2025-12-01;19;0
5;2025-12-01;20;0
5;2025-12-01;21;0
5;2025-12-01;22;0
5;2025-12-01;23;0
5;2025-12-02;0;0
5;2025-12-02;1;0
5;2025-12-02;2;0
5;2025-12-02;3;0
5;2025-12-02;4;0
5;2025-12-02;5;0
5;2025-12-02;6;0
5;2025-12-02;7;0
5;2025-12-02;8;0
5;2025-12-02;9;0
5;2025-12-02;10;0
5;2025-12-02;11;0
5;2025-12-02;12;0
5;2025-12-02;13;0
5;2025-12-02;14;0
5;2025-12-02;15;0
5;2025-12-02;16;0
5;2025-12-02;17;0
5;2025-12-02;18;0
5;2025-12-02;19;0
5;2025-12-02;20;0
5;2025-12-02;21;0
5;2025-12-02;22;0
5;2025-12-02;23;0
5;2025-12-03;0;0
5;2025-12-03;1;0
5;2025-12-03;2;0
5;2025-12-03;3;0
5;2025-12-03;4;0
5;2025-12-03;5;0
5;2025-12-03;6;0
5;2025-12-03;7;0
5;2025-12-03;8;0
5;2025-12-03;9;0
5;2025-12-03;10;0
5;2025-12-03;11;0
5;2025-12-03;12;0
5;2025-12-03;13;0
5;2025-12-03;14;0
5;2025-12-03;15;0
5;2025-12-03;16;0
5;2025-12-03;17;0
5;2025-12-03;18;0
5;2025-12-03;19;0
5;2025-12-03;20;0
5;2025-12-03;21;0
5;2025-12-03;22;0
5;2025-12-03;23;0
5;2025-12-04;0;0
5;2025-12-04;1;0
5;2025-12-04;2;0
5;2025-12-04;3;0
5;2025-12-04;4;0
5;2025-12-04;5;0
5;2025-12-04;6;0
5;2025-12-04;7;0
5;2025-12-04;8;0
5;2025-12-04;9;0
5;2025-12-04;10;0
5;2025-12-04;11;0
5;2025-12-04;12;0
5;2025-12-04;13;0
5;2025-12-04;14;0
5;2025-12-04;15;0
5;2025-12-04;16;0
5;2025-12-04;17;0
5;2025-12-04;18;0
5;2025-12-04;19;0
5;2025-12-04;20;0
5;2025-12-04;21;0
5;2025-12-04;22;0
5;2025-12-04;23;0
5;2025-12-05;0;0
5;2025-12-05;1;0
5;2025-12-05;2;0
5;2025-12-05;3;0
5;2025-12-05;4;0
5;2025-12-05;5;0
5;2025-12-05;6;0
5;2025-12-05;7;0
5;2025-12-05;8;0
5;2025-12-05;9;0
5;2025-12-05;10;0
5;2025-12-05;11;0
5;2025-12-05;12;0
5;2025-12-05;13;0
5;2025-12-05;14;0
5;2025-12-05;15;0
5;2025-12-05;16;0
5;2025-12-05;17;0
5;2025-12-05;18;0
5;2025-12-05;19;0
5;2025-12-05;20;0
5;2025-12-05;21;0
5;2025-12-05;22;0
5;2025-12-05;23;0
5;2025-12-06;0;0
5;2025-12-06;1;0
5;2025-12-06;2;0
5;2025-12-06;3;0
5;2025-12-06;4;0
5;2025-12-06;5;0
5;2025-12-06;6;0
5;2025-12-06;7;0
5;2025-12-06;8;0
5;2025-12-06;9;0
5;2025-12-06;10;0
5;2025-12-06;11;0
5;2025-12-06;12;0
5;2025-12-06;13;0
5;2025-12-06;14;0
5;2025-12-06;15;0
5;2025-12-06;16;0
5;2025-12-06;17;0
5;2025-12-06;18;0
5;2025-12-06;19;0
5;2025-12-06;20;0
5;2025-12-06;21;0
5;2025-12-06;22;0
5;2025-12-06;23;0
5;2025-12-07;0;0
5;2025-12-07;1;0
5;2025-12-07;2;0
5;2025-12-07;3;0
5;2025-12-07;4;0
5;2025-12-07;5;0
5;2025-12-07;6;0
5;2025-12-07;7;0
5;2025-12-07;8;0
5;2025-12-07;9;0
5;2025-12-07;10;0
5;2025-12-07;11;0
5;2025-12-07;12;0
5;2025-12-07;13;0
5;2025-12-07;14;0
5;2025-12-07;15;0
5;2025-12-07;16;0
5;2025-12-07;17;0
5;2025-12-07;18;0
5;2025-12-07;19;0
5;2025-12-07;20;0
5;2025-12-07;21;0
5;2025-12-07;22;0
5;2025-12-07;23;0
5;2025-12-08;0;0
5;2025-12-08;1;0
5;2025-12-08;2;0
5;2025-12-08;3;0
5;2025-12-08;4;0
5;2025-12-08;5;0
5;2025-12-08;6;0
5;2025-12-08;7;0
5;2025-12-08;8;0
5;2025-12-08;9;0
5;2025-12-08;10;0
5;2025-12-08;11;0
5;2025-12-08;12;0
5;2025-12-08;13;0
5;2025-12-08;14;0
5;2025-12-08;15;0
5;2025-12-08;16;0
5;2025-12-08;17;0
5;2025-12-08;18;0
5;2025-12-08;19;0
5;2025-12-08;20;0
5;2025-12-08;21;0
5;2025-12-08;22;0
5;2025-12-08;23;0
5;2025-12-09;0;0
5;2025-12-09;1;0
5;2025-12-09;2;0
5;2025-12-09;3;0
5;2025-12-09;4;0
5;2025-12-09;5;0
5;2025-12-09;6;0
5;2025-12-09;7;0
5;2025-12-09;8;0
5;2025-12-09;9;0
5;2025-12-09;10;0
5;2025-12-09;11;0
5;2025-12-09;12;0
5;2025-12-09;13;0
5;2025-12-09;14;0
5;2025-12-09;15;0
5;2025-12-09;16;0
5;2025-12-09;17;0
5;2025-12-09;18;0
5;2025-12-09;19;0
5;2025-12-09;20;0
5;2025-12-09;21;0
5;2025-12-09;22;0
5;2025-12-09;23;0
5;2025-12-10;0;0
5;2025-12-10;1;0
5;2025-12-10;2;0
5;2025-12-10;3;0
5;2025-12-10;4;0
5;2025-12-10;5;0
5;2025-12-10;6;0
5;2025-12-10;7;0
5;2025-12-10;8;0
5;2025-12-10;9;0
5;2025-12-10;10;0
5;2025-12-10;11;0
5;2025-12-10;12;0
5;2025-12-10;13;0
5;2025-12-10;14;0
5;2025-12-10;15;0
5;2025-12-10;16;0
5;2025-12-10;17;0
5;2025-12-10;18;0
5;2025-12-10;19;0
5;2025-12-10;20;0
5;2025-12-10;21;0
5;2025-12-10;22;0
5;2025-12-10;23;0
5;2025-12-11;0;0
5;2025-12-11;1;0
5;2025-12-11;2;0
5;2025-12-11;3;0
5;2025-12-11;4;0
5;2025-12-11;5;0
5;2025-12-11;6;0
5;2025-12-11;7;0
5;2025-12-11;8;0
5;2025-12-11;9;0
5;2025-12-11;10;0
5;2025-12-11;11;0
5;2025-12-11;12;0
5;2025-12-11;13;0
5;2025-12-11;14;0
5;2025-12-11;15;0
5;2025-12-11;16;0
5;2025-12-11;17;0
5;2025-12-11;18;0
5;2025-12-11;19;0
5;2025-12-11;20;0
5;2025-12-11;21;0
5;2025-12-11;22;0
5;2025-12-11;23;0
5;2025-12-12;0;0
5;2025-12-12;1;0
5;2025-12-12;2;0
5;2025-12-12;3;0
5;2025-12-12;4;0
5;2025-12-12;5;0
5;2025-12-12;6;0
5;2025-12-12;7;0
5;2025-12-12;8;0
5;2025-12-12;9;0
5;2025-12-12;10;0
5;2025-12-12;11;0
5;2025-12-12;12;0
5;2025-12-12;13;0
5;2025-12-12;14;0
5;2025-12-12;15;0
5;2025-12-12;16;0
5;2025-12-12;17;0
5;2025-12-12;18;0
5;2025-12-12;19;0
5;2025-12-12;20;0
5;2025-12-12;21;0
5;2025-12-12;22;0
5;2025-12-12;23;0
5;2025-12-13;0;0
5;2025-12-13;1;0
5;2025-12-13;2;0
5;2025-12-13;3;0
5;2025-12-13;4;0
5;2025-12-13;5;0
5;2025-12-13;6;0
5;2025-12-13;7;0
5;2025-12-13;8;0
5;2025-12-13;9;0
5;2025-12-13;10;0
5;2025-12-13;11;0
5;2025-12-13;12;0
5;2025-12-13;13;0
5;2025-12-13;14;0
5;2025-12-13;15;0
5;2025-12-13;16;0
5;2025-12-13;17;0
5;2025-12-13;18;0
5;2025-12-13;19;0
5;2025-12-13;20;0
5;2025-12-13;21;0
5;2025-12-13;22;0
5;2025-12-13;23;0
5;2025-12-14;0;0
5;2025-12-14;1;0
5;2025-12-14;2;0
5;2025-12-14;3;0
5;2025-12-14;4;0
5;2025-12-14;5;0
5;2025-12-14;6;0
5;2025-12-14;7;0
5;2025-12-14;8;0
5;2025-12-14;9;0
5;2025-12-14;10;0
5;2025-12-14;11;0
5;2025-12-14;12;0
5;2025-12-14;13;0
5;2025-12-14;14;0
5;2025-12-14;15;0
5;2025-12-14;16;0
5;2025-12-14;17;0
5;2025-12-14;18;0
5;2025-12-14;19;0
5;2025-12-14;20;0
5;2025-12-14;21;0
5;2025-12-14;22;0
5;2025-12-14;23;0
5;2025-12-15;0;0
5;2025-12-15;1;0
5;2025-12-15;2;0
5;2025-12-15;3;0
5;2025-12-15;4;0
5;2025-12-15;5;0
5;2025-12-15;6;0
5;2025-12-15;7;0
5;2025-12-15;8;0
5;2025-12-15;9;0
5;2025-12-15;10;0
5;2025-12-15;11;0
5;2025-12-15;12;0
5;2025-12-15;13;0
5;2025-12-15;14;0
5;2025-12-15;15;0
5;2025-12-15;16;0
5;2025-12-15;17;0
5;2025-12-15;18;0
5;2025-12-15;19;0
5;2025-12-15;20;0
5;2025-12-15;21;0
5;2025-12-15;22;0
5;2025-12-15;23;0
5;2025-12-16;0;0
5;2025-12-16;1;0
5;2025-12-16;2;0
5;2025-12-16;3;0
5;2025-12-16;4;0
5;2025-12-16;5;0
5;2025-12-16;6;0
5;2025-12-16;7;0
5;2025-12-16;8;0
5;2025-12-16;9;0
5;2025-12-16;10;0
5;2025-12-16;11;0
5;2025-12-16;12;0
5;2025-12-16;13;0
5;2025-12-16;14;0
5;2025-12-16;15;0
5;2025-12-16;16;0
5;2025-12-16;17;0
5;2025-12-16;18;0
5;2025-12-16;19;0
5;2025-12-16;20;0
5;2025-12-16;21;0
5;2025-12-16;22;0
5;2025-12-16;23;0
5;2025-12-17;0;0
5;2025-12-17;1;0
5;2025-12-17;2;0
5;2025-12-17;3;0
5;2025-12-17;4;0
5;2025-12-17;5;0
5;2025-12-17;6;0
5;2025-12-17;7;0
5;2025-12-17;8;0
5;2025-12-17;9;0
5;2025-12-17;10;0
5;2025-12-17;11;0
5;2025-12-17;12;0
5;2025-12-17;13;0
5;2025-12-17;14;0
5;2025-12-17;15;0
5;2025-12-17;16;0
5;2025-12-17;17;0
5;2025-12-17;18;0
5;2025-12-17;19;0
5;2025-12-17;20;0
5;2025-12-17;21;0
5;2025-12-17;22;0
5;2025-12-17;23;0
5;2025-12-18;0;0
5;2025-12-18;1;0
5;2025-12-18;2;0
5;2025-12-18;3;0
5;2025-12-18;4;0
5;2025-12-18;5;0
5;2025-12-18;6;0
5;2025-12-18;7;0
5;2025-12-18;8;0
5;2025-12-18;9;0
5;2025-12-18;10;0
5;2025-12-18;11;0
5;2025-12-18;12;0
5;2025-12-18;13;0
5;2025-12-18;14;0
5;2025-12-18;15;0
5;2025-12-18;16;0
5;2025-12-18;17;0
5;2025-12-18;18;0
5;2025-12-18;19;0
5;2025-12-18;20;0
5;2025-12-18;21;0
5;2025-12-18;22;0
5;2025-12-18;23;0
5;2025-12-19;0;0
5;2025-12-19;1;0
5;2025-12-19;2;0
5;2025-12-19;3;0
5;2025-12-19;4;0
5;2025-12-19;5;0
5;2025-12-19;6;0
5;2025-12-19;7;0
5;2025-12-19;8;0
5;2025-12-19;9;0
5;2025-12-19;10;0
5;2025-12-19;11;0
5;2025-12-19;12;0
5;2025-12-19;13;0
5;2025-12-19;14;0
5;2025-12-19;15;0
5;2025-12-19;16;0
5;2025-12-19;17;0
5;2025-12-19;18;0
5;2025-12-19;19;0
5;2025-12-19;20;0
5;2025-12-19;21;0
5;2025-12-19;22;0
5;2025-12-19;23;0
5;2025-12-20;0;0
5;2025-12-20;1;0
5;2025-12-20;2;0
5;2025-12-20;3;0
5;2025-12-20;4;0
5;2025-12-20;5;0
5;2025-12-20;6;0
5;2025-12-20;7;0
5;2025-12-20;8;0
5;2025-12-20;9;0
5;2025-12-20;10;0
5;2025-12-20;11;0
5;2025-12-20;12;0
5;2025-12-20;13;0
5;2025-12-20;14;0
5;2025-12-20;15;0
5;2025-12-20;16;0
5;2025-12-20;17;0
5;2025-12-20;18;0
5;2025-12-20;19;0
5;2025-12-20;20;0
5;2025-12-20;21;0
5;2025-12-20;22;0
5;2025-12-20;23;0
5;2025-12-21;0;0
5;2025-12-21;1;0
5;2025-12-21;2;0
5;2025-12-21;3;0
5;2025-12-21;4;0
5;2025-12-21;5;0
5;2025-12-21;6;0
5;2025-12-21;7;0
5;2025-12-21;8;0
5;2025-12-21;9;0
5;2025-12-21;10;0
5;2025-12-21;11;0
5;2025-12-21;12;0
5;2025-12-21;13;0
5;2025-12-21;14;0
5;2025-12-21;15;0
5;2025-12-21;16;0
5;2025-12-21;17;0
5;2025-12-21;18;0
5;2025-12-21;19;0
5;2025-12-21;20;0
5;2025-12-21;21;0
5;2025-12-21;22;0
5;2025-12-21;23;0
5;2025-12-22;0;0
5;2025-12-22;1;0
5;2025-12-22;2;0
5;2025-12-22;3;0
5;2025-12-22;4;0
5;2025-12-22;5;0
5;2025-12-22;6;0
5;2025-12-22;7;0
5;2025-12-22;8;0
5;2025-12-22;9;0
5;2025-12-22;10;0
5;2025-12-22;11;0
5;2025-12-22;12;0
5;2025-12-22;13;0
5;2025-12-22;14;0
5;2025-12-22;15;0
5;2025-12-22;16;0
5;2025-12-22;17;0
5;2025-12-22;18;0
5;2025-12-22;19;0
5;2025-12-22;20;0
5;2025-12-22;21;0
5;2025-12-22;22;0
5;2025-12-22;23;0
5;2025-12-23;0;0
5;2025-12-23;1;0
5;2025-12-23;2;0
5;2025-12-23;3;0
5;2025-12-23;4;0
5;2025-12-23;5;0
5;2025-12-23;6;0
5;2025-12-23;7;0
5;2025-12-23;8;0
5;2025-12-23;9;0
5;2025-12-23;10;0
5;2025-12-23;11;0
5;2025-12-23;12;0
5;2025-12-23;13;0
5;2025-12-23;14;0
5;2025-12-23;15;0
5;2025-12-23;16;0
5;2025-12-23;17;0
5;2025-12-23;18;0
5;2025-12-23;19;0
5;2025-12-23;20;0
5;2025-12-23;21;0
5;2025-12-23;22;0
5;2025-12-23;23;0
5;2025-12-24;0;0
5;2025-12-24;1;0
5;2025-12-24;2;0
5;2025-12-24;3;0
5;2025-12-24;4;0
5;2025-12-24;5;0
5;2025-12-24;6;0
5;2025-12-24;7;0
5;2025-12-24;8;0
5;2025-12-24;9;0
5;2025-12-24;10;0
5;2025-12-24;11;0
5;2025-12-24;12;0
5;2025-12-24;13;0
5;2025-12-24;14;0
5;2025-12-24;15;0
5;2025-12-24;16;0
5;2025-12-24;17;0
5;2025-12-24;18;0
5;2025-12-24;19;0
5;2025-12-24;20;0
5;2025-12-24;21;0
5;2025-12-24;22;0
5;2025-12-24;23;0
5;2025-12-25;0;0
5;2025-12-25;1;0
5;2025-12-25;2;0
5;2025-12-25;3;0
5;2025-12-25;4;0
5;2025-12-25;5;0
5;2025-12-25;6;0
5;2025-12-25;7;0
5;2025-12-25;8;0
5;2025-12-25;9;0
5;2025-12-25;10;0
5;2025-12-25;11;0
5;2025-12-25;12;0
5;2025-12-25;13;0
5;2025-12-25;14;0
5;2025-12-25;15;0
5;2025-12-25;16;0
5;2025-12-25;17;0
5;2025-12-25;18;0
5;2025-12-25;19;0
5;2025-12-25;20;0
5;2025-12-25;21;0
5;2025-12-25;22;0
5;2025-12-25;23;0
5;2025-12-26;0;0
5;2025-12-26;1;0
5;2025-12-26;2;0
5;2025-12-26;3;0
5;2025-12-26;4;0
5;2025-12-26;5;0
5;2025-12-26;6;0
5;2025-12-26;7;0
5;2025-12-26;8;0
5;2025-12-26;9;0
5;2025-12-26;10;0
5;2025-12-26;11;0
5;2025-12-26;12;0
5;2025-12-26;13;0
5;2025-12-26;14;0
5;2025-12-26;15;0
5;2025-12-26;16;0
5;2025-12-26;17;0
5;2025-12-26;18;0
5;2025-12-26;19;0
5;2025-12-26;20;0
5;2025-12-26;21;0
5;2025-12-26;22;0
5;2025-12-26;23;0
5;2025-12-27;0;0
5;2025-12-27;1;0
5;2025-12-27;2;0
5;2025-12-27;3;0
5;2025-12-27;4;0
5;2025-12-27;5;0
5;2025-12-27;6;0
5;2025-12-27;7;0
5;2025-12-27;8;0
5;2025-12-27;9;0
5;2025-12-27;10;0
5;2025-12-27;11;0
5;2025-12-27;12;0
5;2025-12-27;13;0
5;2025-12-27;14;0
5;2025-12-27;15;0
5;2025-12-27;16;0
5;2025-12-27;17;0
5;2025-12-27;18;0
5;2025-12-27;19;0
5;2025-12-27;20;0
5;2025-12-27;21;0
5;2025-12-27;22;0
5;2025-12-27;23;0
5;2025-12-28;0;0
5;2025-12-28;1;0
5;2025-12-28;2;0
5;2025-12-28;3;0
5;2025-12-28;4;0
5;2025-12-28;5;0
5;2025-12-28;6;0
5;2025-12-28;7;0
5;2025-12-28;8;0
5;2025-12-28;9;0
5;2025-12-28;10;0
5;2025-12-28;11;0
5;2025-12-28;12;0
5;2025-12-28;13;0
5;2025-12-28;14;0
5;2025-12-28;15;0
5;2025-12-28;16;0
5;2025-12-28;17;0
5;2025-12-28;18;0
5;2025-12-28;19;0
5;2025-12-28;20;0
5;2025-12-28;21;0
5;2025-12-28;22;0
5;2025-12-28;23;0
5;2025-12-29;0;0
5;2025-12-29;1;0
5;2025-12-29;2;0
5;2025-12-29;3;0
5;2025-12-29;4;0
5;2025-12-29;5;0
5;2025-12-29;6;0
5;2025-12-29;7;0
5;2025-12-29;8;0
5;2025-12-29;9;0
5;2025-12-29;10;0
5;2025-12-29;11;0
5;2025-12-29;12;0
5;2025-12-29;13;0
5;2025-12-29;14;0
5;2025-12-29;15;0
5;2025-12-29;16;0
5;2025-12-29;17;0
5;2025-12-29;18;0
5;2025-12-29;19;0
5;2025-12-29;20;0
5;2025-12-29;21;0
5;2025-12-29;22;0
5;2025-12-29;23;0
5;2025-12-30;0;0
5;2025-12-30;1;0
5;2025-12-30;2;0
5;2025-12-30;3;0
5;2025-12-30;4;0
5;2025-12-30;5;0
5;2025-12-30;6;0
5;2025-12-30;7;0
5;2025-12-30;8;0
5;2025-12-30;9;0
5;2025-12-30;10;0
5;2025-12-30;11;0
5;2025-12-30;12;0
5;2025-12-30;13;0
5;2025-12-30;14;0
5;2025-12-30;15;0
5;2025-12-30;16;0
5;2025-12-30;17;0
5;2025-12-30;18;0
5;2025-12-30;19;0
5;2025-12-30;20;0
5;2025-12-30;21;0
5;2025-12-30;22;0
5;2025-12-30;23;0
5;2025-12-31;0;0
5;2025-12-31;1;0
5;2025-12-31;2;0
5;2025-12-31;3;0
5;2025-12-31;4;0
5;2025-12-31;5;0
5;2025-12-31;6;0
5;2025-12-31;7;0
5;2025-12-31;8;0
5;2025-12-31;9;0
5;2025-12-31;10;0
5;2025-12-31;11;0
5;2025-12-31;12;0
5;2025-12-31;13;0
5;2025-12-31;14;0
5;2025-12-31;15;0
5;2025-12-31;16;0
5;2025-12-31;17;0
5;2025-12-31;18;0
5;2025-12-31;19;0
5;2025-12-31;20;0
5;2025-12-31;21;0
5;2025-12-31;22;0
5;2025-12-31;23;0
7;2025-11-01;0;97
7;2025-11-01;1;20
7;2025-11-01;2;19
7;2025-11-01;3;49
7;2025-11-01;4;11
7;2025-11-01;5;78
7;2025-11-01;6;331
7;2025-11-01;7;528
7;2025-11-01;8;805
7;2025-11-01;9;941
7;2025-11-01;10;1017
7;2025-11-01;11;1188
7;2025-11-01;12;1314
7;2025-11-01;13;1390
7;2025-11-01;14;1433
7;2025-11-01;15;1369
7;2025-11-01;16;1329
7;2025-11-01;17;1196
7;2025-11-01;18;1125
7;2025-11-01;19;1043
7;2025-11-01;20;791
7;2025-11-01;21;585
7;2025-11-01;22;334
7;2025-11-01;23;206
7;2025-11-02;0;95
7;2025-11-02;1;21
7;2025-11-02;2;16
7;2025-11-02;3;41
7;2025-11-02;4;9
7;2025-11-02;5;56
7;2025-11-02;6;226
7;2025-11-02;7;359
7;2025-11-02;8;574
7;2025-11-02;9;732
7;2025-11-02;10;809
7;2025-11-02;11;979
7;2025-11-02;12;1175
7;2025-11-02;13;1257
7;2025-11-02;14;1313
7;2025-11-02;15;1267
7;2025-11-02;16;1212
7;2025-11-02;17;1095
7;2025-11-02;18;1011
7;2025-11-02;19;871
7;2025-11-02;20;681
7;2025-11-02;21;515
7;2025-11-02;22;297
7;2025-11-02;23;170
7;2025-11-03;0;73
7;2025-11-03;1;18
7;2025-11-03;2;15
7;2025-11-03;3;38
7;2025-11-03;4;11
7;2025-11-03;5;116
7;2025-11-03;6;360
7;2025-11-03;7;545
7;2025-11-03;8;748
7;2025-11-03;9;809
7;2025-11-03;10;819
7;2025-11-03;11;882
7;2025-11-03;12;1068
7;2025-11-03;13;1109
7;2025-11-03;14;1136
7;2025-11-03;15;1181
7;2025-11-03;16;1153
7;2025-11-03;17;1159
7;2025-11-03;18;1197
7;2025-11-03;19;969
7;2025-11-03;20;658
7;2025-11-03;21;466
7;2025-11-03;22;279
7;2025-11-03;23;153
7;2025-11-04;0;76
7;2025-11-04;1;23
7;2025-11-04;2;15
7;2025-11-04;3;37
7;2025-11-04;4;10
7;2025-11-04;5;100
7;2025-11-04;6;292
7;2025-11-04;7;437
7;2025-11-04;8;587
7;2025-11-04;9;696
7;2025-11-04;10;730
7;2025-11-04;11;823
7;2025-11-04;12;998
7;2025-11-04;13;1056
7;2025-11-04;14;1082
7;2025-11-04;15;1111
7;2025-11-04;16;1066
7;2025-11-04;17;1037
7;2025-11-04;18;1030
7;2025-11-04;19;895
7;2025-11-04;20;669
7;2025-11-04;21;501
7;2025-11-04;22;305
7;2025-11-04;23;172
7;2025-11-05;0;59
7;2025-11-05;1;12
7;2025-11-05;2;8
7;2025-11-05;3;22
7;2025-11-05;4;7
7;2025-11-05;5;197
7;2025-11-05;6;725
7;2025-11-05;7;1706
7;2025-11-05;8;2498
7;2025-11-05;9;1933
7;2025-11-05;10;1603
7;2025-11-05;11;1494
7;2025-11-05;12;1514
7;2025-11-05;13;1547
7;2025-11-05;14;1594
7;2025-11-05;15;1737
7;2025-11-05;16;1843
7;2025-11-05;17;2245
7;2025-11-05;18;2507
7;2025-11-05;19;1761
7;2025-11-05;20;1091
7;2025-11-05;21;664
7;2025-11-05;22;346
7;2025-11-05;23;183
7;2025-11-06;0;62
7;2025-11-06;1;12
7;2025-11-06;2;7
7;2025-11-06;3;21
7;2025-11-06;4;7
7;2025-11-06;5;198
7;2025-11-06;6;730
7;2025-11-06;7;1734
7;2025-11-06;8;2517
7;2025-11-06;9;1947
7;2025-11-06;10;1620
7;2025-11-06;11;1512
7;2025-11-06;12;1551
7;2025-11-06;13;1574
7;2025-11-06;14;1628
7;2025-11-06;15;1769
7;2025-11-06;16;1912
7;2025-11-06;17;2247
7;2025-11-06;18;2533
7;2025-11-06;19;1762
7;2025-11-06;20;1100
7;2025-11-06;21;670
7;2025-11-06;22;349
7;2025-11-06;23;190
7;2025-11-07;0;68
7;2025-11-07;1;13
7;2025-11-07;2;7
7;2025-11-07;3;21
7;2025-11-07;4;7
7;2025-11-07;5;197
7;2025-11-07;6;715
7;2025-11-07;7;1682
7;2025-11-07;8;2413
7;2025-11-07;9;1873
7;2025-11-07;10;1587
7;2025-11-07;11;1529
7;2025-11-07;12;1553
7;2025-11-07;13;1586
7;2025-11-07;14;1658
7;2025-11-07;15;1861
7;2025-11-07;16;2031
7;2025-11-07;17;2150
7;2025-11-07;18;2031
7;2025-11-07;19;1570
7;2025-11-07;20;1049
7;2025-11-07;21;659
7;2025-11-07;22;361
7;2025-11-07;23;210
7;2025-11-08;0;97
7;2025-11-08;1;20
7;2025-11-08;2;19
7;2025-11-08;3;49
7;2025-11-08;4;11
7;2025-11-08;5;78
7;2025-11-08;6;331
7;2025-11-08;7;528
7;2025-11-08;8;805
7;2025-11-08;9;941
7;2025-11-08;10;1017
7;2025-11-08;11;1188
7;2025-11-08;12;1314
7;2025-11-08;13;1390
7;2025-11-08;14;1433
7;2025-11-08;15;1369
7;2025-11-08;16;1329
7;2025-11-08;17;1196
7;2025-11-08;18;1125
7;2025-11-08;19;1043
7;2025-11-08;20;791
7;2025-11-08;21;585
7;2025-11-08;22;334
7;2025-11-08;23;206
7;2025-11-09;0;95
7;2025-11-09;1;21
7;2025-11-09;2;16
7;2025-11-09;3;41
7;2025-11-09;4;9
7;2025-11-09;5;56
7;2025-11-09;6;226
7;2025-11-09;7;359
7;2025-11-09;8;574
7;2025-11-09;9;732
7;2025-11-09;10;809
7;2025-11-09;11;979
7;2025-11-09;12;1175
7;2025-11-09;13;1257
7;2025-11-09;14;1313
7;2025-11-09;15;1267
7;2025-11-09;16;1212
7;2025-11-09;17;1095
7;2025-11-09;18;1011
7;2025-11-09;19;871
7;2025-11-09;20;681
7;2025-11-09;21;515
7;2025-11-09;22;297
7;2025-11-09;23;170
7;2025-11-10;0;62
7;2025-11-10;1;12
7;2025-11-10;2;7
7;2025-11-10;3;20
7;2025-11-10;4;7
7;2025-11-10;5;191
7;2025-11-10;6;705
7;2025-11-10;7;1662
7;2025-11-10;8;2412
7;2025-11-10;9;1842
7;2025-11-10;10;1490
7;2025-11-10;11;1388
7;2025-11-10;12;1429
7;2025-11-10;13;1448
7;2025-11-10;14;1485
7;2025-11-10;15;1645
7;2025-11-10;16;1775
7;2025-11-10;17;2137
7;2025-11-10;18;2442
7;2025-11-10;19;1682
7;2025-11-10;20;1034
7;2025-11-10;21;595
7;2025-11-10;22;301
7;2025-11-10;23;159
7;2025-11-11;0;56
7;2025-11-11;1;12
7;2025-11-11;2;7
7;2025-11-11;3;21
7;2025-11-11;4;7
7;2025-11-11;5;195
7;2025-11-11;6;725
7;2025-11-11;7;1731
7;2025-11-11;8;2509
7;2025-11-11;9;1931
7;2025-11-11;10;1592
7;2025-11-11;11;1470
7;2025-11-11;12;1465
7;2025-11-11;13;1486
7;2025-11-11;14;1536
7;2025-11-11;15;1678
7;2025-11-11;16;1801
7;2025-11-11;17;2206
7;2025-11-11;18;2481
7;2025-11-11;19;1736
7;2025-11-11;20;1072
7;2025-11-11;21;633
7;2025-11-11;22;323
7;2025-11-11;23;168
7;2025-11-12;0;59
7;2025-11-12;1;12
7;2025-11-12;2;8
7;2025-11-12;3;22
7;2025-11-12;4;7
7;2025-11-12;5;197
7;2025-11-12;6;725
7;2025-11-12;7;1706
7;2025-11-12;8;2498
7;2025-11-12;9;1933
7;2025-11-12;10;1603
7;2025-11-12;11;1494
7;2025-11-12;12;1514
7;2025-11-12;13;1547
7;2025-11-12;14;1594
7;2025-11-12;15;1737
7;2025-11-12;16;1843
7;2025-11-12;17;2245
7;2025-11-12;18;2507
7;2025-11-12;19;1761
7;2025-11-12;20;1091
7;2025-11-12;21;664
7;2025-11-12;22;346
7;2025-11-12;23;183
7;2025-11-13;0;62
7;2025-11-13;1;12
7;2025-11-13;2;7
7;2025-11-13;3;21
7;2025-11-13;4;7
7;2025-11-13;5;198
7;2025-11-13;6;730
7;2025-11-13;7;1734
7;2025-11-13;8;2517
7;2025-11-13;9;1947
7;2025-11-13;10;1620
7;2025-11-13;11;1512
7;2025-11-13;12;1551
7;2025-11-13;13;1574
7;2025-11-13;14;1628
7;2025-11-13;15;1769
7;2025-11-13;16;1912
7;2025-11-13;17;2247
7;2025-11-13;18;2533
7;2025-11-13;19;1762
7;2025-11-13;20;1100
7;2025-11-13;21;670
7;2025-11-13;22;349
7;2025-11-13;23;190
7;2025-11-14;0;68
7;2025-11-14;1;13
7;2025-11-14;2;7
7;2025-11-14;3;21
7;2025-11-14;4;7
7;2025-11-14;5;197
7;2025-11-14;6;715
7;2025-11-14;7;1682
7;2025-11-14;8;2413
7;2025-11-14;9;1873
7;2025-11-14;10;1587
7;2025-11-14;11;1529
7;2025-11-14;12;1553
7;2025-11-14;13;1586
7;2025-11-14;14;1658
7;2025-11-14;15;1861
7;2025-11-14;16;2031
7;2025-11-14;17;2150
7;2025-11-14;18;2031
7;2025-11-14;19;1570
7;2025-11-14;20;1049
7;2025-11-14;21;659
7;2025-11-14;22;361
7;2025-11-14;23;210
7;2025-11-15;0;97
7;2025-11-15;1;20
7;2025-11-15;2;19
7;2025-11-15;3;49
7;2025-11-15;4;11
7;2025-11-15;5;78
7;2025-11-15;6;331
7;2025-11-15;7;528
7;2025-11-15;8;805
7;2025-11-15;9;941
7;2025-11-15;10;1017
7;2025-11-15;11;1188
7;2025-11-15;12;1314
7;2025-11-15;13;1390
7;2025-11-15;14;1433
7;2025-11-15;15;1369
7;2025-11-15;16;1329
7;2025-11-15;17;1196
7;2025-11-15;18;1125
7;2025-11-15;19;1043
7;2025-11-15;20;791
7;2025-11-15;21;585
7;2025-11-15;22;334
7;2025-11-15;23;206
7;2025-11-16;0;95
7;2025-11-16;1;21
7;2025-11-16;2;16
7;2025-11-16;3;41
7;2025-11-16;4;9
7;2025-11-16;5;56
7;2025-11-16;6;226
7;2025-11-16;7;359
7;2025-11-16;8;574
7;2025-11-16;9;732
7;2025-11-16;10;809
7;2025-11-16;11;979
7;2025-11-16;12;1175
7;2025-11-16;13;1257
7;2025-11-16;14;1313
7;2025-11-16;15;1267
7;2025-11-16;16;1212
7;2025-11-16;17;1095
7;2025-11-16;18;1011
7;2025-11-16;19;871
7;2025-11-16;20;681
7;2025-11-16;21;515
7;2025-11-16;22;297
7;2025-11-16;23;170
7;2025-11-17;0;62
7;2025-11-17;1;12
7;2025-11-17;2;7
7;2025-11-17;3;20
7;2025-11-17;4;7
7;2025-11-17;5;191
7;2025-11-17;6;705
7;2025-11-17;7;1662
7;2025-11-17;8;2412
7;2025-11-17;9;1842
7;2025-11-17;10;1490
7;2025-11-17;11;1388
7;2025-11-17;12;1429
7;2025-11-17;13;1448
7;2025-11-17;14;1485
7;2025-11-17;15;1645
7;2025-11-17;16;1775
7;2025-11-17;17;2137
7;2025-11-17;18;2442
7;2025-11-17;19;1682
7;2025-11-17;20;1034
7;2025-11-17;21;595
7;2025-11-17;22;301
7;2025-11-17;23;159
7;2025-11-18;0;56
7;2025-11-18;1;12
7;2025-11-18;2;7
7;2025-11-18;3;21
7;2025-11-18;4;7
7;2025-11-18;5;195
7;2025-11-18;6;725
7;2025-11-18;7;1731
7;2025-11-18;8;2509
7;2025-11-18;9;1931
7;2025-11-18;10;1592
7;2025-11-18;11;1470
7;2025-11-18;12;1465
7;2025-11-18;13;1486
7;2025-11-18;14;1536
7;2025-11-18;15;1678
7;2025-11-18;16;1801
7;2025-11-18;17;2206
7;2025-11-18;18;2481
7;2025-11-18;19;1736
7;2025-11-18;20;1072
7;2025-11-18;21;633
7;2025-11-18;22;323
7;2025-11-18;23;168
7;2025-11-19;0;59
7;2025-11-19;1;12
7;2025-11-19;2;8
7;2025-11-19;3;22
7;2025-11-19;4;7
7;2025-11-19;5;197
7;2025-11-19;6;725
7;2025-11-19;7;1706
7;2025-11-19;8;2498
7;2025-11-19;9;1933
7;2025-11-19;10;1603
7;2025-11-19;11;1494
7;2025-11-19;12;1514
7;2025-11-19;13;1547
7;2025-11-19;14;1594
7;2025-11-19;15;1737
7;2025-11-19;16;1843
7;2025-11-19;17;2245
7;2025-11-19;18;2507
7;2025-11-19;19;1761
7;2025-11-19;20;1091
7;2025-11-19;21;664
7;2025-11-19;22;346
7;2025-11-19;23;183
7;2025-11-20;0;62
7;2025-11-20;1;12
7;2025-11-20;2;7
7;2025-11-20;3;21
7;2025-11-20;4;7
7;2025-11-20;5;198
7;2025-11-20;6;730
7;2025-11-20;7;1734
7;2025-11-20;8;2517
7;2025-11-20;9;1947
7;2025-11-20;10;1620
7;2025-11-20;11;1512
7;2025-11-20;12;1551
7;2025-11-20;13;1574
7;2025-11-20;14;1628
7;2025-11-20;15;1769
7;2025-11-20;16;1912
7;2025-11-20;17;2247
7;2025-11-20;18;2533
7;2025-11-20;19;1762
7;2025-11-20;20;1100
7;2025-11-20;21;670
7;2025-11-20;22;349
7;2025-11-20;23;190
7;2025-11-21;0;68
7;2025-11-21;1;13
7;2025-11-21;2;7
7;2025-11-21;3;21
7;2025-11-21;4;7
7;2025-11-21;5;197
7;2025-11-21;6;715
7;2025-11-21;7;1682
7;2025-11-21;8;2413
7;2025-11-21;9;1873
7;2025-11-21;10;1587
7;2025-11-21;11;1529
7;2025-11-21;12;1553
7;2025-11-21;13;1586
7;2025-11-21;14;1658
7;2025-11-21;15;1861
7;2025-11-21;16;2031
7;2025-11-21;17;2150
7;2025-11-21;18;2031
7;2025-11-21;19;1570
7;2025-11-21;20;1049
7;2025-11-21;21;659
7;2025-11-21;22;361
7;2025-11-21;23;210
7;2025-11-22;0;97
7;2025-11-22;1;20
7;2025-11-22;2;19
7;2025-11-22;3;49
7;2025-11-22;4;11
7;2025-11-22;5;78
7;2025-11-22;6;331
7;2025-11-22;7;528
7;2025-11-22;8;805
7;2025-11-22;9;941
7;2025-11-22;10;1017
7;2025-11-22;11;1188
7;2025-11-22;12;1314
7;2025-11-22;13;1390
7;2025-11-22;14;1433
7;2025-11-22;15;1369
7;2025-11-22;16;1329
7;2025-11-22;17;1196
7;2025-11-22;18;1125
7;2025-11-22;19;1043
7;2025-11-22;20;791
7;2025-11-22;21;585
7;2025-11-22;22;334
7;2025-11-22;23;206
7;2025-11-23;0;95
7;2025-11-23;1;21
7;2025-11-23;2;16
7;2025-11-23;3;41
7;2025-11-23;4;9
7;2025-11-23;5;56
7;2025-11-23;6;226
7;2025-11-23;7;359
7;2025-11-23;8;574
7;2025-11-23;9;732
7;2025-11-23;10;809
7;2025-11-23;11;979
7;2025-11-23;12;1175
7;2025-11-23;13;1257
7;2025-11-23;14;1313
7;2025-11-23;15;1267
7;2025-11-23;16;1212
7;2025-11-23;17;1095
7;2025-11-23;18;1011
7;2025-11-23;19;871
7;2025-11-23;20;681
7;2025-11-23;21;515
7;2025-11-23;22;297
7;2025-11-23;23;170
7;2025-11-24;0;62
7;2025-11-24;1;12
7;2025-11-24;2;7
7;2025-11-24;3;20
7;2025-11-24;4;7
7;2025-11-24;5;191
7;2025-11-24;6;705
7;2025-11-24;7;1662
7;2025-11-24;8;2412
7;2025-11-24;9;1842
7;2025-11-24;10;1490
7;2025-11-24;11;1388
7;2025-11-24;12;1429
7;2025-11-24;13;1448
7;2025-11-24;14;1485
7;2025-11-24;15;1645
7;2025-11-24;16;1775
7;2025-11-24;17;2137
7;2025-11-24;18;2442
7;2025-11-24;19;1682
7;2025-11-24;20;1034
7;2025-11-24;21;595
7;2025-11-24;22;301
7;2025-11-24;23;159
7;2025-11-25;0;56
7;2025-11-25;1;12
7;2025-11-25;2;7
7;2025-11-25;3;21
7;2025-11-25;4;7
7;2025-11-25;5;195
7;2025-11-25;6;725
7;2025-11-25;7;1731
7;2025-11-25;8;2509
7;2025-11-25;9;1931
7;2025-11-25;10;1592
7;2025-11-25;11;1470
7;2025-11-25;12;1465
7;2025-11-25;13;1486
7;2025-11-25;14;1536
7;2025-11-25;15;1678
7;2025-11-25;16;1801
7;2025-11-25;17;2206
7;2025-11-25;18;2481
7;2025-11-25;19;1736
7;2025-11-25;20;1072
7;2025-11-25;21;633
7;2025-11-25;22;323
7;2025-11-25;23;168
7;2025-11-26;0;59
7;2025-11-26;1;12
7;2025-11-26;2;8
7;2025-11-26;3;22
7;2025-11-26;4;7
7;2025-11-26;5;197
7;2025-11-26;6;725
7;2025-11-26;7;1706
7;2025-11-26;8;2498
7;2025-11-26;9;1933
7;2025-11-26;10;1603
7;2025-11-26;11;1494
7;2025-11-26;12;1514
7;2025-11-26;13;1547
7;2025-11-26;14;1594
7;2025-11-26;15;1737
7;2025-11-26;16;1843
7;2025-11-26;17;2245
7;2025-11-26;18;2507
7;2025-11-26;19;1761
7;2025-11-26;20;1091
7;2025-11-26;21;664
7;2025-11-26;22;346
7;2025-11-26;23;183
7;2025-11-27;0;62
7;2025-11-27;1;12
7;2025-11-27;2;7
7;2025-11-27;3;21
7;2025-11-27;4;7
7;2025-11-27;5;198
7;2025-11-27;6;730
7;2025-11-27;7;1734
7;2025-11-27;8;2517
7;2025-11-27;9;1947
7;2025-11-27;10;1620
7;2025-11-27;11;1512
7;2025-11-27;12;1551
7;2025-11-27;13;1574
7;2025-11-27;14;1628
7;2025-11-27;15;1769
7;2025-11-27;16;1912
7;2025-11-27;17;2247
7;2025-11-27;18;2533
7;2025-11-27;19;1762
7;2025-11-27;20;1100
7;2025-11-27;21;670
7;2025-11-27;22;349
7;2025-11-27;23;190
7;2025-11-28;0;68
7;2025-11-28;1;13
7;2025-11-28;2;7
7;2025-11-28;3;21
7;2025-11-28;4;7
7;2025-11-28;5;197
7;2025-11-28;6;715
7;2025-11-28;7;1682
7;2025-11-28;8;2413
7;2025-11-28;9;1873
7;2025-11-28;10;1587
7;2025-11-28;11;1529
7;2025-11-28;12;1553
7;2025-11-28;13;1586
7;2025-11-28;14;1658
7;2025-11-28;15;1861
7;2025-11-28;16;2031
7;2025-11-28;17;2150
7;2025-11-28;18;2031
7;2025-11-28;19;1570
7;2025-11-28;20;1049
7;2025-11-28;21;659
7;2025-11-28;22;361
7;2025-11-28;23;210
7;2025-11-29;0;97
7;2025-11-29;1;20
7;2025-11-29;2;19
7;2025-11-29;3;49
7;2025-11-29;4;11
7;2025-11-29;5;78
7;2025-11-29;6;331
7;2025-11-29;7;528
7;2025-11-29;8;805
7;2025-11-29;9;941
7;2025-11-29;10;1017
7;2025-11-29;11;1188
7;2025-11-29;12;1314
7;2025-11-29;13;1390
7;2025-11-29;14;1433
7;2025-11-29;15;1369
7;2025-11-29;16;1329
7;2025-11-29;17;1196
7;2025-11-29;18;1125
7;2025-11-29;19;1043
7;2025-11-29;20;791
7;2025-11-29;21;585
7;2025-11-29;22;334
7;2025-11-29;23;206
7;2025-11-30;0;95
7;2025-11-30;1;21
7;2025-11-30;2;16
7;2025-11-30;3;41
7;2025-11-30;4;9
7;2025-11-30;5;56
7;2025-11-30;6;226
7;2025-11-30;7;359
7;2025-11-30;8;574
7;2025-11-30;9;732
7;2025-11-30;10;809
7;2025-11-30;11;979
7;2025-11-30;12;1175
7;2025-11-30;13;1257
7;2025-11-30;14;1313
7;2025-11-30;15;1267
7;2025-11-30;16;1212
7;2025-11-30;17;1095
7;2025-11-30;18;1011
7;2025-11-30;19;871
7;2025-11-30;20;681
7;2025-11-30;21;515
7;2025-11-30;22;297
7;2025-11-30;23;170
7;2025-12-01;0;61
7;2025-12-01;1;11
7;2025-12-01;2;7
7;2025-12-01;3;20
7;2025-12-01;4;7
7;2025-12-01;5;190
7;2025-12-01;6;709
7;2025-12-01;7;1663
7;2025-12-01;8;2410
7;2025-12-01;9;1838
7;2025-12-01;10;1467
7;2025-12-01;11;1369
7;2025-12-01;12;1405
7;2025-12-01;13;1428
7;2025-12-01;14;1465
7;2025-12-01;15;1635
7;2025-12-01;16;1776
7;2025-12-01;17;2162
7;2025-12-01;18;2447
7;2025-12-01;19;1674
7;2025-12-01;20;1017
7;2025-12-01;21;577
7;2025-12-01;22;288
7;2025-12-01;23;157
7;2025-12-02;0;55
7;2025-12-02;1;11
7;2025-12-02;2;7
7;2025-12-02;3;21
7;2025-12-02;4;7
7;2025-12-02;5;193
7;2025-12-02;6;726
7;2025-12-02;7;1719
7;2025-12-02;8;2506
7;2025-12-02;9;1908
7;2025-12-02;10;1551
7;2025-12-02;11;1435
7;2025-12-02;12;1438
7;2025-12-02;13;1465
7;2025-12-02;14;1515
7;2025-12-02;15;1662
7;2025-12-02;16;1795
7;2025-12-02;17;2209
7;2025-12-02;18;2454
7;2025-12-02;19;1711
7;2025-12-02;20;1042
7;2025-12-02;21;611
7;2025-12-02;22;306
7;2025-12-02;23;164
7;2025-12-03;0;58
7;2025-12-03;1;12
7;2025-12-03;2;7
7;2025-12-03;3;21
7;2025-12-03;4;7
7;2025-12-03;5;196
7;2025-12-03;6;727
7;2025-12-03;7;1704
7;2025-12-03;8;2502
7;2025-12-03;9;1914
7;2025-12-03;10;1567
7;2025-12-03;11;1465
7;2025-12-03;12;1486
7;2025-12-03;13;1521
7;2025-12-03;14;1571
7;2025-12-03;15;1716
7;2025-12-03;16;1840
7;2025-12-03;17;2261
7;2025-12-03;18;2510
7;2025-12-03;19;1737
7;2025-12-03;20;1069
7;2025-12-03;21;633
7;2025-12-03;22;321
7;2025-12-03;23;176
7;2025-12-04;0;60
7;2025-12-04;1;12
7;2025-12-04;2;7
7;2025-12-04;3;21
7;2025-12-04;4;7
7;2025-12-04;5;197
7;2025-12-04;6;735
7;2025-12-04;7;1729
7;2025-12-04;8;2518
7;2025-12-04;9;1941
7;2025-12-04;10;1587
7;2025-12-04;11;1481
7;2025-12-04;12;1524
7;2025-12-04;13;1555
7;2025-12-04;14;1610
7;2025-12-04;15;1754
7;2025-12-04;16;1913
7;2025-12-04;17;2260
7;2025-12-04;18;2535
7;2025-12-04;19;1741
7;2025-12-04;20;1066
7;2025-12-04;21;640
7;2025-12-04;22;326
7;2025-12-04;23;183
7;2025-12-05;0;67
7;2025-12-05;1;12
7;2025-12-05;2;7
7;2025-12-05;3;21
7;2025-12-05;4;7
7;2025-12-05;5;197
7;2025-12-05;6;726
7;2025-12-05;7;1700
7;2025-12-05;8;2452
7;2025-12-05;9;1894
7;2025-12-05;10;1572
7;2025-12-05;11;1513
7;2025-12-05;12;1538
7;2025-12-05;13;1579
7;2025-12-05;14;1648
7;2025-12-05;15;1855
7;2025-12-05;16;2069
7;2025-12-05;17;2210
7;2025-12-05;18;2059
7;2025-12-05;19;1574
7;2025-12-05;20;1040
7;2025-12-05;21;643
7;2025-12-05;22;340
7;2025-12-05;23;204
7;2025-12-06;0;94
7;2025-12-06;1;20
7;2025-12-06;2;19
7;2025-12-06;3;48
7;2025-12-06;4;10
7;2025-12-06;5;70
7;2025-12-06;6;309
7;2025-12-06;7;495
7;2025-12-06;8;766
7;2025-12-06;9;924
7;2025-12-06;10;991
7;2025-12-06;11;1171
7;2025-12-06;12;1298
7;2025-12-06;13;1358
7;2025-12-06;14;1403
7;2025-12-06;15;1332
7;2025-12-06;16;1293
7;2025-12-06;17;1153
7;2025-12-06;18;1076
7;2025-12-06;19;980
7;2025-12-06;20;751
7;2025-12-06;21;556
7;2025-12-06;22;320
7;2025-12-06;23;202
7;2025-12-07;0;89
7;2025-12-07;1;20
7;2025-12-07;2;16
7;2025-12-07;3;39
7;2025-12-07;4;8
7;2025-12-07;5;51
7;2025-12-07;6;213
7;2025-12-07;7;334
7;2025-12-07;8;544
7;2025-12-07;9;703
7;2025-12-07;10;769
7;2025-12-07;11;936
7;2025-12-07;12;1122
7;2025-12-07;13;1195
7;2025-12-07;14;1250
7;2025-12-07;15;1206
7;2025-12-07;16;1158
7;2025-12-07;17;1041
7;2025-12-07;18;949
7;2025-12-07;19;805
7;2025-12-07;20;637
7;2025-12-07;21;482
7;2025-12-07;22;278
7;2025-12-07;23;163
7;2025-12-08;0;61
7;2025-12-08;1;11
7;2025-12-08;2;7
7;2025-12-08;3;20
7;2025-12-08;4;7
7;2025-12-08;5;190
7;2025-12-08;6;709
7;2025-12-08;7;1663
7;2025-12-08;8;2410
7;2025-12-08;9;1838
7;2025-12-08;10;1467
7;2025-12-08;11;1369
7;2025-12-08;12;1405
7;2025-12-08;13;1428
7;2025-12-08;14;1465
7;2025-12-08;15;1635
7;2025-12-08;16;1776
7;2025-12-08;17;2162
7;2025-12-08;18;2447
7;2025-12-08;19;1674
7;2025-12-08;20;1017
7;2025-12-08;21;577
7;2025-12-08;22;288
7;2025-12-08;23;157
7;2025-12-09;0;55
7;2025-12-09;1;11
7;2025-12-09;2;7
7;2025-12-09;3;21
7;2025-12-09;4;7
7;2025-12-09;5;193
7;2025-12-09;6;726
7;2025-12-09;7;1719
7;2025-12-09;8;2506
7;2025-12-09;9;1908
7;2025-12-09;10;1551
7;2025-12-09;11;1435
7;2025-12-09;12;1438
7;2025-12-09;13;1465
7;2025-12-09;14;1515
7;2025-12-09;15;1662
7;2025-12-09;16;1795
7;2025-12-09;17;2209
7;2025-12-09;18;2454
7;2025-12-09;19;1711
7;2025-12-09;20;1042
7;2025-12-09;21;611
7;2025-12-09;22;306
7;2025-12-09;23;164
7;2025-12-10;0;58
7;2025-12-10;1;12
7;2025-12-10;2;7
7;2025-12-10;3;21
7;2025-12-10;4;7
7;2025-12-10;5;196
7;2025-12-10;6;727
7;2025-12-10;7;1704
7;2025-12-10;8;2502
7;2025-12-10;9;1914
7;2025-12-10;10;1567
7;2025-12-10;11;1465
7;2025-12-10;12;1486
7;2025-12-10;13;1521
7;2025-12-10;14;1571
7;2025-12-10;15;1716
7;2025-12-10;16;1840
7;2025-12-10;17;2261
7;2025-12-10;18;2510
7;2025-12-10;19;1737
7;2025-12-10;20;1069
7;2025-12-10;21;633
7;2025-12-10;22;321
7;2025-12-10;23;176
7;2025-12-11;0;60
7;2025-12-11;1;12
7;2025-12-11;2;7
7;2025-12-11;3;21
7;2025-12-11;4;7
7;2025-12-11;5;197
7;2025-12-11;6;735
7;2025-12-11;7;1729
7;2025-12-11;8;2518
7;2025-12-11;9;1941
7;2025-12-11;10;1587
7;2025-12-11;11;1481
7;2025-12-11;12;1524
7;2025-12-11;13;1555
7;2025-12-11;14;1610
7;2025-12-11;15;1754
7;2025-12-11;16;1913
7;2025-12-11;17;2260
7;2025-12-11;18;2535
7;2025-12-11;19;1741
7;2025-12-11;20;1066
7;2025-12-11;21;640
7;2025-12-11;22;326
7;2025-12-11;23;183
7;2025-12-12;0;67
7;2025-12-12;1;12
7;2025-12-12;2;7
7;2025-12-12;3;21
7;2025-12-12;4;7
7;2025-12-12;5;197
7;2025-12-12;6;726
7;2025-12-12;7;1700
7;2025-12-12;8;2452
7;2025-12-12;9;1894
7;2025-12-12;10;1572
7;2025-12-12;11;1513
7;2025-12-12;12;1538
7;2025-12-12;13;1579
7;2025-12-12;14;1648
7;2025-12-12;15;1855
7;2025-12-12;16;2069
7;2025-12-12;17;2210
7;2025-12-12;18;2059
7;2025-12-12;19;1574
7;2025-12-12;20;1040
7;2025-12-12;21;643
7;2025-12-12;22;340
7;2025-12-12;23;204
7;2025-12-13;0;94
7;2025-12-13;1;20
7;2025-12-13;2;19
7;2025-12-13;3;48
7;2025-12-13;4;10
7;2025-12-13;5;70
7;2025-12-13;6;309
7;2025-12-13;7;495
7;2025-12-13;8;766
7;2025-12-13;9;924
7;2025-12-13;10;991
7;2025-12-13;11;1171
7;2025-12-13;12;1298
7;2025-12-13;13;1358
7;2025-12-13;14;1403
7;2025-12-13;15;1332
7;2025-12-13;16;1293
7;2025-12-13;17;1153
7;2025-12-13;18;1076
7;2025-12-13;19;980
7;2025-12-13;20;751
7;2025-12-13;21;556
7;2025-12-13;22;320
7;2025-12-13;23;202
7;2025-12-14;0;89
7;2025-12-14;1;20
7;2025-12-14;2;16
7;2025-12-14;3;39
7;2025-12-14;4;8
7;2025-12-14;5;51
7;2025-12-14;6;213
7;2025-12-14;7;334
7;2025-12-14;8;544
7;2025-12-14;9;703
7;2025-12-14;10;769
7;2025-12-14;11;936
7;2025-12-14;12;1122
7;2025-12-14;13;1195
7;2025-12-14;14;1250
7;2025-12-14;15;1206
7;2025-12-14;16;1158
7;2025-12-14;17;1041
7;2025-12-14;18;949
7;2025-12-14;19;805
7;2025-12-14;20;637
7;2025-12-14;21;482
7;2025-12-14;22;278
7;2025-12-14;23;163
7;2025-12-15;0;61
7;2025-12-15;1;11
7;2025-12-15;2;7
7;2025-12-15;3;20
7;2025-12-15;4;7
7;2025-12-15;5;190
7;2025-12-15;6;709
7;2025-12-15;7;1663
7;2025-12-15;8;2410
7;2025-12-15;9;1838
7;2025-12-15;10;1467
7;2025-12-15;11;1369
7;2025-12-15;12;1405
7;2025-12-15;13;1428
7;2025-12-15;14;1465
7;2025-12-15;15;1635
7;2025-12-15;16;1776
7;2025-12-15;17;2162
7;2025-12-15;18;2447
7;2025-12-15;19;1674
7;2025-12-15;20;1017
7;2025-12-15;21;577
7;2025-12-15;22;288
7;2025-12-15;23;157
7;2025-12-16;0;55
7;2025-12-16;1;11
7;2025-12-16;2;7
7;2025-12-16;3;21
7;2025-12-16;4;7
7;2025-12-16;5;193
7;2025-12-16;6;726
7;2025-12-16;7;1719
7;2025-12-16;8;2506
7;2025-12-16;9;1908
7;2025-12-16;10;1551
7;2025-12-16;11;1435
7;2025-12-16;12;1438
7;2025-12-16;13;1465
7;2025-12-16;14;1515
7;2025-12-16;15;1662
7;2025-12-16;16;1795
7;2025-12-16;17;2209
7;2025-12-16;18;2454
7;2025-12-16;19;1711
7;2025-12-16;20;1042
7;2025-12-16;21;611
7;2025-12-16;22;306
7;2025-12-16;23;164
7;2025-12-17;0;58
7;2025-12-17;1;12
7;2025-12-17;2;7
7;2025-12-17;3;21
7;2025-12-17;4;7
7;2025-12-17;5;196
7;2025-12-17;6;727
7;2025-12-17;7;1704
7;2025-12-17;8;2502
7;2025-12-17;9;1914
7;2025-12-17;10;1567
7;2025-12-17;11;1465
7;2025-12-17;12;1486
7;2025-12-17;13;1521
7;2025-12-17;14;1571
7;2025-12-17;15;1716
7;2025-12-17;16;1840
7;2025-12-17;17;2261
7;2025-12-17;18;2510
7;2025-12-17;19;1737
7;2025-12-17;20;1069
7;2025-12-17;21;633
7;2025-12-17;22;321
7;2025-12-17;23;176
7;2025-12-18;0;60
7;2025-12-18;1;12
7;2025-12-18;2;7
7;2025-12-18;3;21
7;2025-12-18;4;7
7;2025-12-18;5;197
7;2025-12-18;6;735
7;2025-12-18;7;1729
7;2025-12-18;8;2518
7;2025-12-18;9;1941
7;2025-12-18;10;1587
7;2025-12-18;11;1481
7;2025-12-18;12;1524
7;2025-12-18;13;1555
7;2025-12-18;14;1610
7;2025-12-18;15;1754
7;2025-12-18;16;1913
7;2025-12-18;17;2260
7;2025-12-18;18;2535
7;2025-12-18;19;1741
7;2025-12-18;20;1066
7;2025-12-18;21;640
7;2025-12-18;22;326
7;2025-12-18;23;183
7;2025-12-19;0;67
7;2025-12-19;1;12
7;2025-12-19;2;7
7;2025-12-19;3;21
7;2025-12-19;4;7
7;2025-12-19;5;197
7;2025-12-19;6;726
7;2025-12-19;7;1700
7;2025-12-19;8;2452
7;2025-12-19;9;1894
7;2025-12-19;10;1572
7;2025-12-19;11;1513
7;2025-12-19;12;1538
7;2025-12-19;13;1579
7;2025-12-19;14;1648
7;2025-12-19;15;1855
7;2025-12-19;16;2069
7;2025-12-19;17;2210
7;2025-12-19;18;2059
7;2025-12-19;19;1574
7;2025-12-19;20;1040
7;2025-12-19;21;643
7;2025-12-19;22;340
7;2025-12-19;23;204
7;2025-12-20;0;94
7;2025-12-20;1;20
7;2025-12-20;2;19
7;2025-12-20;3;48
7;2025-12-20;4;10
7;2025-12-20;5;70
7;2025-12-20;6;309
7;2025-12-20;7;495
7;2025-12-20;8;766
7;2025-12-20;9;924
7;2025-12-20;10;991
7;2025-12-20;11;1171
7;2025-12-20;12;1298
7;2025-12-20;13;1358
7;2025-12-20;14;1403
7;2025-12-20;15;1332
7;2025-12-20;16;1293
7;2025-12-20;17;1153
7;2025-12-20;18;1076
7;2025-12-20;19;980
7;2025-12-20;20;751
7;2025-12-20;21;556
7;2025-12-20;22;320
7;2025-12-20;23;202
7;2025-12-21;0;89
7;2025-12-21;1;20
7;2025-12-21;2;16
7;2025-12-21;3;39
7;2025-12-21;4;8
7;2025-12-21;5;51
7;2025-12-21;6;213
7;2025-12-21;7;334
7;2025-12-21;8;544
7;2025-12-21;9;703
7;2025-12-21;10;769
7;2025-12-21;11;936
7;2025-12-21;12;1122
7;2025-12-21;13;1195
7;2025-12-21;14;1250
7;2025-12-21;15;1206
7;2025-12-21;16;1158
7;2025-12-21;17;1041
7;2025-12-21;18;949
7;2025-12-21;19;805
7;2025-12-21;20;637
7;2025-12-21;21;482
7;2025-12-21;22;278
7;2025-12-21;23;163
7;2025-12-22;0;61
7;2025-12-22;1;11
7;2025-12-22;2;7
7;2025-12-22;3;20
7;2025-12-22;4;7
7;2025-12-22;5;190
7;2025-12-22;6;709
7;2025-12-22;7;1663
7;2025-12-22;8;2410
7;2025-12-22;9;1838
7;2025-12-22;10;1467
7;2025-12-22;11;1369
7;2025-12-22;12;1405
7;2025-12-22;13;1428
7;2025-12-22;14;1465
7;2025-12-22;15;1635
7;2025-12-22;16;1776
7;2025-12-22;17;2162
7;2025-12-22;18;2447
7;2025-12-22;19;1674
7;2025-12-22;20;1017
7;2025-12-22;21;577
7;2025-12-22;22;288
7;2025-12-22;23;157
7;2025-12-23;0;55
7;2025-12-23;1;11
7;2025-12-23;2;7
7;2025-12-23;3;21
7;2025-12-23;4;7
7;2025-12-23;5;193
7;2025-12-23;6;726
7;2025-12-23;7;1719
7;2025-12-23;8;2506
7;2025-12-23;9;1908
7;2025-12-23;10;1551
7;2025-12-23;11;1435
7;2025-12-23;12;1438
7;2025-12-23;13;1465
7;2025-12-23;14;1515
7;2025-12-23;15;1662
7;2025-12-23;16;1795
7;2025-12-23;17;2209
7;2025-12-23;18;2454
7;2025-12-23;19;1711
7;2025-12-23;20;1042
7;2025-12-23;21;611
7;2025-12-23;22;306
7;2025-12-23;23;164
7;2025-12-24;0;58
7;2025-12-24;1;12
7;2025-12-24;2;7
7;2025-12-24;3;21
7;2025-12-24;4;7
7;2025-12-24;5;196
7;2025-12-24;6;727
7;2025-12-24;7;1704
7;2025-12-24;8;2502
7;2025-12-24;9;1914
7;2025-12-24;10;1567
7;2025-12-24;11;1465
7;2025-12-24;12;1486
7;2025-12-24;13;1521
7;2025-12-24;14;1571
7;2025-12-24;15;1716
7;2025-12-24;16;1840
7;2025-12-24;17;2261
7;2025-12-24;18;2510
7;2025-12-24;19;1737
7;2025-12-24;20;1069
7;2025-12-24;21;633
7;2025-12-24;22;321
7;2025-12-24;23;176
7;2025-12-25;0;60
7;2025-12-25;1;12
7;2025-12-25;2;7
7;2025-12-25;3;21
7;2025-12-25;4;7
7;2025-12-25;5;197
7;2025-12-25;6;735
7;2025-12-25;7;1729
7;2025-12-25;8;2518
7;2025-12-25;9;1941
7;2025-12-25;10;1587
7;2025-12-25;11;1481
7;2025-12-25;12;1524
7;2025-12-25;13;1555
7;2025-12-25;14;1610
7;2025-12-25;15;1754
7;2025-12-25;16;1913
7;2025-12-25;17;2260
7;2025-12-25;18;2535
7;2025-12-25;19;1741
7;2025-12-25;20;1066
7;2025-12-25;21;640
7;2025-12-25;22;326
7;2025-12-25;23;183
7;2025-12-26;0;67
7;2025-12-26;1;12
7;2025-12-26;2;7
7;2025-12-26;3;21
7;2025-12-26;4;7
7;2025-12-26;5;197
7;2025-12-26;6;726
7;2025-12-26;7;1700
7;2025-12-26;8;2452
7;2025-12-26;9;1894
7;2025-12-26;10;1572
7;2025-12-26;11;1513
7;2025-12-26;12;1538
7;2025-12-26;13;1579
7;2025-12-26;14;1648
7;2025-12-26;15;1855
7;2025-12-26;16;2069
7;2025-12-26;17;2210
7;2025-12-26;18;2059
7;2025-12-26;19;1574
7;2025-12-26;20;1040
7;2025-12-26;21;643
7;2025-12-26;22;340
7;2025-12-26;23;204
7;2025-12-27;0;94
7;2025-12-27;1;20
7;2025-12-27;2;19
7;2025-12-27;3;48
7;2025-12-27;4;10
7;2025-12-27;5;70
7;2025-12-27;6;309
7;2025-12-27;7;495
7;2025-12-27;8;766
7;2025-12-27;9;924
7;2025-12-27;10;991
7;2025-12-27;11;1171
7;2025-12-27;12;1298
7;2025-12-27;13;1358
7;2025-12-27;14;1403
7;2025-12-27;15;1332
7;2025-12-27;16;1293
7;2025-12-27;17;1153
7;2025-12-27;18;1076
7;2025-12-27;19;980
7;2025-12-27;20;751
7;2025-12-27;21;556
7;2025-12-27;22;320
7;2025-12-27;23;202
7;2025-12-28;0;89
7;2025-12-28;1;20
7;2025-12-28;2;16
7;2025-12-28;3;39
7;2025-12-28;4;8
7;2025-12-28;5;51
7;2025-12-28;6;213
7;2025-12-28;7;334
7;2025-12-28;8;544
7;2025-12-28;9;703
7;2025-12-28;10;769
7;2025-12-28;11;936
7;2025-12-28;12;1122
7;2025-12-28;13;1195
7;2025-12-28;14;1250
7;2025-12-28;15;1206
7;2025-12-28;16;1158
7;2025-12-28;17;1041
7;2025-12-28;18;949
7;2025-12-28;19;805
7;2025-12-28;20;637
7;2025-12-28;21;482
7;2025-12-28;22;278
7;2025-12-28;23;163
7;2025-12-29;0;61
7;2025-12-29;1;11
7;2025-12-29;2;7
7;2025-12-29;3;20
7;2025-12-29;4;7
7;2025-12-29;5;190
7;2025-12-29;6;709
7;2025-12-29;7;1663
7;2025-12-29;8;2410
7;2025-12-29;9;1838
7;2025-12-29;10;1467
7;2025-12-29;11;1369
7;2025-12-29;12;1405
7;2025-12-29;13;1428
7;2025-12-29;14;1465
7;2025-12-29;15;1635
7;2025-12-29;16;1776
7;2025-12-29;17;2162
7;2025-12-29;18;2447
7;2025-12-29;19;1674
7;2025-12-29;20;1017
7;2025-12-29;21;577
7;2025-12-29;22;288
7;2025-12-29;23;157
7;2025-12-30;0;55
7;2025-12-30;1;11
7;2025-12-30;2;7
7;2025-12-30;3;21
7;2025-12-30;4;7
7;2025-12-30;5;193
7;2025-12-30;6;726
7;2025-12-30;7;1719
7;2025-12-30;8;2506
7;2025-12-30;9;1908
7;2025-12-30;10;1551
7;2025-12-30;11;1435
7;2025-12-30;12;1438
7;2025-12-30;13;1465
7;2025-12-30;14;1515
7;2025-12-30;15;1662
7;2025-12-30;16;1795
7;2025-12-30;17;2209
7;2025-12-30;18;2454
7;2025-12-30;19;1711
7;2025-12-30;20;1042
7;2025-12-30;21;611
7;2025-12-30;22;306
7;2025-12-30;23;164
7;2025-12-31;0;54
7;2025-12-31;1;15
7;2025-12-31;2;9
7;2025-12-31;3;22
7;2025-12-31;4;6
7;2025-12-31;5;58
7;2025-12-31;6;165
7;2025-12-31;7;215
7;2025-12-31;8;294
7;2025-12-31;9;347
7;2025-12-31;10;371
7;2025-12-31;11;437
7;2025-12-31;12;562
7;2025-12-31;13;629
7;2025-12-31;14;682
7;2025-12-31;15;716
7;2025-12-31;16;697
7;2025-12-31;17;707
7;2025-12-31;18;702
7;2025-12-31;19;601
7;2025-12-31;20;446
7;2025-12-31;21;349
7;2025-12-31;22;215
7;2025-12-31;23;127
11;2025-11-01;0;105
11;2025-11-01;1;10
11;2025-11-01;2;41
11;2025-11-01;3;55
11;2025-11-01;4;14
11;2025-11-01;5;201
11;2025-11-01;6;756
11;2025-11-01;7;808
11;2025-11-01;8;1040
11;2025-11-01;9;1266
11;2025-11-01;10;1396
11;2025-11-01;11;1782
11;2025-11-01;12;1924
11;2025-11-01;13;1956
11;2025-11-01;14;1967
11;2025-11-01;15;1927
11;2025-11-01;16;1945
11;2025-11-01;17;1772
11;2025-11-01;18;1588
11;2025-11-01;19;1469
11;2025-11-01;20;1132
11;2025-11-01;21;805
11;2025-11-01;22;457
11;2025-11-01;23;294
11;2025-11-02;0;103
11;2025-11-02;1;13
11;2025-11-02;2;35
11;2025-11-02;3;47
11;2025-11-02;4;11
11;2025-11-02;5;136
11;2025-11-02;6;499
11;2025-11-02;7;561
11;2025-11-02;8;741
11;2025-11-02;9;1002
11;2025-11-02;10;1151
11;2025-11-02;11;1532
11;2025-11-02;12;1777
11;2025-11-02;13;1826
11;2025-11-02;14;1864
11;2025-11-02;15;1832
11;2025-11-02;16;1806
11;2025-11-02;17;1668
11;2025-11-02;18;1457
11;2025-11-02;19;1237
11;2025-11-02;20;980
11;2025-11-02;21;710
11;2025-11-02;22;408
11;2025-11-02;23;241
11;2025-11-03;0;78
11;2025-11-03;1;11
11;2025-11-03;2;33
11;2025-11-03;3;36
11;2025-11-03;4;14
11;2025-11-03;5;194
11;2025-11-03;6;679
11;2025-11-03;7;775
11;2025-11-03;8;959
11;2025-11-03;9;1008
11;2025-11-03;10;1036
11;2025-11-03;11;1190
11;2025-11-03;12;1436
11;2025-11-03;13;1516
11;2025-11-03;14;1505
11;2025-11-03;15;1555
11;2025-11-03;16;1591
11;2025-11-03;17;1582
11;2025-11-03;18;1587
11;2025-11-03;19;1345
11;2025-11-03;20;948
11;2025-11-03;21;672
11;2025-11-03;22;393
11;2025-11-03;23;210
11;2025-11-04;0;84
11;2025-11-04;1;14
11;2025-11-04;2;33
11;2025-11-04;3;35
11;2025-11-04;4;13
11;2025-11-04;5;177
11;2025-11-04;6;579
11;2025-11-04;7;645
11;2025-11-04;8;779
11;2025-11-04;9;873
11;2025-11-04;10;945
11;2025-11-04;11;1140
11;2025-11-04;12;1398
11;2025-11-04;13;1510
11;2025-11-04;14;1519
11;2025-11-04;15;1558
11;2025-11-04;16;1562
11;2025-11-04;17;1501
11;2025-11-04;18;1449
11;2025-11-04;19;1307
11;2025-11-04;20;1010
11;2025-11-04;21;765
11;2025-11-04;22;444
11;2025-11-04;23;245
11;2025-11-05;0;66
11;2025-11-05;1;6
11;2025-11-05;2;16
11;2025-11-05;3;21
11;2025-11-05;4;10
11;2025-11-05;5;295
11;2025-11-05;6;1344
11;2025-11-05;7;2450
11;2025-11-05;8;3234
11;2025-11-05;9;2522
11;2025-11-05;10;1999
11;2025-11-05;11;1966
11;2025-11-05;12;2001
11;2025-11-05;13;2083
11;2025-11-05;14;2063
11;2025-11-05;15;2223
11;2025-11-05;16;2445
11;2025-11-05;17;2913
11;2025-11-05;18;3151
11;2025-11-05;19;2384
11;2025-11-05;20;1570
11;2025-11-05;21;958
11;2025-11-05;22;485
11;2025-11-05;23;250
11;2025-11-06;0;68
11;2025-11-06;1;6
11;2025-11-06;2;16
11;2025-11-06;3;20
11;2025-11-06;4;10
11;2025-11-06;5;295
11;2025-11-06;6;1340
11;2025-11-06;7;2461
11;2025-11-06;8;3223
11;2025-11-06;9;2525
11;2025-11-06;10;2005
11;2025-11-06;11;1970
11;2025-11-06;12;2029
11;2025-11-06;13;2097
11;2025-11-06;14;2086
11;2025-11-06;15;2247
11;2025-11-06;16;2516
11;2025-11-06;17;2881
11;2025-11-06;18;3140
11;2025-11-06;19;2359
11;2025-11-06;20;1570
11;2025-11-06;21;959
11;2025-11-06;22;487
11;2025-11-06;23;259
11;2025-11-07;0;75
11;2025-11-07;1;6
11;2025-11-07;2;16
11;2025-11-07;3;21
11;2025-11-07;4;10
11;2025-11-07;5;299
11;2025-11-07;6;1349
11;2025-11-07;7;2414
11;2025-11-07;8;3156
11;2025-11-07;9;2457
11;2025-11-07;10;1996
11;2025-11-07;11;2007
11;2025-11-07;12;2030
11;2025-11-07;13;2105
11;2025-11-07;14;2126
11;2025-11-07;15;2379
11;2025-11-07;16;2689
11;2025-11-07;17;2840
11;2025-11-07;18;2617
11;2025-11-07;19;2142
11;2025-11-07;20;1518
11;2025-11-07;21;952
11;2025-11-07;22;506
11;2025-11-07;23;288
11;2025-11-08;0;105
11;2025-11-08;1;10
11;2025-11-08;2;41
11;2025-11-08;3;55
11;2025-11-08;4;14
11;2025-11-08;5;201
11;2025-11-08;6;756
11;2025-11-08;7;808
11;2025-11-08;8;1040
11;2025-11-08;9;1266
11;2025-11-08;10;1396
11;2025-11-08;11;1782
11;2025-11-08;12;1924
11;2025-11-08;13;1956
11;2025-11-08;14;1967
11;2025-11-08;15;1927
11;2025-11-08;16;1945
11;2025-11-08;17;1772
11;2025-11-08;18;1588
11;2025-11-08;19;1469
11;2025-11-08;20;1132
11;2025-11-08;21;805
11;2025-11-08;22;457
11;2025-11-08;23;294
11;2025-11-09;0;103
11;2025-11-09;1;13
11;2025-11-09;2;35
11;2025-11-09;3;47
11;2025-11-09;4;11
11;2025-11-09;5;136
11;2025-11-09;6;499
11;2025-11-09;7;561
11;2025-11-09;8;741
11;2025-11-09;9;1002
11;2025-11-09;10;1151
11;2025-11-09;11;1532
11;2025-11-09;12;1777
11;2025-11-09;13;1826
11;2025-11-09;14;1864
11;2025-11-09;15;1832
11;2025-11-09;16;1806
11;2025-11-09;17;1668
11;2025-11-09;18;1457
11;2025-11-09;19;1237
11;2025-11-09;20;980
11;2025-11-09;21;710
11;2025-11-09;22;408
11;2025-11-09;23;241
11;2025-11-10;0;69
11;2025-11-10;1;7
11;2025-11-10;2;15
11;2025-11-10;3;19
11;2025-11-10;4;9
11;2025-11-10;5;284
11;2025-11-10;6;1299
11;2025-11-10;7;2377
11;2025-11-10;8;3126
11;2025-11-10;9;2404
11;2025-11-10;10;1855
11;2025-11-10;11;1822
11;2025-11-10;12;1877
11;2025-11-10;13;1945
11;2025-11-10;14;1921
11;2025-11-10;15;2105
11;2025-11-10;16;2363
11;2025-11-10;17;2772
11;2025-11-10;18;3063
11;2025-11-10;19;2279
11;2025-11-10;20;1491
11;2025-11-10;21;861
11;2025-11-10;22;426
11;2025-11-10;23;217
11;2025-11-11;0;62
11;2025-11-11;1;6
11;2025-11-11;2;16
11;2025-11-11;3;21
11;2025-11-11;4;10
11;2025-11-11;5;291
11;2025-11-11;6;1334
11;2025-11-11;7;2475
11;2025-11-11;8;3238
11;2025-11-11;9;2526
11;2025-11-11;10;1981
11;2025-11-11;11;1930
11;2025-11-11;12;1936
11;2025-11-11;13;2009
11;2025-11-11;14;2001
11;2025-11-11;15;2160
11;2025-11-11;16;2406
11;2025-11-11;17;2857
11;2025-11-11;18;3115
11;2025-11-11;19;2348
11;2025-11-11;20;1545
11;2025-11-11;21;914
11;2025-11-11;22;456
11;2025-11-11;23;230
11;2025-11-12;0;66
11;2025-11-12;1;6
11;2025-11-12;2;16
11;2025-11-12;3;21
11;2025-11-12;4;10
11;2025-11-12;5;295
11;2025-11-12;6;1344
11;2025-11-12;7;2450
11;2025-11-12;8;3234
11;2025-11-12;9;2522
11;2025-11-12;10;1999
11;2025-11-12;11;1966
11;2025-11-12;12;2001
11;2025-11-12;13;2083
11;2025-11-12;14;2063
11;2025-11-12;15;2223
11;2025-11-12;16;2445
11;2025-11-12;17;2913
11;2025-11-12;18;3151
11;2025-11-12;19;2384
11;2025-11-12;20;1570
11;2025-11-12;21;958
11;2025-11-12;22;485
11;2025-11-12;23;250
11;2025-11-13;0;68
11;2025-11-13;1;6
11;2025-11-13;2;16
11;2025-11-13;3;20
11;2025-11-13;4;10
11;2025-11-13;5;295
11;2025-11-13;6;1340
11;2025-11-13;7;2461
11;2025-11-13;8;3223
11;2025-11-13;9;2525
11;2025-11-13;10;2005
11;2025-11-13;11;1970
11;2025-11-13;12;2029
11;2025-11-13;13;2097
11;2025-11-13;14;2086
11;2025-11-13;15;2247
11;2025-11-13;16;2516
11;2025-11-13;17;2881
11;2025-11-13;18;3140
11;2025-11-13;19;2359
11;2025-11-13;20;1570
11;2025-11-13;21;959
11;2025-11-13;22;487
11;2025-11-13;23;259
11;2025-11-14;0;75
11;2025-11-14;1;6
11;2025-11-14;2;16
11;2025-11-14;3;21
11;2025-11-14;4;10
11;2025-11-14;5;299
11;2025-11-14;6;1349
11;2025-11-14;7;2414
11;2025-11-14;8;3156
11;2025-11-14;9;2457
11;2025-11-14;10;1996
11;2025-11-14;11;2007
11;2025-11-14;12;2030
11;2025-11-14;13;2105
11;2025-11-14;14;2126
11;2025-11-14;15;2379
11;2025-11-14;16;2689
11;2025-11-14;17;2840
11;2025-11-14;18;2617
11;2025-11-14;19;2142
11;2025-11-14;20;1518
11;2025-11-14;21;952
11;2025-11-14;22;506
11;2025-11-14;23;288
11;2025-11-15;0;105
11;2025-11-15;1;10
11;2025-11-15;2;41
11;2025-11-15;3;55
11;2025-11-15;4;14
11;2025-11-15;5;201
11;2025-11-15;6;756
11;2025-11-15;7;808
11;2025-11-15;8;1040
11;2025-11-15;9;1266
11;2025-11-15;10;1396
11;2025-11-15;11;1782
11;2025-11-15;12;1924
11;2025-11-15;13;1956
11;2025-11-15;14;1967
11;2025-11-15;15;1927
11;2025-11-15;16;1945
11;2025-11-15;17;1772
11;2025-11-15;18;1588
11;2025-11-15;19;1469
11;2025-11-15;20;1132
11;2025-11-15;21;805
11;2025-11-15;22;457
11;2025-11-15;23;294
11;2025-11-16;0;103
11;2025-11-16;1;13
11;2025-11-16;2;35
11;2025-11-16;3;47
11;2025-11-16;4;11
11;2025-11-16;5;136
11;2025-11-16;6;499
11;2025-11-16;7;561
11;2025-11-16;8;741
11;2025-11-16;9;1002
11;2025-11-16;10;1151
11;2025-11-16;11;1532
11;2025-11-16;12;1777
11;2025-11-16;13;1826
11;2025-11-16;14;1864
11;2025-11-16;15;1832
11;2025-11-16;16;1806
11;2025-11-16;17;1668
11;2025-11-16;18;1457
11;2025-11-16;19;1237
11;2025-11-16;20;980
11;2025-11-16;21;710
11;2025-11-16;22;408
11;2025-11-16;23;241
11;2025-11-17;0;69
11;2025-11-17;1;7
11;2025-11-17;2;15
11;2025-11-17;3;19
11;2025-11-17;4;9
11;2025-11-17;5;284
11;2025-11-17;6;1299
11;2025-11-17;7;2377
11;2025-11-17;8;3126
11;2025-11-17;9;2404
11;2025-11-17;10;1855
11;2025-11-17;11;1822
11;2025-11-17;12;1877
11;2025-11-17;13;1945
11;2025-11-17;14;1921
11;2025-11-17;15;2105
11;2025-11-17;16;2363
11;2025-11-17;17;2772
11;2025-11-17;18;3063
11;2025-11-17;19;2279
11;2025-11-17;20;1491
11;2025-11-17;21;861
11;2025-11-17;22;426
11;2025-11-17;23;217
11;2025-11-18;0;62
11;2025-11-18;1;6
11;2025-11-18;2;16
11;2025-11-18;3;21
11;2025-11-18;4;10
11;2025-11-18;5;291
11;2025-11-18;6;1334
11;2025-11-18;7;2475
11;2025-11-18;8;3238
11;2025-11-18;9;2526
11;2025-11-18;10;1981
11;2025-11-18;11;1930
11;2025-11-18;12;1936
11;2025-11-18;13;2009
11;2025-11-18;14;2001
11;2025-11-18;15;2160
11;2025-11-18;16;2406
11;2025-11-18;17;2857
11;2025-11-18;18;3115
11;2025-11-18;19;2348
11;2025-11-18;20;1545
11;2025-11-18;21;914
11;2025-11-18;22;456
11;2025-11-18;23;230
11;2025-11-19;0;66
11;2025-11-19;1;6
11;2025-11-19;2;16
11;2025-11-19;3;21
11;2025-11-19;4;10
11;2025-11-19;5;295
11;2025-11-19;6;1344
11;2025-11-19;7;2450
11;2025-11-19;8;3234
11;2025-11-19;9;2522
11;2025-11-19;10;1999
11;2025-11-19;11;1966
11;2025-11-19;12;2001
11;2025-11-19;13;2083
11;2025-11-19;14;2063
11;2025-11-19;15;2223
11;2025-11-19;16;2445
11;2025-11-19;17;2913
11;2025-11-19;18;3151
11;2025-11-19;19;2384
11;2025-11-19;20;1570
11;2025-11-19;21;958
11;2025-11-19;22;485
11;2025-11-19;23;250
11;2025-11-20;0;68
11;2025-11-20;1;6
11;2025-11-20;2;16
11;2025-11-20;3;20
11;2025-11-20;4;10
11;2025-11-20;5;295
11;2025-11-20;6;1340
11;2025-11-20;7;2461
11;2025-11-20;8;3223
11;2025-11-20;9;2525
11;2025-11-20;10;2005
11;2025-11-20;11;1970
11;2025-11-20;12;2029
11;2025-11-20;13;2097
11;2025-11-20;14;2086
11;2025-11-20;15;2247
11;2025-11-20;16;2516
11;2025-11-20;17;2881
11;2025-11-20;18;3140
11;2025-11-20;19;2359
11;2025-11-20;20;1570
11;2025-11-20;21;959
11;2025-11-20;22;487
11;2025-11-20;23;259
11;2025-11-21;0;75
11;2025-11-21;1;6
11;2025-11-21;2;16
11;2025-11-21;3;21
11;2025-11-21;4;10
11;2025-11-21;5;299
11;2025-11-21;6;1349
11;2025-11-21;7;2414
11;2025-11-21;8;3156
11;2025-11-21;9;2457
11;2025-11-21;10;1996
11;2025-11-21;11;2007
11;2025-11-21;12;2030
11;2025-11-21;13;2105
11;2025-11-21;14;2126
11;2025-11-21;15;2379
11;2025-11-21;16;2689
11;2025-11-21;17;2840
11;2025-11-21;18;2617
11;2025-11-21;19;2142
11;2025-11-21;20;1518
11;2025-11-21;21;952
11;2025-11-21;22;506
11;2025-11-21;23;288
11;2025-11-22;0;105
11;2025-11-22;1;10
11;2025-11-22;2;41
11;2025-11-22;3;55
11;2025-11-22;4;14
11;2025-11-22;5;201
11;2025-11-22;6;756
11;2025-11-22;7;808
11;2025-11-22;8;1040
11;2025-11-22;9;1266
11;2025-11-22;10;1396
11;2025-11-22;11;1782
11;2025-11-22;12;1924
11;2025-11-22;13;1956
11;2025-11-22;14;1967
11;2025-11-22;15;1927
11;2025-11-22;16;1945
11;2025-11-22;17;1772
11;2025-11-22;18;1588
11;2025-11-22;19;1469
11;2025-11-22;20;1132
11;2025-11-22;21;805
11;2025-11-22;22;457
11;2025-11-22;23;294
11;2025-11-23;0;103
11;2025-11-23;1;13
11;2025-11-23;2;35
11;2025-11-23;3;47
11;2025-11-23;4;11
11;2025-11-23;5;136
11;2025-11-23;6;499
11;2025-11-23;7;561
11;2025-11-23;8;741
11;2025-11-23;9;1002
11;2025-11-23;10;1151
11;2025-11-23;11;1532
11;2025-11-23;12;1777
11;2025-11-23;13;1826
11;2025-11-23;14;1864
11;2025-11-23;15;1832
11;2025-11-23;16;1806
11;2025-11-23;17;1668
11;2025-11-23;18;1457
11;2025-11-23;19;1237
11;2025-11-23;20;980
11;2025-11-23;21;710
11;2025-11-23;22;408
11;2025-11-23;23;241
11;2025-11-24;0;69
11;2025-11-24;1;7
11;2025-11-24;2;15
11;2025-11-24;3;19
11;2025-11-24;4;9
11;2025-11-24;5;284
11;2025-11-24;6;1299
11;2025-11-24;7;2377
11;2025-11-24;8;3126
11;2025-11-24;9;2404
11;2025-11-24;10;1855
11;2025-11-24;11;1822
11;2025-11-24;12;1877
11;2025-11-24;13;1945
11;2025-11-24;14;1921
11;2025-11-24;15;2105
11;2025-11-24;16;2363
11;2025-11-24;17;2772
11;2025-11-24;18;3063
11;2025-11-24;19;2279
11;2025-11-24;20;1491
11;2025-11-24;21;861
11;2025-11-24;22;426
11;2025-11-24;23;217
11;2025-11-25;0;62
11;2025-11-25;1;6
11;2025-11-25;2;16
11;2025-11-25;3;21
11;2025-11-25;4;10
11;2025-11-25;5;291
11;2025-11-25;6;1334
11;2025-11-25;7;2475
11;2025-11-25;8;3238
11;2025-11-25;9;2526
11;2025-11-25;10;1981
11;2025-11-25;11;1930
11;2025-11-25;12;1936
11;2025-11-25;13;2009
11;2025-11-25;14;2001
11;2025-11-25;15;2160
11;2025-11-25;16;2406
11;2025-11-25;17;2857
11;2025-11-25;18;3115
11;2025-11-25;19;2348
11;2025-11-25;20;1545
11;2025-11-25;21;914
11;2025-11-25;22;456
11;2025-11-25;23;230
11;2025-11-26;0;66
11;2025-11-26;1;6
11;2025-11-26;2;16
11;2025-11-26;3;21
11;2025-11-26;4;10
11;2025-11-26;5;295
11;2025-11-26;6;1344
11;2025-11-26;7;2450
11;2025-11-26;8;3234
11;2025-11-26;9;2522
11;2025-11-26;10;1999
11;2025-11-26;11;1966
11;2025-11-26;12;2001
11;2025-11-26;13;2083
11;2025-11-26;14;2063
11;2025-11-26;15;2223
11;2025-11-26;16;2445
11;2025-11-26;17;2913
11;2025-11-26;18;3151
11;2025-11-26;19;2384
11;2025-11-26;20;1570
11;2025-11-26;21;958
11;2025-11-26;22;485
11;2025-11-26;23;250
11;2025-11-27;0;68
11;2025-11-27;1;6
11;2025-11-27;2;16
11;2025-11-27;3;20
11;2025-11-27;4;10
11;2025-11-27;5;295
11;2025-11-27;6;1340
11;2025-11-27;7;2461
11;2025-11-27;8;3223
11;2025-11-27;9;2525
11;2025-11-27;10;2005
11;2025-11-27;11;1970
11;2025-11-27;12;2029
11;2025-11-27;13;2097
11;2025-11-27;14;2086
11;2025-11-27;15;2247
11;2025-11-27;16;2516
11;2025-11-27;17;2881
11;2025-11-27;18;3140
11;2025-11-27;19;2359
11;2025-11-27;20;1570
11;2025-11-27;21;959
11;2025-11-27;22;487
11;2025-11-27;23;259
11;2025-11-28;0;75
11;2025-11-28;1;6
11;2025-11-28;2;16
11;2025-11-28;3;21
11;2025-11-28;4;10
11;2025-11-28;5;299
11;2025-11-28;6;1349
11;2025-11-28;7;2414
11;2025-11-28;8;3156
11;2025-11-28;9;2457
11;2025-11-28;10;1996
11;2025-11-28;11;2007
11;2025-11-28;12;2030
11;2025-11-28;13;2105
11;2025-11-28;14;2126
11;2025-11-28;15;2379
11;2025-11-28;16;2689
11;2025-11-28;17;2840
11;2025-11-28;18;2617
11;2025-11-28;19;2142
11;2025-11-28;20;1518
11;2025-11-28;21;952
11;2025-11-28;22;506
11;2025-11-28;23;288
11;2025-11-29;0;105
11;2025-11-29;1;10
11;2025-11-29;2;41
11;2025-11-29;3;55
11;2025-11-29;4;14
11;2025-11-29;5;201
11;2025-11-29;6;756
11;2025-11-29;7;808
11;2025-11-29;8;1040
11;2025-11-29;9;1266
11;2025-11-29;10;1396
11;2025-11-29;11;1782
11;2025-11-29;12;1924
11;2025-11-29;13;1956
11;2025-11-29;14;1967
11;2025-11-29;15;1927
11;2025-11-29;16;1945
11;2025-11-29;17;1772
11;2025-11-29;18;1588
11;2025-11-29;19;1469
11;2025-11-29;20;1132
11;2025-11-29;21;805
11;2025-11-29;22;457
11;2025-11-29;23;294
11;2025-11-30;0;103
11;2025-11-30;1;13
11;2025-11-30;2;35
11;2025-11-30;3;47
11;2025-11-30;4;11
11;2025-11-30;5;136
11;2025-11-30;6;499
11;2025-11-30;7;561
11;2025-11-30;8;741
11;2025-11-30;9;1002
11;2025-11-30;10;1151
11;2025-11-30;11;1532
11;2025-11-30;12;1777
11;2025-11-30;13;1826
11;2025-11-30;14;1864
11;2025-11-30;15;1832
11;2025-11-30;16;1806
11;2025-11-30;17;1668
11;2025-11-30;18;1457
11;2025-11-30;19;1237
11;2025-11-30;20;980
11;2025-11-30;21;710
11;2025-11-30;22;408
11;2025-11-30;23;241
11;2025-12-01;0;68
11;2025-12-01;1;6
11;2025-12-01;2;15
11;2025-12-01;3;19
11;2025-12-01;4;9
11;2025-12-01;5;292
11;2025-12-01;6;1265
11;2025-12-01;7;2409
11;2025-12-01;8;3139
11;2025-12-01;9;2421
11;2025-12-01;10;1839
11;2025-12-01;11;1814
11;2025-12-01;12;1870
11;2025-12-01;13;1950
11;2025-12-01;14;1929
11;2025-12-01;15;2132
11;2025-12-01;16;2388
11;2025-12-01;17;2809
11;2025-12-01;18;3089
11;2025-12-01;19;2270
11;2025-12-01;20;1452
11;2025-12-01;21;836
11;2025-12-01;22;413
11;2025-12-01;23;215
11;2025-12-02;0;61
11;2025-12-02;1;6
11;2025-12-02;2;15
11;2025-12-02;3;20
11;2025-12-02;4;9
11;2025-12-02;5;296
11;2025-12-02;6;1289
11;2025-12-02;7;2480
11;2025-12-02;8;3235
11;2025-12-02;9;2507
11;2025-12-02;10;1934
11;2025-12-02;11;1891
11;2025-12-02;12;1911
11;2025-12-02;13;1999
11;2025-12-02;14;1995
11;2025-12-02;15;2166
11;2025-12-02;16;2406
11;2025-12-02;17;2854
11;2025-12-02;18;3088
11;2025-12-02;19;2308
11;2025-12-02;20;1481
11;2025-12-02;21;877
11;2025-12-02;22;435
11;2025-12-02;23;225
11;2025-12-03;0;63
11;2025-12-03;1;6
11;2025-12-03;2;15
11;2025-12-03;3;20
11;2025-12-03;4;9
11;2025-12-03;5;295
11;2025-12-03;6;1269
11;2025-12-03;7;2409
11;2025-12-03;8;3161
11;2025-12-03;9;2448
11;2025-12-03;10;1909
11;2025-12-03;11;1887
11;2025-12-03;12;1927
11;2025-12-03;13;2015
11;2025-12-03;14;2003
11;2025-12-03;15;2166
11;2025-12-03;16;2389
11;2025-12-03;17;2856
11;2025-12-03;18;3084
11;2025-12-03;19;2289
11;2025-12-03;20;1481
11;2025-12-03;21;886
11;2025-12-03;22;442
11;2025-12-03;23;235
11;2025-12-04;0;65
11;2025-12-04;1;6
11;2025-12-04;2;15
11;2025-12-04;3;19
11;2025-12-04;4;9
11;2025-12-04;5;297
11;2025-12-04;6;1284
11;2025-12-04;7;2444
11;2025-12-04;8;3183
11;2025-12-04;9;2494
11;2025-12-04;10;1942
11;2025-12-04;11;1912
11;2025-12-04;12;1981
11;2025-12-04;13;2065
11;2025-12-04;14;2059
11;2025-12-04;15;2226
11;2025-12-04;16;2494
11;2025-12-04;17;2858
11;2025-12-04;18;3114
11;2025-12-04;19;2297
11;2025-12-04;20;1483
11;2025-12-04;21;899
11;2025-12-04;22;452
11;2025-12-04;23;245
11;2025-12-05;0;73
11;2025-12-05;1;6
11;2025-12-05;2;15
11;2025-12-05;3;20
11;2025-12-05;4;9
11;2025-12-05;5;302
11;2025-12-05;6;1300
11;2025-12-05;7;2424
11;2025-12-05;8;3151
11;2025-12-05;9;2453
11;2025-12-05;10;1948
11;2025-12-05;11;1961
11;2025-12-05;12;1991
11;2025-12-05;13;2083
11;2025-12-05;14;2103
11;2025-12-05;15;2364
11;2025-12-05;16;2707
11;2025-12-05;17;2864
11;2025-12-05;18;2617
11;2025-12-05;19;2107
11;2025-12-05;20;1462
11;2025-12-05;21;910
11;2025-12-05;22;474
11;2025-12-05;23;276
11;2025-12-06;0;99
11;2025-12-06;1;9
11;2025-12-06;2;39
11;2025-12-06;3;52
11;2025-12-06;4;12
11;2025-12-06;5;181
11;2025-12-06;6;660
11;2025-12-06;7;726
11;2025-12-06;8;944
11;2025-12-06;9;1190
11;2025-12-06;10;1297
11;2025-12-06;11;1676
11;2025-12-06;12;1821
11;2025-12-06;13;1838
11;2025-12-06;14;1858
11;2025-12-06;15;1812
11;2025-12-06;16;1823
11;2025-12-06;17;1641
11;2025-12-06;18;1460
11;2025-12-06;19;1320
11;2025-12-06;20;1018
11;2025-12-06;21;734
11;2025-12-06;22;426
11;2025-12-06;23;275
11;2025-12-07;0;94
11;2025-12-07;1;12
11;2025-12-07;2;33
11;2025-12-07;3;43
11;2025-12-07;4;10
11;2025-12-07;5;121
11;2025-12-07;6;441
11;2025-12-07;7;503
11;2025-12-07;8;671
11;2025-12-07;9;923
11;2025-12-07;10;1047
11;2025-12-07;11;1404
11;2025-12-07;12;1634
11;2025-12-07;13;1679
11;2025-12-07;14;1719
11;2025-12-07;15;1689
11;2025-12-07;16;1667
11;2025-12-07;17;1527
11;2025-12-07;18;1316
11;2025-12-07;19;1097
11;2025-12-07;20;870
11;2025-12-07;21;639
11;2025-12-07;22;373
11;2025-12-07;23;222
11;2025-12-08;0;68
11;2025-12-08;1;6
11;2025-12-08;2;15
11;2025-12-08;3;19
11;2025-12-08;4;9
11;2025-12-08;5;292
11;2025-12-08;6;1265
11;2025-12-08;7;2409
11;2025-12-08;8;3139
11;2025-12-08;9;2421
11;2025-12-08;10;1839
11;2025-12-08;11;1814
11;2025-12-08;12;1870
11;2025-12-08;13;1950
11;2025-12-08;14;1929
11;2025-12-08;15;2132
11;2025-12-08;16;2388
11;2025-12-08;17;2809
11;2025-12-08;18;3089
11;2025-12-08;19;2270
11;2025-12-08;20;1452
11;2025-12-08;21;836
11;2025-12-08;22;413
11;2025-12-08;23;215
11;2025-12-09;0;61
11;2025-12-09;1;6
11;2025-12-09;2;15
11;2025-12-09;3;20
11;2025-12-09;4;9
11;2025-12-09;5;296
11;2025-12-09;6;1289
11;2025-12-09;7;2480
11;2025-12-09;8;3235
11;2025-12-09;9;2507
11;2025-12-09;10;1934
11;2025-12-09;11;1891
11;2025-12-09;12;1911
11;2025-12-09;13;1999
11;2025-12-09;14;1995
11;2025-12-09;15;2166
11;2025-12-09;16;2406
11;2025-12-09;17;2854
11;2025-12-09;18;3088
11;2025-12-09;19;2308
11;2025-12-09;20;1481
11;2025-12-09;21;877
11;2025-12-09;22;435
11;2025-12-09;23;225
11;2025-12-10;0;63
11;2025-12-10;1;6
11;2025-12-10;2;15
11;2025-12-10;3;20
11;2025-12-10;4;9
11;2025-12-10;5;295
11;2025-12-10;6;1269
11;2025-12-10;7;2409
11;2025-12-10;8;3161
11;2025-12-10;9;2448
11;2025-12-10;10;1909
11;2025-12-10;11;1887
11;2025-12-10;12;1927
11;2025-12-10;13;2015
11;2025-12-10;14;2003
11;2025-12-10;15;2166
11;2025-12-10;16;2389
11;2025-12-10;17;2856
11;2025-12-10;18;3084
11;2025-12-10;19;2289
11;2025-12-10;20;1481
11;2025-12-10;21;886
11;2025-12-10;22;442
11;2025-12-10;23;235
11;2025-12-11;0;65
11;2025-12-11;1;6
11;2025-12-11;2;15
11;2025-12-11;3;19
11;2025-12-11;4;9
11;2025-12-11;5;297
11;2025-12-11;6;1284
11;2025-12-11;7;2444
11;2025-12-11;8;3183
11;2025-12-11;9;2494
11;2025-12-11;10;1942
11;2025-12-11;11;1912
11;2025-12-11;12;1981
11;2025-12-11;13;2065
11;2025-12-11;14;2059
11;2025-12-11;15;2226
11;2025-12-11;16;2494
11;2025-12-11;17;2858
11;2025-12-11;18;3114
11;2025-12-11;19;2297
11;2025-12-11;20;1483
11;2025-12-11;21;899
11;2025-12-11;22;452
11;2025-12-11;23;245
11;2025-12-12;0;73
11;2025-12-12;1;6
11;2025-12-12;2;15
11;2025-12-12;3;20
11;2025-12-12;4;9
11;2025-12-12;5;302
11;2025-12-12;6;1300
11;2025-12-12;7;2424
11;2025-12-12;8;3151
11;2025-12-12;9;2453
11;2025-12-12;10;1948
11;2025-12-12;11;1961
11;2025-12-12;12;1991
11;2025-12-12;13;2083
11;2025-12-12;14;2103
11;2025-12-12;15;2364
11;2025-12-12;16;2707
11;2025-12-12;17;2864
11;2025-12-12;18;2617
11;2025-12-12;19;2107
11;2025-12-12;20;1462
11;2025-12-12;21;910
11;2025-12-12;22;474
11;2025-12-12;23;276
11;2025-12-13;0;99
11;2025-12-13;1;9
11;2025-12-13;2;39
11;2025-12-13;3;52
11;2025-12-13;4;12
11;2025-12-13;5;181
11;2025-12-13;6;660
11;2025-12-13;7;726
11;2025-12-13;8;944
11;2025-12-13;9;1190
11;2025-12-13;10;1297
11;2025-12-13;11;1676
11;2025-12-13;12;1821
11;2025-12-13;13;1838
11;2025-12-13;14;1858
11;2025-12-13;15;1812
11;2025-12-13;16;1823
11;2025-12-13;17;1641
11;2025-12-13;18;1460
11;2025-12-13;19;1320
11;2025-12-13;20;1018
11;2025-12-13;21;734
11;2025-12-13;22;426
11;2025-12-13;23;275
11;2025-12-14;0;94
11;2025-12-14;1;12
11;2025-12-14;2;33
11;2025-12-14;3;43
11;2025-12-14;4;10
11;2025-12-14;5;121
11;2025-12-14;6;441
11;2025-12-14;7;503
11;2025-12-14;8;671
11;2025-12-14;9;923
11;2025-12-14;10;1047
11;2025-12-14;11;1404
11;2025-12-14;12;1634
11;2025-12-14;13;1679
11;2025-12-14;14;1719
11;2025-12-14;15;1689
11;2025-12-14;16;1667
11;2025-12-14;17;1527
11;2025-12-14;18;1316
11;2025-12-14;19;1097
11;2025-12-14;20;870
11;2025-12-14;21;639
11;2025-12-14;22;373
11;2025-12-14;23;222
11;2025-12-15;0;68
11;2025-12-15;1;6
11;2025-12-15;2;15
11;2025-12-15;3;19
11;2025-12-15;4;9
11;2025-12-15;5;292
11;2025-12-15;6;1265
11;2025-12-15;7;2409
11;2025-12-15;8;3139
11;2025-12-15;9;2421
11;2025-12-15;10;1839
11;2025-12-15;11;1814
11;2025-12-15;12;1870
11;2025-12-15;13;1950
11;2025-12-15;14;1929
11;2025-12-15;15;2132
11;2025-12-15;16;2388
11;2025-12-15;17;2809
11;2025-12-15;18;3089
11;2025-12-15;19;2270
11;2025-12-15;20;1452
11;2025-12-15;21;836
11;2025-12-15;22;413
11;2025-12-15;23;215
11;2025-12-16;0;61
11;2025-12-16;1;6
11;2025-12-16;2;15
11;2025-12-16;3;20
11;2025-12-16;4;9
11;2025-12-16;5;296
11;2025-12-16;6;1289
11;2025-12-16;7;2480
11;2025-12-16;8;3235
11;2025-12-16;9;2507
11;2025-12-16;10;1934
11;2025-12-16;11;1891
11;2025-12-16;12;1911
11;2025-12-16;13;1999
11;2025-12-16;14;1995
11;2025-12-16;15;2166
11;2025-12-16;16;2406
11;2025-12-16;17;2854
11;2025-12-16;18;3088
11;2025-12-16;19;2308
11;2025-12-16;20;1481
11;2025-12-16;21;877
11;2025-12-16;22;435
11;2025-12-16;23;225
11;2025-12-17;0;63
11;2025-12-17;1;6
11;2025-12-17;2;15
11;2025-12-17;3;20
11;2025-12-17;4;9
11;2025-12-17;5;295
11;2025-12-17;6;1269
11;2025-12-17;7;2409
11;2025-12-17;8;3161
11;2025-12-17;9;2448
11;2025-12-17;10;1909
11;2025-12-17;11;1887
11;2025-12-17;12;1927
11;2025-12-17;13;2015
11;2025-12-17;14;2003
11;2025-12-17;15;2166
11;2025-12-17;16;2389
11;2025-12-17;17;2856
11;2025-12-17;18;3084
11;2025-12-17;19;2289
11;2025-12-17;20;1481
11;2025-12-17;21;886
11;2025-12-17;22;442
11;2025-12-17;23;235
11;2025-12-18;0;65
11;2025-12-18;1;6
11;2025-12-18;2;15
11;2025-12-18;3;19
11;2025-12-18;4;9
11;2025-12-18;5;297
11;2025-12-18;6;1284
11;2025-12-18;7;2444
11;2025-12-18;8;3183
11;2025-12-18;9;2494
11;2025-12-18;10;1942
11;2025-12-18;11;1912
11;2025-12-18;12;1981
11;2025-12-18;13;2065
11;2025-12-18;14;2059
11;2025-12-18;15;2226
11;2025-12-18;16;2494
11;2025-12-18;17;2858
11;2025-12-18;18;3114
11;2025-12-18;19;2297
11;2025-12-18;20;1483
11;2025-12-18;21;899
11;2025-12-18;22;452
11;2025-12-18;23;245
11;2025-12-19;0;73
11;2025-12-19;1;6
11;2025-12-19;2;15
11;2025-12-19;3;20
11;2025-12-19;4;9
11;2025-12-19;5;302
11;2025-12-19;6;1300
11;2025-12-19;7;2424
11;2025-12-19;8;3151
11;2025-12-19;9;2453
11;2025-12-19;10;1948
11;2025-12-19;11;1961
11;2025-12-19;12;1991
11;2025-12-19;13;2083
11;2025-12-19;14;2103
11;2025-12-19;15;2364
11;2025-12-19;16;2707
11;2025-12-19;17;2864
11;2025-12-19;18;2617
11;2025-12-19;19;2107
11;2025-12-19;20;1462
11;2025-12-19;21;910
11;2025-12-19;22;474
11;2025-12-19;23;276
11;2025-12-20;0;99
11;2025-12-20;1;9
11;2025-12-20;2;39
11;2025-12-20;3;52
11;2025-12-20;4;12
11;2025-12-20;5;181
11;2025-12-20;6;660
11;2025-12-20;7;726
11;2025-12-20;8;944
11;2025-12-20;9;1190
11;2025-12-20;10;1297
11;2025-12-20;11;1676
11;2025-12-20;12;1821
11;2025-12-20;13;1838
11;2025-12-20;14;1858
11;2025-12-20;15;1812
11;2025-12-20;16;1823
11;2025-12-20;17;1641
11;2025-12-20;18;1460
11;2025-12-20;19;1320
11;2025-12-20;20;1018
11;2025-12-20;21;734
11;2025-12-20;22;426
11;2025-12-20;23;275
11;2025-12-21;0;94
11;2025-12-21;1;12
11;2025-12-21;2;33
11;2025-12-21;3;43
11;2025-12-21;4;10
11;2025-12-21;5;121
11;2025-12-21;6;441
11;2025-12-21;7;503
11;2025-12-21;8;671
11;2025-12-21;9;923
11;2025-12-21;10;1047
11;2025-12-21;11;1404
11;2025-12-21;12;1634
11;2025-12-21;13;1679
11;2025-12-21;14;1719
11;2025-12-21;15;1689
11;2025-12-21;16;1667
11;2025-12-21;17;1527
11;2025-12-21;18;1316
11;2025-12-21;19;1097
11;2025-12-21;20;870
11;2025-12-21;21;639
11;2025-12-21;22;373
11;2025-12-21;23;222
11;2025-12-22;0;68
11;2025-12-22;1;6
11;2025-12-22;2;15
11;2025-12-22;3;19
11;2025-12-22;4;9
11;2025-12-22;5;292
11;2025-12-22;6;1265
11;2025-12-22;7;2409
11;2025-12-22;8;3139
11;2025-12-22;9;2421
11;2025-12-22;10;1839
11;2025-12-22;11;1814
11;2025-12-22;12;1870
11;2025-12-22;13;1950
11;2025-12-22;14;1929
11;2025-12-22;15;2132
11;2025-12-22;16;2388
11;2025-12-22;17;2809
11;2025-12-22;18;3089
11;2025-12-22;19;2270
11;2025-12-22;20;1452
11;2025-12-22;21;836
11;2025-12-22;22;413
11;2025-12-22;23;215
11;2025-12-23;0;61
11;2025-12-23;1;6
11;2025-12-23;2;15
11;2025-12-23;3;20
11;2025-12-23;4;9
11;2025-12-23;5;296
11;2025-12-23;6;1289
11;2025-12-23;7;2480
11;2025-12-23;8;3235
11;2025-12-23;9;2507
11;2025-12-23;10;1934
11;2025-12-23;11;1891
11;2025-12-23;12;1911
11;2025-12-23;13;1999
11;2025-12-23;14;1995
11;2025-12-23;15;2166
11;2025-12-23;16;2406
11;2025-12-23;17;2854
11;2025-12-23;18;3088
11;2025-12-23;19;2308
11;2025-12-23;20;1481
11;2025-12-23;21;877
11;2025-12-23;22;435
11;2025-12-23;23;225
11;2025-12-24;0;63
11;2025-12-24;1;6
11;2025-12-24;2;15
11;2025-12-24;3;20
11;2025-12-24;4;9
11;2025-12-24;5;295
11;2025-12-24;6;1269
11;2025-12-24;7;2409
11;2025-12-24;8;3161
11;2025-12-24;9;2448
11;2025-12-24;10;1909
11;2025-12-24;11;1887
11;2025-12-24;12;1927
11;2025-12-24;13;2015
11;2025-12-24;14;2003
11;2025-12-24;15;2166
11;2025-12-24;16;2389
11;2025-12-24;17;2856
11;2025-12-24;18;3084
11;2025-12-24;19;2289
11;2025-12-24;20;1481
11;2025-12-24;21;886
11;2025-12-24;22;442
11;2025-12-24;23;235
11;2025-12-25;0;65
11;2025-12-25;1;6
11;2025-12-25;2;15
11;2025-12-25;3;19
11;2025-12-25;4;9
11;2025-12-25;5;297
11;2025-12-25;6;1284
11;2025-12-25;7;2444
11;2025-12-25;8;3183
11;2025-12-25;9;2494
11;2025-12-25;10;1942
11;2025-12-25;11;1912
11;2025-12-25;12;1981
11;2025-12-25;13;2065
11;2025-12-25;14;2059
11;2025-12-25;15;2226
11;2025-12-25;16;2494
11;2025-12-25;17;2858
11;2025-12-25;18;3114
11;2025-12-25;19;2297
11;2025-12-25;20;1483
11;2025-12-25;21;899
11;2025-12-25;22;452
11;2025-12-25;23;245
11;2025-12-26;0;73
11;2025-12-26;1;6
11;2025-12-26;2;15
11;2025-12-26;3;20
11;2025-12-26;4;9
11;2025-12-26;5;302
11;2025-12-26;6;1300
11;2025-12-26;7;2424
11;2025-12-26;8;3151
11;2025-12-26;9;2453
11;2025-12-26;10;1948
11;2025-12-26;11;1961
11;2025-12-26;12;1991
11;2025-12-26;13;2083
11;2025-12-26;14;2103
11;2025-12-26;15;2364
11;2025-12-26;16;2707
11;2025-12-26;17;2864
11;2025-12-26;18;2617
11;2025-12-26;19;2107
11;2025-12-26;20;1462
11;2025-12-26;21;910
11;2025-12-26;22;474
11;2025-12-26;23;276
11;2025-12-27;0;99
11;2025-12-27;1;9
11;2025-12-27;2;39
11;2025-12-27;3;52
11;2025-12-27;4;12
11;2025-12-27;5;181
11;2025-12-27;6;660
11;2025-12-27;7;726
11;2025-12-27;8;944
11;2025-12-27;9;1190
11;2025-12-27;10;1297
11;2025-12-27;11;1676
11;2025-12-27;12;1821
11;2025-12-27;13;1838
11;2025-12-27;14;1858
11;2025-12-27;15;1812
11;2025-12-27;16;1823
11;2025-12-27;17;1641
11;2025-12-27;18;1460
11;2025-12-27;19;1320
11;2025-12-27;20;1018
11;2025-12-27;21;734
11;2025-12-27;22;426
11;2025-12-27;23;275
11;2025-12-28;0;94
11;2025-12-28;1;12
11;2025-12-28;2;33
11;2025-12-28;3;43
11;2025-12-28;4;10
11;2025-12-28;5;121
11;2025-12-28;6;441
11;2025-12-28;7;503
11;2025-12-28;8;671
11;2025-12-28;9;923
11;2025-12-28;10;1047
11;2025-12-28;11;1404
11;2025-12-28;12;1634
11;2025-12-28;13;1679
11;2025-12-28;14;1719
11;2025-12-28;15;1689
11;2025-12-28;16;1667
11;2025-12-28;17;1527
11;2025-12-28;18;1316
11;2025-12-28;19;1097
11;2025-12-28;20;870
11;2025-12-28;21;639
11;2025-12-28;22;373
11;2025-12-28;23;222
11;2025-12-29;0;68
11;2025-12-29;1;6
11;2025-12-29;2;15
11;2025-12-29;3;19
11;2025-12-29;4;9
11;2025-12-29;5;292
11;2025-12-29;6;1265
11;2025-12-29;7;2409
11;2025-12-29;8;3139
11;2025-12-29;9;2421
11;2025-12-29;10;1839
11;2025-12-29;11;1814
11;2025-12-29;12;1870
11;2025-12-29;13;1950
11;2025-12-29;14;1929
11;2025-12-29;15;2132
11;2025-12-29;16;2388
11;2025-12-29;17;2809
11;2025-12-29;18;3089
11;2025-12-29;19;2270
11;2025-12-29;20;1452
11;2025-12-29;21;836
11;2025-12-29;22;413
11;2025-12-29;23;215
11;2025-12-30;0;61
11;2025-12-30;1;6
11;2025-12-30;2;15
11;2025-12-30;3;20
11;2025-12-30;4;9
11;2025-12-30;5;296
11;2025-12-30;6;1289
11;2025-12-30;7;2480
11;2025-12-30;8;3235
11;2025-12-30;9;2507
11;2025-12-30;10;1934
11;2025-12-30;11;1891
11;2025-12-30;12;1911
11;2025-12-30;13;1999
11;2025-12-30;14;1995
11;2025-12-30;15;2166
11;2025-12-30;16;2406
11;2025-12-30;17;2854
11;2025-12-30;18;3088
11;2025-12-30;19;2308
11;2025-12-30;20;1481
11;2025-12-30;21;877
11;2025-12-30;22;435
11;2025-12-30;23;225
11;2025-12-31;0;58
11;2025-12-31;1;8
11;2025-12-31;2;20
11;2025-12-31;3;20
11;2025-12-31;4;8
11;2025-12-31;5;102
11;2025-12-31;6;300
11;2025-12-31;7;313
11;2025-12-31;8;377
11;2025-12-31;9;423
11;2025-12-31;10;471
11;2025-12-31;11;595
11;2025-12-31;12;781
11;2025-12-31;13;892
11;2025-12-31;14;944
11;2025-12-31;15;982
11;2025-12-31;16;994
11;2025-12-31;17;994
11;2025-12-31;18;960
11;2025-12-31;19;858
11;2025-12-31;20;637
11;2025-12-31;21;500
11;2025-12-31;22;304
11;2025-12-31;23;175
12;2025-11-01;0;85
12;2025-11-01;1;7
12;2025-11-01;2;24
12;2025-11-01;3;27
12;2025-11-01;4;13
12;2025-11-01;5;238
12;2025-11-01;6;811
12;2025-11-01;7;953
12;2025-11-01;8;1076
12;2025-11-01;9;1236
12;2025-11-01;10;1451
12;2025-11-01;11;1656
12;2025-11-01;12;1694
12;2025-11-01;13;1849
12;2025-11-01;14;1796
12;2025-11-01;15;1705
12;2025-11-01;16;1779
12;2025-11-01;17;1584
12;2025-11-01;18;1446
12;2025-11-01;19;1371
12;2025-11-01;20;990
12;2025-11-01;21;733
12;2025-11-01;22;446
12;2025-11-01;23;275
12;2025-11-02;0;81
12;2025-11-02;1;9
12;2025-11-02;2;20
12;2025-11-02;3;22
12;2025-11-02;4;11
12;2025-11-02;5;160
12;2025-11-02;6;514
12;2025-11-02;7;633
12;2025-11-02;8;766
12;2025-11-02;9;975
12;2025-11-02;10;1196
12;2025-11-02;11;1418
12;2025-11-02;12;1568
12;2025-11-02;13;1731
12;2025-11-02;14;1696
12;2025-11-02;15;1616
12;2025-11-02;16;1671
12;2025-11-02;17;1496
12;2025-11-02;18;1324
12;2025-11-02;19;1136
12;2025-11-02;20;837
12;2025-11-02;21;641
12;2025-11-02;22;394
12;2025-11-02;23;224
12;2025-11-03;0;65
12;2025-11-03;1;8
12;2025-11-03;2;19
12;2025-11-03;3;22
12;2025-11-03;4;15
12;2025-11-03;5;224
12;2025-11-03;6;720
12;2025-11-03;7;882
12;2025-11-03;8;1062
12;2025-11-03;9;1037
12;2025-11-03;10;1110
12;2025-11-03;11;1210
12;2025-11-03;12;1443
12;2025-11-03;13;1522
12;2025-11-03;14;1490
12;2025-11-03;15;1525
12;2025-11-03;16;1666
12;2025-11-03;17;1558
12;2025-11-03;18;1546
12;2025-11-03;19;1361
12;2025-11-03;20;893
12;2025-11-03;21;651
12;2025-11-03;22;410
12;2025-11-03;23;210
12;2025-11-04;0;68
12;2025-11-04;1;9
12;2025-11-04;2;19
12;2025-11-04;3;21
12;2025-11-04;4;14
12;2025-11-04;5;197
12;2025-11-04;6;593
12;2025-11-04;7;709
12;2025-11-04;8;847
12;2025-11-04;9;869
12;2025-11-04;10;976
12;2025-11-04;11;1102
12;2025-11-04;12;1332
12;2025-11-04;13;1440
12;2025-11-04;14;1420
12;2025-11-04;15;1438
12;2025-11-04;16;1532
12;2025-11-04;17;1390
12;2025-11-04;18;1333
12;2025-11-04;19;1244
12;2025-11-04;20;895
12;2025-11-04;21;701
12;2025-11-04;22;435
12;2025-11-04;23;232
12;2025-11-05;0;57
12;2025-11-05;1;5
12;2025-11-05;2;10
12;2025-11-05;3;13
12;2025-11-05;4;11
12;2025-11-05;5;342
12;2025-11-05;6;1419
12;2025-11-05;7;2832
12;2025-11-05;8;3678
12;2025-11-05;9;2648
12;2025-11-05;10;2204
12;2025-11-05;11;2148
12;2025-11-05;12;2167
12;2025-11-05;13;2197
12;2025-11-05;14;2181
12;2025-11-05;15;2400
12;2025-11-05;16;2866
12;2025-11-05;17;3091
12;2025-11-05;18;3279
12;2025-11-05;19;2584
12;2025-11-05;20;1619
12;2025-11-05;21;979
12;2025-11-05;22;523
12;2025-11-05;23;257
12;2025-11-06;0;58
12;2025-11-06;1;5
12;2025-11-06;2;9
12;2025-11-06;3;12
12;2025-11-06;4;10
12;2025-11-06;5;337
12;2025-11-06;6;1402
12;2025-11-06;7;2822
12;2025-11-06;8;3648
12;2025-11-06;9;2624
12;2025-11-06;10;2190
12;2025-11-06;11;2133
12;2025-11-06;12;2177
12;2025-11-06;13;2193
12;2025-11-06;14;2185
12;2025-11-06;15;2405
12;2025-11-06;16;2924
12;2025-11-06;17;3034
12;2025-11-06;18;3243
12;2025-11-06;19;2537
12;2025-11-06;20;1608
12;2025-11-06;21;970
12;2025-11-06;22;522
12;2025-11-06;23;263
12;2025-11-07;0;65
12;2025-11-07;1;5
12;2025-11-07;2;9
12;2025-11-07;3;12
12;2025-11-07;4;10
12;2025-11-07;5;343
12;2025-11-07;6;1413
12;2025-11-07;7;2779
12;2025-11-07;8;3570
12;2025-11-07;9;2557
12;2025-11-07;10;2179
12;2025-11-07;11;2169
12;2025-11-07;12;2170
12;2025-11-07;13;2200
12;2025-11-07;14;2227
12;2025-11-07;15;2548
12;2025-11-07;16;3126
12;2025-11-07;17;2979
12;2025-11-07;18;2706
12;2025-11-07;19;2303
12;2025-11-07;20;1556
12;2025-11-07;21;965
12;2025-11-07;22;543
12;2025-11-07;23;292
12;2025-11-08;0;85
12;2025-11-08;1;7
12;2025-11-08;2;24
12;2025-11-08;3;27
12;2025-11-08;4;13
12;2025-11-08;5;238
12;2025-11-08;6;811
12;2025-11-08;7;953
12;2025-11-08;8;1076
12;2025-11-08;9;1236
12;2025-11-08;10;1451
12;2025-11-08;11;1656
12;2025-11-08;12;1694
12;2025-11-08;13;1849
12;2025-11-08;14;1796
12;2025-11-08;15;1705
12;2025-11-08;16;1779
12;2025-11-08;17;1584
12;2025-11-08;18;1446
12;2025-11-08;19;1371
12;2025-11-08;20;990
12;2025-11-08;21;733
12;2025-11-08;22;446
12;2025-11-08;23;275
12;2025-11-09;0;81
12;2025-11-09;1;9
12;2025-11-09;2;20
12;2025-11-09;3;22
12;2025-11-09;4;11
12;2025-11-09;5;160
12;2025-11-09;6;514
12;2025-11-09;7;633
12;2025-11-09;8;766
12;2025-11-09;9;975
12;2025-11-09;10;1196
12;2025-11-09;11;1418
12;2025-11-09;12;1568
12;2025-11-09;13;1731
12;2025-11-09;14;1696
12;2025-11-09;15;1616
12;2025-11-09;16;1671
12;2025-11-09;17;1496
12;2025-11-09;18;1324
12;2025-11-09;19;1136
12;2025-11-09;20;837
12;2025-11-09;21;641
12;2025-11-09;22;394
12;2025-11-09;23;224
12;2025-11-10;0;59
12;2025-11-10;1;5
12;2025-11-10;2;9
12;2025-11-10;3;12
12;2025-11-10;4;10
12;2025-11-10;5;328
12;2025-11-10;6;1363
12;2025-11-10;7;2738
12;2025-11-10;8;3545
12;2025-11-10;9;2509
12;2025-11-10;10;2036
12;2025-11-10;11;1982
12;2025-11-10;12;2033
12;2025-11-10;13;2047
12;2025-11-10;14;2023
12;2025-11-10;15;2266
12;2025-11-10;16;2750
12;2025-11-10;17;2919
12;2025-11-10;18;3159
12;2025-11-10;19;2454
12;2025-11-10;20;1525
12;2025-11-10;21;876
12;2025-11-10;22;458
12;2025-11-10;23;223
12;2025-11-11;0;55
12;2025-11-11;1;5
12;2025-11-11;2;9
12;2025-11-11;3;13
12;2025-11-11;4;10
12;2025-11-11;5;341
12;2025-11-11;6;1424
12;2025-11-11;7;2902
12;2025-11-11;8;3745
12;2025-11-11;9;2687
12;2025-11-11;10;2220
12;2025-11-11;11;2142
12;2025-11-11;12;2129
12;2025-11-11;13;2145
12;2025-11-11;14;2140
12;2025-11-11;15;2358
12;2025-11-11;16;2849
12;2025-11-11;17;3071
12;2025-11-11;18;3278
12;2025-11-11;19;2578
12;2025-11-11;20;1612
12;2025-11-11;21;944
12;2025-11-11;22;499
12;2025-11-11;23;240
12;2025-11-12;0;57
12;2025-11-12;1;5
12;2025-11-12;2;10
12;2025-11-12;3;13
12;2025-11-12;4;11
12;2025-11-12;5;342
12;2025-11-12;6;1419
12;2025-11-12;7;2832
12;2025-11-12;8;3678
12;2025-11-12;9;2648
12;2025-11-12;10;2204
12;2025-11-12;11;2148
12;2025-11-12;12;2167
12;2025-11-12;13;2197
12;2025-11-12;14;2181
12;2025-11-12;15;2400
12;2025-11-12;16;2866
12;2025-11-12;17;3091
12;2025-11-12;18;3279
12;2025-11-12;19;2584
12;2025-11-12;20;1619
12;2025-11-12;21;979
12;2025-11-12;22;523
12;2025-11-12;23;257
12;2025-11-13;0;58
12;2025-11-13;1;5
12;2025-11-13;2;9
12;2025-11-13;3;12
12;2025-11-13;4;10
12;2025-11-13;5;337
12;2025-11-13;6;1402
12;2025-11-13;7;2822
12;2025-11-13;8;3648
12;2025-11-13;9;2624
12;2025-11-13;10;2190
12;2025-11-13;11;2133
12;2025-11-13;12;2177
12;2025-11-13;13;2193
12;2025-11-13;14;2185
12;2025-11-13;15;2405
12;2025-11-13;16;2924
12;2025-11-13;17;3034
12;2025-11-13;18;3243
12;2025-11-13;19;2537
12;2025-11-13;20;1608
12;2025-11-13;21;970
12;2025-11-13;22;522
12;2025-11-13;23;263
12;2025-11-14;0;65
12;2025-11-14;1;5
12;2025-11-14;2;9
12;2025-11-14;3;12
12;2025-11-14;4;10
12;2025-11-14;5;343
12;2025-11-14;6;1413
12;2025-11-14;7;2779
12;2025-11-14;8;3570
12;2025-11-14;9;2557
12;2025-11-14;10;2179
12;2025-11-14;11;2169
12;2025-11-14;12;2170
12;2025-11-14;13;2200
12;2025-11-14;14;2227
12;2025-11-14;15;2548
12;2025-11-14;16;3126
12;2025-11-14;17;2979
12;2025-11-14;18;2706
12;2025-11-14;19;2303
12;2025-11-14;20;1556
12;2025-11-14;21;965
12;2025-11-14;22;543
12;2025-11-14;23;292
12;2025-11-15;0;85
12;2025-11-15;1;7
12;2025-11-15;2;24
12;2025-11-15;3;27
12;2025-11-15;4;13
12;2025-11-15;5;238
12;2025-11-15;6;811
12;2025-11-15;7;953
12;2025-11-15;8;1076
12;2025-11-15;9;1236
12;2025-11-15;10;1451
12;2025-11-15;11;1656
12;2025-11-15;12;1694
12;2025-11-15;13;1849
12;2025-11-15;14;1796
12;2025-11-15;15;1705
12;2025-11-15;16;1779
12;2025-11-15;17;1584
12;2025-11-15;18;1446
12;2025-11-15;19;1371
12;2025-11-15;20;990
12;2025-11-15;21;733
12;2025-11-15;22;446
12;2025-11-15;23;275
12;2025-11-16;0;81
12;2025-11-16;1;9
12;2025-11-16;2;20
12;2025-11-16;3;22
12;2025-11-16;4;11
12;2025-11-16;5;160
12;2025-11-16;6;514
12;2025-11-16;7;633
12;2025-11-16;8;766
12;2025-11-16;9;975
12;2025-11-16;10;1196
12;2025-11-16;11;1418
12;2025-11-16;12;1568
12;2025-11-16;13;1731
12;2025-11-16;14;1696
12;2025-11-16;15;1616
12;2025-11-16;16;1671
12;2025-11-16;17;1496
12;2025-11-16;18;1324
12;2025-11-16;19;1136
12;2025-11-16;20;837
12;2025-11-16;21;641
12;2025-11-16;22;394
12;2025-11-16;23;224
12;2025-11-17;0;59
12;2025-11-17;1;5
12;2025-11-17;2;9
12;2025-11-17;3;12
12;2025-11-17;4;10
12;2025-11-17;5;328
12;2025-11-17;6;1363
12;2025-11-17;7;2738
12;2025-11-17;8;3545
12;2025-11-17;9;2509
12;2025-11-17;10;2036
12;2025-11-17;11;1982
12;2025-11-17;12;2033
12;2025-11-17;13;2047
12;2025-11-17;14;2023
12;2025-11-17;15;2266
12;2025-11-17;16;2750
12;2025-11-17;17;2919
12;2025-11-17;18;3159
12;2025-11-17;19;2454
12;2025-11-17;20;1525
12;2025-11-17;21;876
12;2025-11-17;22;458
12;2025-11-17;23;223
12;2025-11-18;0;55
12;2025-11-18;1;5
12;2025-11-18;2;9
12;2025-11-18;3;13
12;2025-11-18;4;10
12;2025-11-18;5;341
12;2025-11-18;6;1424
12;2025-11-18;7;2902
12;2025-11-18;8;3745
12;2025-11-18;9;2687
12;2025-11-18;10;2220
12;2025-11-18;11;2142
12;2025-11-18;12;2129
12;2025-11-18;13;2145
12;2025-11-18;14;2140
12;2025-11-18;15;2358
12;2025-11-18;16;2849
12;2025-11-18;17;3071
12;2025-11-18;18;3278
12;2025-11-18;19;2578
12;2025-11-18;20;1612
12;2025-11-18;21;944
12;2025-11-18;22;499
12;2025-11-18;23;240
12;2025-11-19;0;57
12;2025-11-19;1;5
12;2025-11-19;2;10
12;2025-11-19;3;13
12;2025-11-19;4;11
12;2025-11-19;5;342
12;2025-11-19;6;1419
12;2025-11-19;7;2832
12;2025-11-19;8;3678
12;2025-11-19;9;2648
12;2025-11-19;10;2204
12;2025-11-19;11;2148
12;2025-11-19;12;2167
12;2025-11-19;13;2197
12;2025-11-19;14;2181
12;2025-11-19;15;2400
12;2025-11-19;16;2866
12;2025-11-19;17;3091
12;2025-11-19;18;3279
12;2025-11-19;19;2584
12;2025-11-19;20;1619
12;2025-11-19;21;979
12;2025-11-19;22;523
12;2025-11-19;23;257
12;2025-11-20;0;58
12;2025-11-20;1;5
12;2025-11-20;2;9
12;2025-11-20;3;12
12;2025-11-20;4;10
12;2025-11-20;5;337
12;2025-11-20;6;1402
12;2025-11-20;7;2822
12;2025-11-20;8;3648
12;2025-11-20;9;2624
12;2025-11-20;10;2190
12;2025-11-20;11;2133
12;2025-11-20;12;2177
12;2025-11-20;13;2193
12;2025-11-20;14;2185
12;2025-11-20;15;2405
12;2025-11-20;16;2924
12;2025-11-20;17;3034
12;2025-11-20;18;3243
12;2025-11-20;19;2537
12;2025-11-20;20;1608
12;2025-11-20;21;970
12;2025-11-20;22;522
12;2025-11-20;23;263
12;2025-11-21;0;65
12;2025-11-21;1;5
12;2025-11-21;2;9
12;2025-11-21;3;12
12;2025-11-21;4;10
12;2025-11-21;5;343
12;2025-11-21;6;1413
12;2025-11-21;7;2779
12;2025-11-21;8;3570
12;2025-11-21;9;2557
12;2025-11-21;10;2179
12;2025-11-21;11;2169
12;2025-11-21;12;2170
12;2025-11-21;13;2200
12;2025-11-21;14;2227
12;2025-11-21;15;2548
12;2025-11-21;16;3126
12;2025-11-21;17;2979
12;2025-11-21;18;2706
12;2025-11-21;19;2303
12;2025-11-21;20;1556
12;2025-11-21;21;965
12;2025-11-21;22;543
12;2025-11-21;23;292
12;2025-11-22;0;85
12;2025-11-22;1;7
12;2025-11-22;2;24
12;2025-11-22;3;27
12;2025-11-22;4;13
12;2025-11-22;5;238
12;2025-11-22;6;811
12;2025-11-22;7;953
12;2025-11-22;8;1076
12;2025-11-22;9;1236
12;2025-11-22;10;1451
12;2025-11-22;11;1656
12;2025-11-22;12;1694
12;2025-11-22;13;1849
12;2025-11-22;14;1796
12;2025-11-22;15;1705
12;2025-11-22;16;1779
12;2025-11-22;17;1584
12;2025-11-22;18;1446
12;2025-11-22;19;1371
12;2025-11-22;20;990
12;2025-11-22;21;733
12;2025-11-22;22;446
12;2025-11-22;23;275
12;2025-11-23;0;81
12;2025-11-23;1;9
12;2025-11-23;2;20
12;2025-11-23;3;22
12;2025-11-23;4;11
12;2025-11-23;5;160
12;2025-11-23;6;514
12;2025-11-23;7;633
12;2025-11-23;8;766
12;2025-11-23;9;975
12;2025-11-23;10;1196
12;2025-11-23;11;1418
12;2025-11-23;12;1568
12;2025-11-23;13;1731
12;2025-11-23;14;1696
12;2025-11-23;15;1616
12;2025-11-23;16;1671
12;2025-11-23;17;1496
12;2025-11-23;18;1324
12;2025-11-23;19;1136
12;2025-11-23;20;837
12;2025-11-23;21;641
12;2025-11-23;22;394
12;2025-11-23;23;224
12;2025-11-24;0;59
12;2025-11-24;1;5
12;2025-11-24;2;9
12;2025-11-24;3;12
12;2025-11-24;4;10
12;2025-11-24;5;328
12;2025-11-24;6;1363
12;2025-11-24;7;2738
12;2025-11-24;8;3545
12;2025-11-24;9;2509
12;2025-11-24;10;2036
12;2025-11-24;11;1982
12;2025-11-24;12;2033
12;2025-11-24;13;2047
12;2025-11-24;14;2023
12;2025-11-24;15;2266
12;2025-11-24;16;2750
12;2025-11-24;17;2919
12;2025-11-24;18;3159
12;2025-11-24;19;2454
12;2025-11-24;20;1525
12;2025-11-24;21;876
12;2025-11-24;22;458
12;2025-11-24;23;223
12;2025-11-25;0;55
12;2025-11-25;1;5
12;2025-11-25;2;9
12;2025-11-25;3;13
12;2025-11-25;4;10
12;2025-11-25;5;341
12;2025-11-25;6;1424
12;2025-11-25;7;2902
12;2025-11-25;8;3745
12;2025-11-25;9;2687
12;2025-11-25;10;2220
12;2025-11-25;11;2142
12;2025-11-25;12;2129
12;2025-11-25;13;2145
12;2025-11-25;14;2140
12;2025-11-25;15;2358
12;2025-11-25;16;2849
12;2025-11-25;17;3071
12;2025-11-25;18;3278
12;2025-11-25;19;2578
12;2025-11-25;20;1612
12;2025-11-25;21;944
12;2025-11-25;22;499
12;2025-11-25;23;240
12;2025-11-26;0;57
12;2025-11-26;1;5
12;2025-11-26;2;10
12;2025-11-26;3;13
12;2025-11-26;4;11
12;2025-11-26;5;342
12;2025-11-26;6;1419
12;2025-11-26;7;2832
12;2025-11-26;8;3678
12;2025-11-26;9;2648
12;2025-11-26;10;2204
12;2025-11-26;11;2148
12;2025-11-26;12;2167
12;2025-11-26;13;2197
12;2025-11-26;14;2181
12;2025-11-26;15;2400
12;2025-11-26;16;2866
12;2025-11-26;17;3091
12;2025-11-26;18;3279
12;2025-11-26;19;2584
12;2025-11-26;20;1619
12;2025-11-26;21;979
12;2025-11-26;22;523
12;2025-11-26;23;257
12;2025-11-27;0;58
12;2025-11-27;1;5
12;2025-11-27;2;9
12;2025-11-27;3;12
12;2025-11-27;4;10
12;2025-11-27;5;337
12;2025-11-27;6;1402
12;2025-11-27;7;2822
12;2025-11-27;8;3648
12;2025-11-27;9;2624
12;2025-11-27;10;2190
12;2025-11-27;11;2133
12;2025-11-27;12;2177
12;2025-11-27;13;2193
12;2025-11-27;14;2185
12;2025-11-27;15;2405
12;2025-11-27;16;2924
12;2025-11-27;17;3034
12;2025-11-27;18;3243
12;2025-11-27;19;2537
12;2025-11-27;20;1608
12;2025-11-27;21;970
12;2025-11-27;22;522
12;2025-11-27;23;263
12;2025-11-28;0;65
12;2025-11-28;1;5
12;2025-11-28;2;9
12;2025-11-28;3;12
12;2025-11-28;4;10
12;2025-11-28;5;343
12;2025-11-28;6;1413
12;2025-11-28;7;2779
12;2025-11-28;8;3570
12;2025-11-28;9;2557
12;2025-11-28;10;2179
12;2025-11-28;11;2169
12;2025-11-28;12;2170
12;2025-11-28;13;2200
12;2025-11-28;14;2227
12;2025-11-28;15;2548
12;2025-11-28;16;3126
12;2025-11-28;17;2979
12;2025-11-28;18;2706
12;2025-11-28;19;2303
12;2025-11-28;20;1556
12;2025-11-28;21;965
12;2025-11-28;22;543
12;2025-11-28;23;292
12;2025-11-29;0;85
12;2025-11-29;1;7
12;2025-11-29;2;24
12;2025-11-29;3;27
12;2025-11-29;4;13
12;2025-11-29;5;238
12;2025-11-29;6;811
12;2025-11-29;7;953
12;2025-11-29;8;1076
12;2025-11-29;9;1236
12;2025-11-29;10;1451
12;2025-11-29;11;1656
12;2025-11-29;12;1694
12;2025-11-29;13;1849
12;2025-11-29;14;1796
12;2025-11-29;15;1705
12;2025-11-29;16;1779
12;2025-11-29;17;1584
12;2025-11-29;18;1446
12;2025-11-29;19;1371
12;2025-11-29;20;990
12;2025-11-29;21;733
12;2025-11-29;22;446
12;2025-11-29;23;275
12;2025-11-30;0;81
12;2025-11-30;1;9
12;2025-11-30;2;20
12;2025-11-30;3;22
12;2025-11-30;4;11
12;2025-11-30;5;160
12;2025-11-30;6;514
12;2025-11-30;7;633
12;2025-11-30;8;766
12;2025-11-30;9;975
12;2025-11-30;10;1196
12;2025-11-30;11;1418
12;2025-11-30;12;1568
12;2025-11-30;13;1731
12;2025-11-30;14;1696
12;2025-11-30;15;1616
12;2025-11-30;16;1671
12;2025-11-30;17;1496
12;2025-11-30;18;1324
12;2025-11-30;19;1136
12;2025-11-30;20;837
12;2025-11-30;21;641
12;2025-11-30;22;394
12;2025-11-30;23;224
12;2025-12-01;0;56
12;2025-12-01;1;5
12;2025-12-01;2;8
12;2025-12-01;3;11
12;2025-12-01;4;9
12;2025-12-01;5;299
12;2025-12-01;6;1261
12;2025-12-01;7;2634
12;2025-12-01;8;3395
12;2025-12-01;9;2387
12;2025-12-01;10;1921
12;2025-12-01;11;1879
12;2025-12-01;12;1931
12;2025-12-01;13;1953
12;2025-12-01;14;1937
12;2025-12-01;15;2178
12;2025-12-01;16;2663
12;2025-12-01;17;2821
12;2025-12-01;18;3040
12;2025-12-01;19;2331
12;2025-12-01;20;1426
12;2025-12-01;21;818
12;2025-12-01;22;426
12;2025-12-01;23;213
12;2025-12-02;0;53
12;2025-12-02;1;5
12;2025-12-02;2;9
12;2025-12-02;3;12
12;2025-12-02;4;10
12;2025-12-02;5;318
12;2025-12-02;6;1348
12;2025-12-02;7;2852
12;2025-12-02;8;3688
12;2025-12-02;9;2606
12;2025-12-02;10;2133
12;2025-12-02;11;2069
12;2025-12-02;12;2079
12;2025-12-02;13;2108
12;2025-12-02;14;2109
12;2025-12-02;15;2326
12;2025-12-02;16;2828
12;2025-12-02;17;3024
12;2025-12-02;18;3202
12;2025-12-02;19;2498
12;2025-12-02;20;1535
12;2025-12-02;21;899
12;2025-12-02;22;471
12;2025-12-02;23;233
12;2025-12-03;0;54
12;2025-12-03;1;5
12;2025-12-03;2;9
12;2025-12-03;3;12
12;2025-12-03;4;10
12;2025-12-03;5;314
12;2025-12-03;6;1316
12;2025-12-03;7;2738
12;2025-12-03;8;3552
12;2025-12-03;9;2518
12;2025-12-03;10;2078
12;2025-12-03;11;2036
12;2025-12-03;12;2070
12;2025-12-03;13;2105
12;2025-12-03;14;2101
12;2025-12-03;15;2309
12;2025-12-03;16;2788
12;2025-12-03;17;2995
12;2025-12-03;18;3173
12;2025-12-03;19;2453
12;2025-12-03;20;1520
12;2025-12-03;21;902
12;2025-12-03;22;474
12;2025-12-03;23;241
12;2025-12-04;0;55
12;2025-12-04;1;5
12;2025-12-04;2;9
12;2025-12-04;3;11
12;2025-12-04;4;9
12;2025-12-04;5;311
12;2025-12-04;6;1311
12;2025-12-04;7;2739
12;2025-12-04;8;3535
12;2025-12-04;9;2525
12;2025-12-04;10;2083
12;2025-12-04;11;2035
12;2025-12-04;12;2099
12;2025-12-04;13;2126
12;2025-12-04;14;2129
12;2025-12-04;15;2339
12;2025-12-04;16;2871
12;2025-12-04;17;2958
12;2025-12-04;18;3162
12;2025-12-04;19;2429
12;2025-12-04;20;1503
12;2025-12-04;21;902
12;2025-12-04;22;478
12;2025-12-04;23;248
12;2025-12-05;0;62
12;2025-12-05;1;5
12;2025-12-05;2;9
12;2025-12-05;3;11
12;2025-12-05;4;9
12;2025-12-05;5;318
12;2025-12-05;6;1336
12;2025-12-05;7;2738
12;2025-12-05;8;3516
12;2025-12-05;9;2500
12;2025-12-05;10;2098
12;2025-12-05;11;2094
12;2025-12-05;12;2120
12;2025-12-05;13;2162
12;2025-12-05;14;2191
12;2025-12-05;15;2504
12;2025-12-05;16;3141
12;2025-12-05;17;2968
12;2025-12-05;18;2674
12;2025-12-05;19;2240
12;2025-12-05;20;1490
12;2025-12-05;21;919
12;2025-12-05;22;504
12;2025-12-05;23;280
12;2025-12-06;0;82
12;2025-12-06;1;7
12;2025-12-06;2;23
12;2025-12-06;3;26
12;2025-12-06;4;12
12;2025-12-06;5;201
12;2025-12-06;6;712
12;2025-12-06;7;867
12;2025-12-06;8;988
12;2025-12-06;9;1174
12;2025-12-06;10;1372
12;2025-12-06;11;1589
12;2025-12-06;12;1637
12;2025-12-06;13;1769
12;2025-12-06;14;1729
12;2025-12-06;15;1632
12;2025-12-06;16;1702
12;2025-12-06;17;1495
12;2025-12-06;18;1358
12;2025-12-06;19;1258
12;2025-12-06;20;911
12;2025-12-06;21;681
12;2025-12-06;22;422
12;2025-12-06;23;264
12;2025-12-07;0;76
12;2025-12-07;1;8
12;2025-12-07;2;19
12;2025-12-07;3;21
12;2025-12-07;4;10
12;2025-12-07;5;135
12;2025-12-07;6;459
12;2025-12-07;7;576
12;2025-12-07;8;705
12;2025-12-07;9;911
12;2025-12-07;10;1112
12;2025-12-07;11;1331
12;2025-12-07;12;1477
12;2025-12-07;13;1626
12;2025-12-07;14;1601
12;2025-12-07;15;1522
12;2025-12-07;16;1579
12;2025-12-07;17;1401
12;2025-12-07;18;1224
12;2025-12-07;19;1034
12;2025-12-07;20;764
12;2025-12-07;21;589
12;2025-12-07;22;367
12;2025-12-07;23;213
12;2025-12-08;0;56
12;2025-12-08;1;5
12;2025-12-08;2;8
12;2025-12-08;3;11
12;2025-12-08;4;9
12;2025-12-08;5;299
12;2025-12-08;6;1261
12;2025-12-08;7;2634
12;2025-12-08;8;3395
12;2025-12-08;9;2387
12;2025-12-08;10;1921
12;2025-12-08;11;1879
12;2025-12-08;12;1931
12;2025-12-08;13;1953
12;2025-12-08;14;1937
12;2025-12-08;15;2178
12;2025-12-08;16;2663
12;2025-12-08;17;2821
12;2025-12-08;18;3040
12;2025-12-08;19;2331
12;2025-12-08;20;1426
12;2025-12-08;21;818
12;2025-12-08;22;426
12;2025-12-08;23;213
12;2025-12-09;0;53
12;2025-12-09;1;5
12;2025-12-09;2;9
12;2025-12-09;3;12
12;2025-12-09;4;10
12;2025-12-09;5;318
12;2025-12-09;6;1348
12;2025-12-09;7;2852
12;2025-12-09;8;3688
12;2025-12-09;9;2606
12;2025-12-09;10;2133
12;2025-12-09;11;2069
12;2025-12-09;12;2079
12;2025-12-09;13;2108
12;2025-12-09;14;2109
12;2025-12-09;15;2326
12;2025-12-09;16;2828
12;2025-12-09;17;3024
12;2025-12-09;18;3202
12;2025-12-09;19;2498
12;2025-12-09;20;1535
12;2025-12-09;21;899
12;2025-12-09;22;471
12;2025-12-09;23;233
12;2025-12-10;0;54
12;2025-12-10;1;5
12;2025-12-10;2;9
12;2025-12-10;3;12
12;2025-12-10;4;10
12;2025-12-10;5;314
12;2025-12-10;6;1316
12;2025-12-10;7;2738
12;2025-12-10;8;3552
12;2025-12-10;9;2518
12;2025-12-10;10;2078
12;2025-12-10;11;2036
12;2025-12-10;12;2070
12;2025-12-10;13;2105
12;2025-12-10;14;2101
12;2025-12-10;15;2309
12;2025-12-10;16;2788
12;2025-12-10;17;2995
12;2025-12-10;18;3173
12;2025-12-10;19;2453
12;2025-12-10;20;1520
12;2025-12-10;21;902
12;2025-12-10;22;474
12;2025-12-10;23;241
12;2025-12-11;0;55
12;2025-12-11;1;5
12;2025-12-11;2;9
12;2025-12-11;3;11
12;2025-12-11;4;9
12;2025-12-11;5;311
12;2025-12-11;6;1311
12;2025-12-11;7;2739
12;2025-12-11;8;3535
12;2025-12-11;9;2525
12;2025-12-11;10;2083
12;2025-12-11;11;2035
12;2025-12-11;12;2099
12;2025-12-11;13;2126
12;2025-12-11;14;2129
12;2025-12-11;15;2339
12;2025-12-11;16;2871
12;2025-12-11;17;2958
12;2025-12-11;18;3162
12;2025-12-11;19;2429
12;2025-12-11;20;1503
12;2025-12-11;21;902
12;2025-12-11;22;478
12;2025-12-11;23;248
12;2025-12-12;0;62
12;2025-12-12;1;5
12;2025-12-12;2;9
12;2025-12-12;3;11
12;2025-12-12;4;9
12;2025-12-12;5;318
12;2025-12-12;6;1336
12;2025-12-12;7;2738
12;2025-12-12;8;3516
12;2025-12-12;9;2500
12;2025-12-12;10;2098
12;2025-12-12;11;2094
12;2025-12-12;12;2120
12;2025-12-12;13;2162
12;2025-12-12;14;2191
12;2025-12-12;15;2504
12;2025-12-12;16;3141
12;2025-12-12;17;2968
12;2025-12-12;18;2674
12;2025-12-12;19;2240
12;2025-12-12;20;1490
12;2025-12-12;21;919
12;2025-12-12;22;504
12;2025-12-12;23;280
12;2025-12-13;0;82
12;2025-12-13;1;7
12;2025-12-13;2;23
12;2025-12-13;3;26
12;2025-12-13;4;12
12;2025-12-13;5;201
12;2025-12-13;6;712
12;2025-12-13;7;867
12;2025-12-13;8;988
12;2025-12-13;9;1174
12;2025-12-13;10;1372
12;2025-12-13;11;1589
12;2025-12-13;12;1637
12;2025-12-13;13;1769
12;2025-12-13;14;1729
12;2025-12-13;15;1632
12;2025-12-13;16;1702
12;2025-12-13;17;1495
12;2025-12-13;18;1358
12;2025-12-13;19;1258
12;2025-12-13;20;911
12;2025-12-13;21;681
12;2025-12-13;22;422
12;2025-12-13;23;264
12;2025-12-14;0;76
12;2025-12-14;1;8
12;2025-12-14;2;19
12;2025-12-14;3;21
12;2025-12-14;4;10
12;2025-12-14;5;135
12;2025-12-14;6;459
12;2025-12-14;7;576
12;2025-12-14;8;705
12;2025-12-14;9;911
12;2025-12-14;10;1112
12;2025-12-14;11;1331
12;2025-12-14;12;1477
12;2025-12-14;13;1626
12;2025-12-14;14;1601
12;2025-12-14;15;1522
12;2025-12-14;16;1579
12;2025-12-14;17;1401
12;2025-12-14;18;1224
12;2025-12-14;19;1034
12;2025-12-14;20;764
12;2025-12-14;21;589
12;2025-12-14;22;367
12;2025-12-14;23;213
12;2025-12-15;0;56
12;2025-12-15;1;5
12;2025-12-15;2;8
12;2025-12-15;3;11
12;2025-12-15;4;9
12;2025-12-15;5;299
12;2025-12-15;6;1261
12;2025-12-15;7;2634
12;2025-12-15;8;3395
12;2025-12-15;9;2387
12;2025-12-15;10;1921
12;2025-12-15;11;1879
12;2025-12-15;12;1931
12;2025-12-15;13;1953
12;2025-12-15;14;1937
12;2025-12-15;15;2178
12;2025-12-15;16;2663
12;2025-12-15;17;2821
12;2025-12-15;18;3040
12;2025-12-15;19;2331
12;2025-12-15;20;1426
12;2025-12-15;21;818
12;2025-12-15;22;426
12;2025-12-15;23;213
12;2025-12-16;0;53
12;2025-12-16;1;5
12;2025-12-16;2;9
12;2025-12-16;3;12
12;2025-12-16;4;10
12;2025-12-16;5;318
12;2025-12-16;6;1348
12;2025-12-16;7;2852
12;2025-12-16;8;3688
12;2025-12-16;9;2606
12;2025-12-16;10;2133
12;2025-12-16;11;2069
12;2025-12-16;12;2079
12;2025-12-16;13;2108
12;2025-12-16;14;2109
12;2025-12-16;15;2326
12;2025-12-16;16;2828
12;2025-12-16;17;3024
12;2025-12-16;18;3202
12;2025-12-16;19;2498
12;2025-12-16;20;1535
12;2025-12-16;21;899
12;2025-12-16;22;471
12;2025-12-16;23;233
12;2025-12-17;0;54
12;2025-12-17;1;5
12;2025-12-17;2;9
12;2025-12-17;3;12
12;2025-12-17;4;10
12;2025-12-17;5;314
12;2025-12-17;6;1316
12;2025-12-17;7;2738
12;2025-12-17;8;3552
12;2025-12-17;9;2518
12;2025-12-17;10;2078
12;2025-12-17;11;2036
12;2025-12-17;12;2070
12;2025-12-17;13;2105
12;2025-12-17;14;2101
12;2025-12-17;15;2309
12;2025-12-17;16;2788
12;2025-12-17;17;2995
12;2025-12-17;18;3173
12;2025-12-17;19;2453
12;2025-12-17;20;1520
12;2025-12-17;21;902
12;2025-12-17;22;474
12;2025-12-17;23;241
12;2025-12-18;0;55
12;2025-12-18;1;5
12;2025-12-18;2;9
12;2025-12-18;3;11
12;2025-12-18;4;9
12;2025-12-18;5;311
12;2025-12-18;6;1311
12;2025-12-18;7;2739
12;2025-12-18;8;3535
12;2025-12-18;9;2525
12;2025-12-18;10;2083
12;2025-12-18;11;2035
12;2025-12-18;12;2099
12;2025-12-18;13;2126
12;2025-12-18;14;2129
12;2025-12-18;15;2339
12;2025-12-18;16;2871
12;2025-12-18;17;2958
12;2025-12-18;18;3162
12;2025-12-18;19;2429
12;2025-12-18;20;1503
12;2025-12-18;21;902
12;2025-12-18;22;478
12;2025-12-18;23;248
12;2025-12-19;0;62
12;2025-12-19;1;5
12;2025-12-19;2;9
12;2025-12-19;3;11
12;2025-12-19;4;9
12;2025-12-19;5;318
12;2025-12-19;6;1336
12;2025-12-19;7;2738
12;2025-12-19;8;3516
12;2025-12-19;9;2500
12;2025-12-19;10;2098
12;2025-12-19;11;2094
12;2025-12-19;12;2120
12;2025-12-19;13;2162
12;2025-12-19;14;2191
12;2025-12-19;15;2504
12;2025-12-19;16;3141
12;2025-12-19;17;2968
12;2025-12-19;18;2674
12;2025-12-19;19;2240
12;2025-12-19;20;1490
12;2025-12-19;21;919
12;2025-12-19;22;504
12;2025-12-19;23;280
12;2025-12-20;0;82
12;2025-12-20;1;7
12;2025-12-20;2;23
12;2025-12-20;3;26
12;2025-12-20;4;12
12;2025-12-20;5;201
12;2025-12-20;6;712
12;2025-12-20;7;867
12;2025-12-20;8;988
12;2025-12-20;9;1174
12;2025-12-20;10;1372
12;2025-12-20;11;1589
12;2025-12-20;12;1637
12;2025-12-20;13;1769
12;2025-12-20;14;1729
12;2025-12-20;15;1632
12;2025-12-20;16;1702
12;2025-12-20;17;1495
12;2025-12-20;18;1358
12;2025-12-20;19;1258
12;2025-12-20;20;911
12;2025-12-20;21;681
12;2025-12-20;22;422
12;2025-12-20;23;264
12;2025-12-21;0;76
12;2025-12-21;1;8
12;2025-12-21;2;19
12;2025-12-21;3;21
12;2025-12-21;4;10
12;2025-12-21;5;135
12;2025-12-21;6;459
12;2025-12-21;7;576
12;2025-12-21;8;705
12;2025-12-21;9;911
12;2025-12-21;10;1112
12;2025-12-21;11;1331
12;2025-12-21;12;1477
12;2025-12-21;13;1626
12;2025-12-21;14;1601
12;2025-12-21;15;1522
12;2025-12-21;16;1579
12;2025-12-21;17;1401
12;2025-12-21;18;1224
12;2025-12-21;19;1034
12;2025-12-21;20;764
12;2025-12-21;21;589
12;2025-12-21;22;367
12;2025-12-21;23;213
12;2025-12-22;0;56
12;2025-12-22;1;5
12;2025-12-22;2;8
12;2025-12-22;3;11
12;2025-12-22;4;9
12;2025-12-22;5;299
12;2025-12-22;6;1261
12;2025-12-22;7;2634
12;2025-12-22;8;3395
12;2025-12-22;9;2387
12;2025-12-22;10;1921
12;2025-12-22;11;1879
12;2025-12-22;12;1931
12;2025-12-22;13;1953
12;2025-12-22;14;1937
12;2025-12-22;15;2178
12;2025-12-22;16;2663
12;2025-12-22;17;2821
12;2025-12-22;18;3040
12;2025-12-22;19;2331
12;2025-12-22;20;1426
12;2025-12-22;21;818
12;2025-12-22;22;426
12;2025-12-22;23;213
12;2025-12-23;0;53
12;2025-12-23;1;5
12;2025-12-23;2;9
12;2025-12-23;3;12
12;2025-12-23;4;10
12;2025-12-23;5;318
12;2025-12-23;6;1348
12;2025-12-23;7;2852
12;2025-12-23;8;3688
12;2025-12-23;9;2606
12;2025-12-23;10;2133
12;2025-12-23;11;2069
12;2025-12-23;12;2079
12;2025-12-23;13;2108
12;2025-12-23;14;2109
12;2025-12-23;15;2326
12;2025-12-23;16;2828
12;2025-12-23;17;3024
12;2025-12-23;18;3202
12;2025-12-23;19;2498
12;2025-12-23;20;1535
12;2025-12-23;21;899
12;2025-12-23;22;471
12;2025-12-23;23;233
12;2025-12-24;0;54
12;2025-12-24;1;5
12;2025-12-24;2;9
12;2025-12-24;3;12
12;2025-12-24;4;10
12;2025-12-24;5;314
12;2025-12-24;6;1316
12;2025-12-24;7;2738
12;2025-12-24;8;3552
12;2025-12-24;9;2518
12;2025-12-24;10;2078
12;2025-12-24;11;2036
12;2025-12-24;12;2070
12;2025-12-24;13;2105
12;2025-12-24;14;2101
12;2025-12-24;15;2309
12;2025-12-24;16;2788
12;2025-12-24;17;2995
12;2025-12-24;18;3173
12;2025-12-24;19;2453
12;2025-12-24;20;1520
12;2025-12-24;21;902
12;2025-12-24;22;474
12;2025-12-24;23;241
12;2025-12-25;0;55
12;2025-12-25;1;5
12;2025-12-25;2;9
12;2025-12-25;3;11
12;2025-12-25;4;9
12;2025-12-25;5;311
12;2025-12-25;6;1311
12;2025-12-25;7;2739
12;2025-12-25;8;3535
12;2025-12-25;9;2525
12;2025-12-25;10;2083
12;2025-12-25;11;2035
12;2025-12-25;12;2099
12;2025-12-25;13;2126
12;2025-12-25;14;2129
12;2025-12-25;15;2339
12;2025-12-25;16;2871
12;2025-12-25;17;2958
12;2025-12-25;18;3162
12;2025-12-25;19;2429
12;2025-12-25;20;1503
12;2025-12-25;21;902
12;2025-12-25;22;478
12;2025-12-25;23;248
12;2025-12-26;0;62
12;2025-12-26;1;5
12;2025-12-26;2;9
12;2025-12-26;3;11
12;2025-12-26;4;9
12;2025-12-26;5;318
12;2025-12-26;6;1336
12;2025-12-26;7;2738
12;2025-12-26;8;3516
12;2025-12-26;9;2500
12;2025-12-26;10;2098
12;2025-12-26;11;2094
12;2025-12-26;12;2120
12;2025-12-26;13;2162
12;2025-12-26;14;2191
12;2025-12-26;15;2504
12;2025-12-26;16;3141
12;2025-12-26;17;2968
12;2025-12-26;18;2674
12;2025-12-26;19;2240
12;2025-12-26;20;1490
12;2025-12-26;21;919
12;2025-12-26;22;504
12;2025-12-26;23;280
12;2025-12-27;0;82
12;2025-12-27;1;7
12;2025-12-27;2;23
12;2025-12-27;3;26
12;2025-12-27;4;12
12;2025-12-27;5;201
12;2025-12-27;6;712
12;2025-12-27;7;867
12;2025-12-27;8;988
12;2025-12-27;9;1174
12;2025-12-27;10;1372
12;2025-12-27;11;1589
12;2025-12-27;12;1637
12;2025-12-27;13;1769
12;2025-12-27;14;1729
12;2025-12-27;15;1632
12;2025-12-27;16;1702
12;2025-12-27;17;1495
12;2025-12-27;18;1358
12;2025-12-27;19;1258
12;2025-12-27;20;911
12;2025-12-27;21;681
12;2025-12-27;22;422
12;2025-12-27;23;264
12;2025-12-28;0;76
12;2025-12-28;1;8
12;2025-12-28;2;19
12;2025-12-28;3;21
12;2025-12-28;4;10
12;2025-12-28;5;135
12;2025-12-28;6;459
12;2025-12-28;7;576
12;2025-12-28;8;705
12;2025-12-28;9;911
12;2025-12-28;10;1112
12;2025-12-28;11;1331
12;2025-12-28;12;1477
12;2025-12-28;13;1626
12;2025-12-28;14;1601
12;2025-12-28;15;1522
12;2025-12-28;16;1579
12;2025-12-28;17;1401
12;2025-12-28;18;1224
12;2025-12-28;19;1034
12;2025-12-28;20;764
12;2025-12-28;21;589
12;2025-12-28;22;367
12;2025-12-28;23;213
12;2025-12-29;0;56
12;2025-12-29;1;5
12;2025-12-29;2;8
12;2025-12-29;3;11
12;2025-12-29;4;9
12;2025-12-29;5;299
12;2025-12-29;6;1261
12;2025-12-29;7;2634
12;2025-12-29;8;3395
12;2025-12-29;9;2387
12;2025-12-29;10;1921
12;2025-12-29;11;1879
12;2025-12-29;12;1931
12;2025-12-29;13;1953
12;2025-12-29;14;1937
12;2025-12-29;15;2178
12;2025-12-29;16;2663
12;2025-12-29;17;2821
12;2025-12-29;18;3040
12;2025-12-29;19;2331
12;2025-12-29;20;1426
12;2025-12-29;21;818
12;2025-12-29;22;426
12;2025-12-29;23;213
12;2025-12-30;0;53
12;2025-12-30;1;5
12;2025-12-30;2;9
12;2025-12-30;3;12
12;2025-12-30;4;10
12;2025-12-30;5;318
12;2025-12-30;6;1348
12;2025-12-30;7;2852
12;2025-12-30;8;3688
12;2025-12-30;9;2606
12;2025-12-30;10;2133
12;2025-12-30;11;2069
12;2025-12-30;12;2079
12;2025-12-30;13;2108
12;2025-12-30;14;2109
12;2025-12-30;15;2326
12;2025-12-30;16;2828
12;2025-12-30;17;3024
12;2025-12-30;18;3202
12;2025-12-30;19;2498
12;2025-12-30;20;1535
12;2025-12-30;21;899
12;2025-12-30;22;471
12;2025-12-30;23;233
12;2025-12-31;0;47
12;2025-12-31;1;6
12;2025-12-31;2;11
12;2025-12-31;3;12
12;2025-12-31;4;8
12;2025-12-31;5;106
12;2025-12-31;6;309
12;2025-12-31;7;348
12;2025-12-31;8;416
12;2025-12-31;9;423
12;2025-12-31;10;492
12;2025-12-31;11;582
12;2025-12-31;12;753
12;2025-12-31;13;863
12;2025-12-31;14;893
12;2025-12-31;15;915
12;2025-12-31;16;990
12;2025-12-31;17;930
12;2025-12-31;18;894
12;2025-12-31;19;828
12;2025-12-31;20;571
12;2025-12-31;21;462
12;2025-12-31;22;299
12;2025-12-31;23;168
17;2025-11-01;0;187
17;2025-11-01;1;24
17;2025-11-01;2;78
17;2025-11-01;3;63
17;2025-11-01;4;20
17;2025-11-01;5;145
17;2025-11-01;6;584
17;2025-11-01;7;1189
17;2025-11-01;8;1690
17;2025-11-01;9;2176
17;2025-11-01;10;2426
17;2025-11-01;11;2937
17;2025-11-01;12;3335
17;2025-11-01;13;3579
17;2025-11-01;14;3608
17;2025-11-01;15;3589
17;2025-11-01;16;3579
17;2025-11-01;17;3147
17;2025-11-01;18;2844
17;2025-11-01;19;2501
17;2025-11-01;20;1855
17;2025-11-01;21;1340
17;2025-11-01;22;853
17;2025-11-01;23;439
17;2025-11-02;0;174
17;2025-11-02;1;25
17;2025-11-02;2;67
17;2025-11-02;3;54
17;2025-11-02;4;17
17;2025-11-02;5;107
17;2025-11-02;6;410
17;2025-11-02;7;804
17;2025-11-02;8;1203
17;2025-11-02;9;1709
17;2025-11-02;10;1979
17;2025-11-02;11;2487
17;2025-11-02;12;3048
17;2025-11-02;13;3298
17;2025-11-02;14;3353
17;2025-11-02;15;3350
17;2025-11-02;16;3301
17;2025-11-02;17;2876
17;2025-11-02;18;2551
17;2025-11-02;19;2121
17;2025-11-02;20;1617
17;2025-11-02;21;1173
17;2025-11-02;22;740
17;2025-11-02;23;344
17;2025-11-03;0;121
17;2025-11-03;1;20
17;2025-11-03;2;59
17;2025-11-03;3;52
17;2025-11-03;4;29
17;2025-11-03;5;191
17;2025-11-03;6;701
17;2025-11-03;7;1215
17;2025-11-03;8;1608
17;2025-11-03;9;1689
17;2025-11-03;10;1727
17;2025-11-03;11;1961
17;2025-11-03;12;2532
17;2025-11-03;13;2672
17;2025-11-03;14;2667
17;2025-11-03;15;2753
17;2025-11-03;16;2836
17;2025-11-03;17;2776
17;2025-11-03;18;2841
17;2025-11-03;19;2283
17;2025-11-03;20;1533
17;2025-11-03;21;1123
17;2025-11-03;22;724
17;2025-11-03;23;310
17;2025-11-04;0;144
17;2025-11-04;1;26
17;2025-11-04;2;60
17;2025-11-04;3;50
17;2025-11-04;4;27
17;2025-11-04;5;170
17;2025-11-04;6;593
17;2025-11-04;7;1015
17;2025-11-04;8;1360
17;2025-11-04;9;1503
17;2025-11-04;10;1614
17;2025-11-04;11;1910
17;2025-11-04;12;2465
17;2025-11-04;13;2687
17;2025-11-04;14;2734
17;2025-11-04;15;2864
17;2025-11-04;16;2905
17;2025-11-04;17;2773
17;2025-11-04;18;2723
17;2025-11-04;19;2289
17;2025-11-04;20;1653
17;2025-11-04;21;1274
17;2025-11-04;22;813
17;2025-11-04;23;361
17;2025-11-05;0;110
17;2025-11-05;1;12
17;2025-11-05;2;28
17;2025-11-05;3;28
17;2025-11-05;4;22
17;2025-11-05;5;295
17;2025-11-05;6;1414
17;2025-11-05;7;3888
17;2025-11-05;8;5289
17;2025-11-05;9;3808
17;2025-11-05;10;3034
17;2025-11-05;11;2981
17;2025-11-05;12;3036
17;2025-11-05;13;3123
17;2025-11-05;14;3125
17;2025-11-05;15;3322
17;2025-11-05;16;3686
17;2025-11-05;17;4332
17;2025-11-05;18;4836
17;2025-11-05;19;3450
17;2025-11-05;20;2338
17;2025-11-05;21;1532
17;2025-11-05;22;848
17;2025-11-05;23;364
17;2025-11-06;0;115
17;2025-11-06;1;12
17;2025-11-06;2;27
17;2025-11-06;3;27
17;2025-11-06;4;21
17;2025-11-06;5;296
17;2025-11-06;6;1420
17;2025-11-06;7;3931
17;2025-11-06;8;5324
17;2025-11-06;9;3830
17;2025-11-06;10;3056
17;2025-11-06;11;3002
17;2025-11-06;12;3101
17;2025-11-06;13;3167
17;2025-11-06;14;3185
17;2025-11-06;15;3385
17;2025-11-06;16;3837
17;2025-11-06;17;4340
17;2025-11-06;18;4871
17;2025-11-06;19;3453
17;2025-11-06;20;2360
17;2025-11-06;21;1562
17;2025-11-06;22;863
17;2025-11-06;23;379
17;2025-11-07;0;126
17;2025-11-07;1;13
17;2025-11-07;2;28
17;2025-11-07;3;28
17;2025-11-07;4;21
17;2025-11-07;5;300
17;2025-11-07;6;1427
17;2025-11-07;7;3876
17;2025-11-07;8;5213
17;2025-11-07;9;3765
17;2025-11-07;10;3048
17;2025-11-07;11;3068
17;2025-11-07;12;3124
17;2025-11-07;13;3210
17;2025-11-07;14;3285
17;2025-11-07;15;3679
17;2025-11-07;16;4218
17;2025-11-07;17;4332
17;2025-11-07;18;4140
17;2025-11-07;19;3159
17;2025-11-07;20;2293
17;2025-11-07;21;1563
17;2025-11-07;22;904
17;2025-11-07;23;420
17;2025-11-08;0;187
17;2025-11-08;1;24
17;2025-11-08;2;78
17;2025-11-08;3;63
17;2025-11-08;4;20
17;2025-11-08;5;145
17;2025-11-08;6;584
17;2025-11-08;7;1189
17;2025-11-08;8;1690
17;2025-11-08;9;2176
17;2025-11-08;10;2426
17;2025-11-08;11;2937
17;2025-11-08;12;3335
17;2025-11-08;13;3579
17;2025-11-08;14;3608
17;2025-11-08;15;3589
17;2025-11-08;16;3579
17;2025-11-08;17;3147
17;2025-11-08;18;2844
17;2025-11-08;19;2501
17;2025-11-08;20;1855
17;2025-11-08;21;1340
17;2025-11-08;22;853
17;2025-11-08;23;439
17;2025-11-09;0;174
17;2025-11-09;1;25
17;2025-11-09;2;67
17;2025-11-09;3;54
17;2025-11-09;4;17
17;2025-11-09;5;107
17;2025-11-09;6;410
17;2025-11-09;7;804
17;2025-11-09;8;1203
17;2025-11-09;9;1709
17;2025-11-09;10;1979
17;2025-11-09;11;2487
17;2025-11-09;12;3048
17;2025-11-09;13;3298
17;2025-11-09;14;3353
17;2025-11-09;15;3350
17;2025-11-09;16;3301
17;2025-11-09;17;2876
17;2025-11-09;18;2551
17;2025-11-09;19;2121
17;2025-11-09;20;1617
17;2025-11-09;21;1173
17;2025-11-09;22;740
17;2025-11-09;23;344
17;2025-11-10;0;102
17;2025-11-10;1;12
17;2025-11-10;2;26
17;2025-11-10;3;26
17;2025-11-10;4;21
17;2025-11-10;5;290
17;2025-11-10;6;1394
17;2025-11-10;7;3883
17;2025-11-10;8;5266
17;2025-11-10;9;3723
17;2025-11-10;10;2892
17;2025-11-10;11;2842
17;2025-11-10;12;2941
17;2025-11-10;13;3003
17;2025-11-10;14;2993
17;2025-11-10;15;3237
17;2025-11-10;16;3656
17;2025-11-10;17;4252
17;2025-11-10;18;4856
17;2025-11-10;19;3388
17;2025-11-10;20;2273
17;2025-11-10;21;1407
17;2025-11-10;22;757
17;2025-11-10;23;315
17;2025-11-11;0;101
17;2025-11-11;1;11
17;2025-11-11;2;28
17;2025-11-11;3;28
17;2025-11-11;4;22
17;2025-11-11;5;295
17;2025-11-11;6;1428
17;2025-11-11;7;4013
17;2025-11-11;8;5429
17;2025-11-11;9;3890
17;2025-11-11;10;3081
17;2025-11-11;11;2998
17;2025-11-11;12;3004
17;2025-11-11;13;3068
17;2025-11-11;14;3087
17;2025-11-11;15;3290
17;2025-11-11;16;3696
17;2025-11-11;17;4365
17;2025-11-11;18;4903
17;2025-11-11;19;3485
17;2025-11-11;20;2346
17;2025-11-11;21;1483
17;2025-11-11;22;807
17;2025-11-11;23;332
17;2025-11-12;0;110
17;2025-11-12;1;12
17;2025-11-12;2;28
17;2025-11-12;3;28
17;2025-11-12;4;22
17;2025-11-12;5;295
17;2025-11-12;6;1414
17;2025-11-12;7;3888
17;2025-11-12;8;5289
17;2025-11-12;9;3808
17;2025-11-12;10;3034
17;2025-11-12;11;2981
17;2025-11-12;12;3036
17;2025-11-12;13;3123
17;2025-11-12;14;3125
17;2025-11-12;15;3322
17;2025-11-12;16;3686
17;2025-11-12;17;4332
17;2025-11-12;18;4836
17;2025-11-12;19;3450
17;2025-11-12;20;2338
17;2025-11-12;21;1532
17;2025-11-12;22;848
17;2025-11-12;23;364
17;2025-11-13;0;115
17;2025-11-13;1;12
17;2025-11-13;2;27
17;2025-11-13;3;27
17;2025-11-13;4;21
17;2025-11-13;5;296
17;2025-11-13;6;1420
17;2025-11-13;7;3931
17;2025-11-13;8;5324
17;2025-11-13;9;3830
17;2025-11-13;10;3056
17;2025-11-13;11;3002
17;2025-11-13;12;3101
17;2025-11-13;13;3167
17;2025-11-13;14;3185
17;2025-11-13;15;3385
17;2025-11-13;16;3837
17;2025-11-13;17;4340
17;2025-11-13;18;4871
17;2025-11-13;19;3453
17;2025-11-13;20;2360
17;2025-11-13;21;1562
17;2025-11-13;22;863
17;2025-11-13;23;379
17;2025-11-14;0;126
17;2025-11-14;1;13
17;2025-11-14;2;28
17;2025-11-14;3;28
17;2025-11-14;4;21
17;2025-11-14;5;300
17;2025-11-14;6;1427
17;2025-11-14;7;3876
17;2025-11-14;8;5213
17;2025-11-14;9;3765
17;2025-11-14;10;3048
17;2025-11-14;11;3068
17;2025-11-14;12;3124
17;2025-11-14;13;3210
17;2025-11-14;14;3285
17;2025-11-14;15;3679
17;2025-11-14;16;4218
17;2025-11-14;17;4332
17;2025-11-14;18;4140
17;2025-11-14;19;3159
17;2025-11-14;20;2293
17;2025-11-14;21;1563
17;2025-11-14;22;904
17;2025-11-14;23;420
17;2025-11-15;0;187
17;2025-11-15;1;24
17;2025-11-15;2;78
17;2025-11-15;3;63
17;2025-11-15;4;20
17;2025-11-15;5;145
17;2025-11-15;6;584
17;2025-11-15;7;1189
17;2025-11-15;8;1690
17;2025-11-15;9;2176
17;2025-11-15;10;2426
17;2025-11-15;11;2937
17;2025-11-15;12;3335
17;2025-11-15;13;3579
17;2025-11-15;14;3608
17;2025-11-15;15;3589
17;2025-11-15;16;3579
17;2025-11-15;17;3147
17;2025-11-15;18;2844
17;2025-11-15;19;2501
17;2025-11-15;20;1855
17;2025-11-15;21;1340
17;2025-11-15;22;853
17;2025-11-15;23;439
17;2025-11-16;0;174
17;2025-11-16;1;25
17;2025-11-16;2;67
17;2025-11-16;3;54
17;2025-11-16;4;17
17;2025-11-16;5;107
17;2025-11-16;6;410
17;2025-11-16;7;804
17;2025-11-16;8;1203
17;2025-11-16;9;1709
17;2025-11-16;10;1979
17;2025-11-16;11;2487
17;2025-11-16;12;3048
17;2025-11-16;13;3298
17;2025-11-16;14;3353
17;2025-11-16;15;3350
17;2025-11-16;16;3301
17;2025-11-16;17;2876
17;2025-11-16;18;2551
17;2025-11-16;19;2121
17;2025-11-16;20;1617
17;2025-11-16;21;1173
17;2025-11-16;22;740
17;2025-11-16;23;344
17;2025-11-17;0;102
17;2025-11-17;1;12
17;2025-11-17;2;26
17;2025-11-17;3;26
17;2025-11-17;4;21
17;2025-11-17;5;290
17;2025-11-17;6;1394
17;2025-11-17;7;3883
17;2025-11-17;8;5266
17;2025-11-17;9;3723
17;2025-11-17;10;2892
17;2025-11-17;11;2842
17;2025-11-17;12;2941
17;2025-11-17;13;3003
17;2025-11-17;14;2993
17;2025-11-17;15;3237
17;2025-11-17;16;3656
17;2025-11-17;17;4252
17;2025-11-17;18;4856
17;2025-11-17;19;3388
17;2025-11-17;20;2273
17;2025-11-17;21;1407
17;2025-11-17;22;757
17;2025-11-17;23;315
17;2025-11-18;0;101
17;2025-11-18;1;11
17;2025-11-18;2;28
17;2025-11-18;3;28
17;2025-11-18;4;22
17;2025-11-18;5;295
17;2025-11-18;6;1428
17;2025-11-18;7;4013
17;2025-11-18;8;5429
17;2025-11-18;9;3890
17;2025-11-18;10;3081
17;2025-11-18;11;2998
17;2025-11-18;12;3004
17;2025-11-18;13;3068
17;2025-11-18;14;3087
17;2025-11-18;15;3290
17;2025-11-18;16;3696
17;2025-11-18;17;4365
17;2025-11-18;18;4903
17;2025-11-18;19;3485
17;2025-11-18;20;2346
17;2025-11-18;21;1483
17;2025-11-18;22;807
17;2025-11-18;23;332
17;2025-11-19;0;110
17;2025-11-19;1;12
17;2025-11-19;2;28
17;2025-11-19;3;28
17;2025-11-19;4;22
17;2025-11-19;5;295
17;2025-11-19;6;1414
17;2025-11-19;7;3888
17;2025-11-19;8;5289
17;2025-11-19;9;3808
17;2025-11-19;10;3034
17;2025-11-19;11;2981
17;2025-11-19;12;3036
17;2025-11-19;13;3123
17;2025-11-19;14;3125
17;2025-11-19;15;3322
17;2025-11-19;16;3686
17;2025-11-19;17;4332
17;2025-11-19;18;4836
17;2025-11-19;19;3450
17;2025-11-19;20;2338
17;2025-11-19;21;1532
17;2025-11-19;22;848
17;2025-11-19;23;364
17;2025-11-20;0;115
17;2025-11-20;1;12
17;2025-11-20;2;27
17;2025-11-20;3;27
17;2025-11-20;4;21
17;2025-11-20;5;296
17;2025-11-20;6;1420
17;2025-11-20;7;3931
17;2025-11-20;8;5324
17;2025-11-20;9;3830
17;2025-11-20;10;3056
17;2025-11-20;11;3002
17;2025-11-20;12;3101
17;2025-11-20;13;3167
17;2025-11-20;14;3185
17;2025-11-20;15;3385
17;2025-11-20;16;3837
17;2025-11-20;17;4340
17;2025-11-20;18;4871
17;2025-11-20;19;3453
17;2025-11-20;20;2360
17;2025-11-20;21;1562
17;2025-11-20;22;863
17;2025-11-20;23;379
17;2025-11-21;0;126
17;2025-11-21;1;13
17;2025-11-21;2;28
17;2025-11-21;3;28
17;2025-11-21;4;21
17;2025-11-21;5;300
17;2025-11-21;6;1427
17;2025-11-21;7;3876
17;2025-11-21;8;5213
17;2025-11-21;9;3765
17;2025-11-21;10;3048
17;2025-11-21;11;3068
17;2025-11-21;12;3124
17;2025-11-21;13;3210
17;2025-11-21;14;3285
17;2025-11-21;15;3679
17;2025-11-21;16;4218
17;2025-11-21;17;4332
17;2025-11-21;18;4140
17;2025-11-21;19;3159
17;2025-11-21;20;2293
17;2025-11-21;21;1563
17;2025-11-21;22;904
17;2025-11-21;23;420
17;2025-11-22;0;187
17;2025-11-22;1;24
17;2025-11-22;2;78
17;2025-11-22;3;63
17;2025-11-22;4;20
17;2025-11-22;5;145
17;2025-11-22;6;584
17;2025-11-22;7;1189
17;2025-11-22;8;1690
17;2025-11-22;9;2176
17;2025-11-22;10;2426
17;2025-11-22;11;2937
17;2025-11-22;12;3335
17;2025-11-22;13;3579
17;2025-11-22;14;3608
17;2025-11-22;15;3589
17;2025-11-22;16;3579
17;2025-11-22;17;3147
17;2025-11-22;18;2844
17;2025-11-22;19;2501
17;2025-11-22;20;1855
17;2025-11-22;21;1340
17;2025-11-22;22;853
17;2025-11-22;23;439
17;2025-11-23;0;174
17;2025-11-23;1;25
17;2025-11-23;2;67
17;2025-11-23;3;54
17;2025-11-23;4;17
17;2025-11-23;5;107
17;2025-11-23;6;410
17;2025-11-23;7;804
17;2025-11-23;8;1203
17;2025-11-23;9;1709
17;2025-11-23;10;1979
17;2025-11-23;11;2487
17;2025-11-23;12;3048
17;2025-11-23;13;3298
17;2025-11-23;14;3353
17;2025-11-23;15;3350
17;2025-11-23;16;3301
17;2025-11-23;17;2876
17;2025-11-23;18;2551
17;2025-11-23;19;2121
17;2025-11-23;20;1617
17;2025-11-23;21;1173
17;2025-11-23;22;740
17;2025-11-23;23;344
17;2025-11-24;0;102
17;2025-11-24;1;12
17;2025-11-24;2;26
17;2025-11-24;3;26
17;2025-11-24;4;21
17;2025-11-24;5;290
17;2025-11-24;6;1394
17;2025-11-24;7;3883
17;2025-11-24;8;5266
17;2025-11-24;9;3723
17;2025-11-24;10;2892
17;2025-11-24;11;2842
17;2025-11-24;12;2941
17;2025-11-24;13;3003
17;2025-11-24;14;2993
17;2025-11-24;15;3237
17;2025-11-24;16;3656
17;2025-11-24;17;4252
17;2025-11-24;18;4856
17;2025-11-24;19;3388
17;2025-11-24;20;2273
17;2025-11-24;21;1407
17;2025-11-24;22;757
17;2025-11-24;23;315
17;2025-11-25;0;101
17;2025-11-25;1;11
17;2025-11-25;2;28
17;2025-11-25;3;28
17;2025-11-25;4;22
17;2025-11-25;5;295
17;2025-11-25;6;1428
17;2025-11-25;7;4013
17;2025-11-25;8;5429
17;2025-11-25;9;3890
17;2025-11-25;10;3081
17;2025-11-25;11;2998
17;2025-11-25;12;3004
17;2025-11-25;13;3068
17;2025-11-25;14;3087
17;2025-11-25;15;3290
17;2025-11-25;16;3696
17;2025-11-25;17;4365
17;2025-11-25;18;4903
17;2025-11-25;19;3485
17;2025-11-25;20;2346
17;2025-11-25;21;1483
17;2025-11-25;22;807
17;2025-11-25;23;332
17;2025-11-26;0;110
17;2025-11-26;1;12
17;2025-11-26;2;28
17;2025-11-26;3;28
17;2025-11-26;4;22
17;2025-11-26;5;295
17;2025-11-26;6;1414
17;2025-11-26;7;3888
17;2025-11-26;8;5289
17;2025-11-26;9;3808
17;2025-11-26;10;3034
17;2025-11-26;11;2981
17;2025-11-26;12;3036
17;2025-11-26;13;3123
17;2025-11-26;14;3125
17;2025-11-26;15;3322
17;2025-11-26;16;3686
17;2025-11-26;17;4332
17;2025-11-26;18;4836
17;2025-11-26;19;3450
17;2025-11-26;20;2338
17;2025-11-26;21;1532
17;2025-11-26;22;848
17;2025-11-26;23;364
17;2025-11-27;0;115
17;2025-11-27;1;12
17;2025-11-27;2;27
17;2025-11-27;3;27
17;2025-11-27;4;21
17;2025-11-27;5;296
17;2025-11-27;6;1420
17;2025-11-27;7;3931
17;2025-11-27;8;5324
17;2025-11-27;9;3830
17;2025-11-27;10;3056
17;2025-11-27;11;3002
17;2025-11-27;12;3101
17;2025-11-27;13;3167
17;2025-11-27;14;3185
17;2025-11-27;15;3385
17;2025-11-27;16;3837
17;2025-11-27;17;4340
17;2025-11-27;18;4871
17;2025-11-27;19;3453
17;2025-11-27;20;2360
17;2025-11-27;21;1562
17;2025-11-27;22;863
17;2025-11-27;23;379
17;2025-11-28;0;126
17;2025-11-28;1;13
17;2025-11-28;2;28
17;2025-11-28;3;28
17;2025-11-28;4;21
17;2025-11-28;5;300
17;2025-11-28;6;1427
17;2025-11-28;7;3876
17;2025-11-28;8;5213
17;2025-11-28;9;3765
17;2025-11-28;10;3048
17;2025-11-28;11;3068
17;2025-11-28;12;3124
17;2025-11-28;13;3210
17;2025-11-28;14;3285
17;2025-11-28;15;3679
17;2025-11-28;16;4218
17;2025-11-28;17;4332
17;2025-11-28;18;4140
17;2025-11-28;19;3159
17;2025-11-28;20;2293
17;2025-11-28;21;1563
17;2025-11-28;22;904
17;2025-11-28;23;420
17;2025-11-29;0;187
17;2025-11-29;1;24
17;2025-11-29;2;78
17;2025-11-29;3;63
17;2025-11-29;4;20
17;2025-11-29;5;145
17;2025-11-29;6;584
17;2025-11-29;7;1189
17;2025-11-29;8;1690
17;2025-11-29;9;2176
17;2025-11-29;10;2426
17;2025-11-29;11;2937
17;2025-11-29;12;3335
17;2025-11-29;13;3579
17;2025-11-29;14;3608
17;2025-11-29;15;3589
17;2025-11-29;16;3579
17;2025-11-29;17;3147
17;2025-11-29;18;2844
17;2025-11-29;19;2501
17;2025-11-29;20;1855
17;2025-11-29;21;1340
17;2025-11-29;22;853
17;2025-11-29;23;439
17;2025-11-30;0;174
17;2025-11-30;1;25
17;2025-11-30;2;67
17;2025-11-30;3;54
17;2025-11-30;4;17
17;2025-11-30;5;107
17;2025-11-30;6;410
17;2025-11-30;7;804
17;2025-11-30;8;1203
17;2025-11-30;9;1709
17;2025-11-30;10;1979
17;2025-11-30;11;2487
17;2025-11-30;12;3048
17;2025-11-30;13;3298
17;2025-11-30;14;3353
17;2025-11-30;15;3350
17;2025-11-30;16;3301
17;2025-11-30;17;2876
17;2025-11-30;18;2551
17;2025-11-30;19;2121
17;2025-11-30;20;1617
17;2025-11-30;21;1173
17;2025-11-30;22;740
17;2025-11-30;23;344
17;2025-12-01;0;100
17;2025-12-01;1;11
17;2025-12-01;2;25
17;2025-12-01;3;26
17;2025-12-01;4;21
17;2025-12-01;5;290
17;2025-12-01;6;1389
17;2025-12-01;7;3888
17;2025-12-01;8;5220
17;2025-12-01;9;3670
17;2025-12-01;10;2826
17;2025-12-01;11;2786
17;2025-12-01;12;2878
17;2025-12-01;13;2948
17;2025-12-01;14;2945
17;2025-12-01;15;3222
17;2025-12-01;16;3645
17;2025-12-01;17;4247
17;2025-12-01;18;4816
17;2025-12-01;19;3332
17;2025-12-01;20;2237
17;2025-12-01;21;1364
17;2025-12-01;22;744
17;2025-12-01;23;313
17;2025-12-02;0;99
17;2025-12-02;1;12
17;2025-12-02;2;27
17;2025-12-02;3;27
17;2025-12-02;4;21
17;2025-12-02;5;295
17;2025-12-02;6;1423
17;2025-12-02;7;4012
17;2025-12-02;8;5408
17;2025-12-02;9;3819
17;2025-12-02;10;2995
17;2025-12-02;11;2925
17;2025-12-02;12;2948
17;2025-12-02;13;3025
17;2025-12-02;14;3049
17;2025-12-02;15;3277
17;2025-12-02;16;3685
17;2025-12-02;17;4337
17;2025-12-02;18;4823
17;2025-12-02;19;3413
17;2025-12-02;20;2295
17;2025-12-02;21;1433
17;2025-12-02;22;788
17;2025-12-02;23;329
17;2025-12-03;0;107
17;2025-12-03;1;11
17;2025-12-03;2;27
17;2025-12-03;3;28
17;2025-12-03;4;22
17;2025-12-03;5;296
17;2025-12-03;6;1406
17;2025-12-03;7;3893
17;2025-12-03;8;5260
17;2025-12-03;9;3731
17;2025-12-03;10;2947
17;2025-12-03;11;2907
17;2025-12-03;12;2966
17;2025-12-03;13;3055
17;2025-12-03;14;3069
17;2025-12-03;15;3284
17;2025-12-03;16;3666
17;2025-12-03;17;4315
17;2025-12-03;18;4797
17;2025-12-03;19;3372
17;2025-12-03;20;2298
17;2025-12-03;21;1456
17;2025-12-03;22;809
17;2025-12-03;23;355
17;2025-12-04;0;109
17;2025-12-04;1;11
17;2025-12-04;2;26
17;2025-12-04;3;26
17;2025-12-04;4;21
17;2025-12-04;5;294
17;2025-12-04;6;1406
17;2025-12-04;7;3900
17;2025-12-04;8;5244
17;2025-12-04;9;3747
17;2025-12-04;10;2958
17;2025-12-04;11;2909
17;2025-12-04;12;3018
17;2025-12-04;13;3097
17;2025-12-04;14;3123
17;2025-12-04;15;3340
17;2025-12-04;16;3801
17;2025-12-04;17;4289
17;2025-12-04;18;4802
17;2025-12-04;19;3358
17;2025-12-04;20;2280
17;2025-12-04;21;1479
17;2025-12-04;22;822
17;2025-12-04;23;366
17;2025-12-05;0;123
17;2025-12-05;1;13
17;2025-12-05;2;27
17;2025-12-05;3;27
17;2025-12-05;4;21
17;2025-12-05;5;299
17;2025-12-05;6;1423
17;2025-12-05;7;3888
17;2025-12-05;8;5198
17;2025-12-05;9;3731
17;2025-12-05;10;2977
17;2025-12-05;11;2998
17;2025-12-05;12;3054
17;2025-12-05;13;3153
17;2025-12-05;14;3225
17;2025-12-05;15;3637
17;2025-12-05;16;4240
17;2025-12-05;17;4360
17;2025-12-05;18;4120
17;2025-12-05;19;3111
17;2025-12-05;20;2262
17;2025-12-05;21;1512
17;2025-12-05;22;871
17;2025-12-05;23;411
17;2025-12-06;0;170
17;2025-12-06;1;22
17;2025-12-06;2;72
17;2025-12-06;3;59
17;2025-12-06;4;18
17;2025-12-06;5;125
17;2025-12-06;6;517
17;2025-12-06;7;1035
17;2025-12-06;8;1494
17;2025-12-06;9;1933
17;2025-12-06;10;2169
17;2025-12-06;11;2632
17;2025-12-06;12;3018
17;2025-12-06;13;3210
17;2025-12-06;14;3242
17;2025-12-06;15;3234
17;2025-12-06;16;3218
17;2025-12-06;17;2790
17;2025-12-06;18;2501
17;2025-12-06;19;2140
17;2025-12-06;20;1664
17;2025-12-06;21;1207
17;2025-12-06;22;792
17;2025-12-06;23;407
17;2025-12-07;0;154
17;2025-12-07;1;24
17;2025-12-07;2;61
17;2025-12-07;3;49
17;2025-12-07;4;15
17;2025-12-07;5;92
17;2025-12-07;6;369
17;2025-12-07;7;702
17;2025-12-07;8;1069
17;2025-12-07;9;1500
17;2025-12-07;10;1745
17;2025-12-07;11;2188
17;2025-12-07;12;2703
17;2025-12-07;13;2918
17;2025-12-07;14;2968
17;2025-12-07;15;2982
17;2025-12-07;16;2944
17;2025-12-07;17;2539
17;2025-12-07;18;2223
17;2025-12-07;19;1806
17;2025-12-07;20;1439
17;2025-12-07;21;1047
17;2025-12-07;22;677
17;2025-12-07;23;316
17;2025-12-08;0;100
17;2025-12-08;1;11
17;2025-12-08;2;25
17;2025-12-08;3;26
17;2025-12-08;4;21
17;2025-12-08;5;290
17;2025-12-08;6;1389
17;2025-12-08;7;3888
17;2025-12-08;8;5220
17;2025-12-08;9;3670
17;2025-12-08;10;2826
17;2025-12-08;11;2786
17;2025-12-08;12;2878
17;2025-12-08;13;2948
17;2025-12-08;14;2945
17;2025-12-08;15;3222
17;2025-12-08;16;3645
17;2025-12-08;17;4247
17;2025-12-08;18;4816
17;2025-12-08;19;3332
17;2025-12-08;20;2237
17;2025-12-08;21;1364
17;2025-12-08;22;744
17;2025-12-08;23;313
17;2025-12-09;0;99
17;2025-12-09;1;12
17;2025-12-09;2;27
17;2025-12-09;3;27
17;2025-12-09;4;21
17;2025-12-09;5;295
17;2025-12-09;6;1423
17;2025-12-09;7;4012
17;2025-12-09;8;5408
17;2025-12-09;9;3819
17;2025-12-09;10;2995
17;2025-12-09;11;2925
17;2025-12-09;12;2948
17;2025-12-09;13;3025
17;2025-12-09;14;3049
17;2025-12-09;15;3277
17;2025-12-09;16;3685
17;2025-12-09;17;4337
17;2025-12-09;18;4823
17;2025-12-09;19;3413
17;2025-12-09;20;2295
17;2025-12-09;21;1433
17;2025-12-09;22;788
17;2025-12-09;23;329
17;2025-12-10;0;107
17;2025-12-10;1;11
17;2025-12-10;2;27
17;2025-12-10;3;28
17;2025-12-10;4;22
17;2025-12-10;5;296
17;2025-12-10;6;1406
17;2025-12-10;7;3893
17;2025-12-10;8;5260
17;2025-12-10;9;3731
17;2025-12-10;10;2947
17;2025-12-10;11;2907
17;2025-12-10;12;2966
17;2025-12-10;13;3055
17;2025-12-10;14;3069
17;2025-12-10;15;3284
17;2025-12-10;16;3666
17;2025-12-10;17;4315
17;2025-12-10;18;4797
17;2025-12-10;19;3372
17;2025-12-10;20;2298
17;2025-12-10;21;1456
17;2025-12-10;22;809
17;2025-12-10;23;355
17;2025-12-11;0;109
17;2025-12-11;1;11
17;2025-12-11;2;26
17;2025-12-11;3;26
17;2025-12-11;4;21
17;2025-12-11;5;294
17;2025-12-11;6;1406
17;2025-12-11;7;3900
17;2025-12-11;8;5244
17;2025-12-11;9;3747
17;2025-12-11;10;2958
17;2025-12-11;11;2909
17;2025-12-11;12;3018
17;2025-12-11;13;3097
17;2025-12-11;14;3123
17;2025-12-11;15;3340
17;2025-12-11;16;3801
17;2025-12-11;17;4289
17;2025-12-11;18;4802
17;2025-12-11;19;3358
17;2025-12-11;20;2280
17;2025-12-11;21;1479
17;2025-12-11;22;822
17;2025-12-11;23;366
17;2025-12-12;0;123
17;2025-12-12;1;13
17;2025-12-12;2;27
17;2025-12-12;3;27
17;2025-12-12;4;21
17;2025-12-12;5;299
17;2025-12-12;6;1423
17;2025-12-12;7;3888
17;2025-12-12;8;5198
17;2025-12-12;9;3731
17;2025-12-12;10;2977
17;2025-12-12;11;2998
17;2025-12-12;12;3054
17;2025-12-12;13;3153
17;2025-12-12;14;3225
17;2025-12-12;15;3637
17;2025-12-12;16;4240
17;2025-12-12;17;4360
17;2025-12-12;18;4120
17;2025-12-12;19;3111
17;2025-12-12;20;2262
17;2025-12-12;21;1512
17;2025-12-12;22;871
17;2025-12-12;23;411
17;2025-12-13;0;170
17;2025-12-13;1;22
17;2025-12-13;2;72
17;2025-12-13;3;59
17;2025-12-13;4;18
17;2025-12-13;5;125
17;2025-12-13;6;517
17;2025-12-13;7;1035
17;2025-12-13;8;1494
17;2025-12-13;9;1933
17;2025-12-13;10;2169
17;2025-12-13;11;2632
17;2025-12-13;12;3018
17;2025-12-13;13;3210
17;2025-12-13;14;3242
17;2025-12-13;15;3234
17;2025-12-13;16;3218
17;2025-12-13;17;2790
17;2025-12-13;18;2501
17;2025-12-13;19;2140
17;2025-12-13;20;1664
17;2025-12-13;21;1207
17;2025-12-13;22;792
17;2025-12-13;23;407
17;2025-12-14;0;154
17;2025-12-14;1;24
17;2025-12-14;2;61
17;2025-12-14;3;49
17;2025-12-14;4;15
17;2025-12-14;5;92
17;2025-12-14;6;369
17;2025-12-14;7;702
17;2025-12-14;8;1069
17;2025-12-14;9;1500
17;2025-12-14;10;1745
17;2025-12-14;11;2188
17;2025-12-14;12;2703
17;2025-12-14;13;2918
17;2025-12-14;14;2968
17;2025-12-14;15;2982
17;2025-12-14;16;2944
17;2025-12-14;17;2539
17;2025-12-14;18;2223
17;2025-12-14;19;1806
17;2025-12-14;20;1439
17;2025-12-14;21;1047
17;2025-12-14;22;677
17;2025-12-14;23;316
17;2025-12-15;0;100
17;2025-12-15;1;11
17;2025-12-15;2;25
17;2025-12-15;3;26
17;2025-12-15;4;21
17;2025-12-15;5;290
17;2025-12-15;6;1389
17;2025-12-15;7;3888
17;2025-12-15;8;5220
17;2025-12-15;9;3670
17;2025-12-15;10;2826
17;2025-12-15;11;2786
17;2025-12-15;12;2878
17;2025-12-15;13;2948
17;2025-12-15;14;2945
17;2025-12-15;15;3222
17;2025-12-15;16;3645
17;2025-12-15;17;4247
17;2025-12-15;18;4816
17;2025-12-15;19;3332
17;2025-12-15;20;2237
17;2025-12-15;21;1364
17;2025-12-15;22;744
17;2025-12-15;23;313
17;2025-12-16;0;99
17;2025-12-16;1;12
17;2025-12-16;2;27
17;2025-12-16;3;27
17;2025-12-16;4;21
17;2025-12-16;5;295
17;2025-12-16;6;1423
17;2025-12-16;7;4012
17;2025-12-16;8;5408
17;2025-12-16;9;3819
17;2025-12-16;10;2995
17;2025-12-16;11;2925
17;2025-12-16;12;2948
17;2025-12-16;13;3025
17;2025-12-16;14;3049
17;2025-12-16;15;3277
17;2025-12-16;16;3685
17;2025-12-16;17;4337
17;2025-12-16;18;4823
17;2025-12-16;19;3413
17;2025-12-16;20;2295
17;2025-12-16;21;1433
17;2025-12-16;22;788
17;2025-12-16;23;329
17;2025-12-17;0;107
17;2025-12-17;1;11
17;2025-12-17;2;27
17;2025-12-17;3;28
17;2025-12-17;4;22
17;2025-12-17;5;296
17;2025-12-17;6;1406
17;2025-12-17;7;3893
17;2025-12-17;8;5260
17;2025-12-17;9;3731
17;2025-12-17;10;2947
17;2025-12-17;11;2907
17;2025-12-17;12;2966
17;2025-12-17;13;3055
17;2025-12-17;14;3069
17;2025-12-17;15;3284
17;2025-12-17;16;3666
17;2025-12-17;17;4315
17;2025-12-17;18;4797
17;2025-12-17;19;3372
17;2025-12-17;20;2298
17;2025-12-17;21;1456
17;2025-12-17;22;809
17;2025-12-17;23;355
17;2025-12-18;0;109
17;2025-12-18;1;11
17;2025-12-18;2;26
17;2025-12-18;3;26
17;2025-12-18;4;21
17;2025-12-18;5;294
17;2025-12-18;6;1406
17;2025-12-18;7;3900
17;2025-12-18;8;5244
17;2025-12-18;9;3747
17;2025-12-18;10;2958
17;2025-12-18;11;2909
17;2025-12-18;12;3018
17;2025-12-18;13;3097
17;2025-12-18;14;3123
17;2025-12-18;15;3340
17;2025-12-18;16;3801
17;2025-12-18;17;4289
17;2025-12-18;18;4802
17;2025-12-18;19;3358
17;2025-12-18;20;2280
17;2025-12-18;21;1479
17;2025-12-18;22;822
17;2025-12-18;23;366
17;2025-12-19;0;123
17;2025-12-19;1;13
17;2025-12-19;2;27
17;2025-12-19;3;27
17;2025-12-19;4;21
17;2025-12-19;5;299
17;2025-12-19;6;1423
17;2025-12-19;7;3888
17;2025-12-19;8;5198
17;2025-12-19;9;3731
17;2025-12-19;10;2977
17;2025-12-19;11;2998
17;2025-12-19;12;3054
17;2025-12-19;13;3153
17;2025-12-19;14;3225
17;2025-12-19;15;3637
17;2025-12-19;16;4240
17;2025-12-19;17;4360
17;2025-12-19;18;4120
17;2025-12-19;19;3111
17;2025-12-19;20;2262
17;2025-12-19;21;1512
17;2025-12-19;22;871
17;2025-12-19;23;411
17;2025-12-20;0;170
17;2025-12-20;1;22
17;2025-12-20;2;72
17;2025-12-20;3;59
17;2025-12-20;4;18
17;2025-12-20;5;125
17;2025-12-20;6;517
17;2025-12-20;7;1035
17;2025-12-20;8;1494
17;2025-12-20;9;1933
17;2025-12-20;10;2169
17;2025-12-20;11;2632
17;2025-12-20;12;3018
17;2025-12-20;13;3210
17;2025-12-20;14;3242
17;2025-12-20;15;3234
17;2025-12-20;16;3218
17;2025-12-20;17;2790
17;2025-12-20;18;2501
17;2025-12-20;19;2140
17;2025-12-20;20;1664
17;2025-12-20;21;1207
17;2025-12-20;22;792
17;2025-12-20;23;407
17;2025-12-21;0;154
17;2025-12-21;1;24
17;2025-12-21;2;61
17;2025-12-21;3;49
17;2025-12-21;4;15
17;2025-12-21;5;92
17;2025-12-21;6;369
17;2025-12-21;7;702
17;2025-12-21;8;1069
17;2025-12-21;9;1500
17;2025-12-21;10;1745
17;2025-12-21;11;2188
17;2025-12-21;12;2703
17;2025-12-21;13;2918
17;2025-12-21;14;2968
17;2025-12-21;15;2982
17;2025-12-21;16;2944
17;2025-12-21;17;2539
17;2025-12-21;18;2223
17;2025-12-21;19;1806
17;2025-12-21;20;1439
17;2025-12-21;21;1047
17;2025-12-21;22;677
17;2025-12-21;23;316
17;2025-12-22;0;100
17;2025-12-22;1;11
17;2025-12-22;2;25
17;2025-12-22;3;26
17;2025-12-22;4;21
17;2025-12-22;5;290
17;2025-12-22;6;1389
17;2025-12-22;7;3888
17;2025-12-22;8;5220
17;2025-12-22;9;3670
17;2025-12-22;10;2826
17;2025-12-22;11;2786
17;2025-12-22;12;2878
17;2025-12-22;13;2948
17;2025-12-22;14;2945
17;2025-12-22;15;3222
17;2025-12-22;16;3645
17;2025-12-22;17;4247
17;2025-12-22;18;4816
17;2025-12-22;19;3332
17;2025-12-22;20;2237
17;2025-12-22;21;1364
17;2025-12-22;22;744
17;2025-12-22;23;313
17;2025-12-23;0;99
17;2025-12-23;1;12
17;2025-12-23;2;27
17;2025-12-23;3;27
17;2025-12-23;4;21
17;2025-12-23;5;295
17;2025-12-23;6;1423
17;2025-12-23;7;4012
17;2025-12-23;8;5408
17;2025-12-23;9;3819
17;2025-12-23;10;2995
17;2025-12-23;11;2925
17;2025-12-23;12;2948
17;2025-12-23;13;3025
17;2025-12-23;14;3049
17;2025-12-23;15;3277
17;2025-12-23;16;3685
17;2025-12-23;17;4337
17;2025-12-23;18;4823
17;2025-12-23;19;3413
17;2025-12-23;20;2295
17;2025-12-23;21;1433
17;2025-12-23;22;788
17;2025-12-23;23;329
17;2025-12-24;0;107
17;2025-12-24;1;11
17;2025-12-24;2;27
17;2025-12-24;3;28
17;2025-12-24;4;22
17;2025-12-24;5;296
17;2025-12-24;6;1406
17;2025-12-24;7;3893
17;2025-12-24;8;5260
17;2025-12-24;9;3731
17;2025-12-24;10;2947
17;2025-12-24;11;2907
17;2025-12-24;12;2966
17;2025-12-24;13;3055
17;2025-12-24;14;3069
17;2025-12-24;15;3284
17;2025-12-24;16;3666
17;2025-12-24;17;4315
17;2025-12-24;18;4797
17;2025-12-24;19;3372
17;2025-12-24;20;2298
17;2025-12-24;21;1456
17;2025-12-24;22;809
17;2025-12-24;23;355
17;2025-12-25;0;109
17;2025-12-25;1;11
17;2025-12-25;2;26
17;2025-12-25;3;26
17;2025-12-25;4;21
17;2025-12-25;5;294
17;2025-12-25;6;1406
17;2025-12-25;7;3900
17;2025-12-25;8;5244
17;2025-12-25;9;3747
17;2025-12-25;10;2958
17;2025-12-25;11;2909
17;2025-12-25;12;3018
17;2025-12-25;13;3097
17;2025-12-25;14;3123
17;2025-12-25;15;3340
17;2025-12-25;16;3801
17;2025-12-25;17;4289
17;2025-12-25;18;4802
17;2025-12-25;19;3358
17;2025-12-25;20;2280
17;2025-12-25;21;1479
17;2025-12-25;22;822
17;2025-12-25;23;366
17;2025-12-26;0;123
17;2025-12-26;1;13
17;2025-12-26;2;27
17;2025-12-26;3;27
17;2025-12-26;4;21
17;2025-12-26;5;299
17;2025-12-26;6;1423
17;2025-12-26;7;3888
17;2025-12-26;8;5198
17;2025-12-26;9;3731
17;2025-12-26;10;2977
17;2025-12-26;11;2998
17;2025-12-26;12;3054
17;2025-12-26;13;3153
17;2025-12-26;14;3225
17;2025-12-26;15;3637
17;2025-12-26;16;4240
17;2025-12-26;17;4360
17;2025-12-26;18;4120
17;2025-12-26;19;3111
17;2025-12-26;20;2262
17;2025-12-26;21;1512
17;2025-12-26;22;871
17;2025-12-26;23;411
17;2025-12-27;0;170
17;2025-12-27;1;22
17;2025-12-27;2;72
17;2025-12-27;3;59
17;2025-12-27;4;18
17;2025-12-27;5;125
17;2025-12-27;6;517
17;2025-12-27;7;1035
17;2025-12-27;8;1494
17;2025-12-27;9;1933
17;2025-12-27;10;2169
17;2025-12-27;11;2632
17;2025-12-27;12;3018
17;2025-12-27;13;3210
17;2025-12-27;14;3242
17;2025-12-27;15;3234
17;2025-12-27;16;3218
17;2025-12-27;17;2790
17;2025-12-27;18;2501
17;2025-12-27;19;2140
17;2025-12-27;20;1664
17;2025-12-27;21;1207
17;2025-12-27;22;792
17;2025-12-27;23;407
17;2025-12-28;0;154
17;2025-12-28;1;24
17;2025-12-28;2;61
17;2025-12-28;3;49
17;2025-12-28;4;15
17;2025-12-28;5;92
17;2025-12-28;6;369
17;2025-12-28;7;702
17;2025-12-28;8;1069
17;2025-12-28;9;1500
17;2025-12-28;10;1745
17;2025-12-28;11;2188
17;2025-12-28;12;2703
17;2025-12-28;13;2918
17;2025-12-28;14;2968
17;2025-12-28;15;2982
17;2025-12-28;16;2944
17;2025-12-28;17;2539
17;2025-12-28;18;2223
17;2025-12-28;19;1806
17;2025-12-28;20;1439
17;2025-12-28;21;1047
17;2025-12-28;22;677
17;2025-12-28;23;316
17;2025-12-29;0;100
17;2025-12-29;1;11
17;2025-12-29;2;25
17;2025-12-29;3;26
17;2025-12-29;4;21
17;2025-12-29;5;290
17;2025-12-29;6;1389
17;2025-12-29;7;3888
17;2025-12-29;8;5220
17;2025-12-29;9;3670
17;2025-12-29;10;2826
17;2025-12-29;11;2786
17;2025-12-29;12;2878
17;2025-12-29;13;2948
17;2025-12-29;14;2945
17;2025-12-29;15;3222
17;2025-12-29;16;3645
17;2025-12-29;17;4247
17;2025-12-29;18;4816
17;2025-12-29;19;3332
17;2025-12-29;20;2237
17;2025-12-29;21;1364
17;2025-12-29;22;744
17;2025-12-29;23;313
17;2025-12-30;0;99
17;2025-12-30;1;12
17;2025-12-30;2;27
17;2025-12-30;3;27
17;2025-12-30;4;21
17;2025-12-30;5;295
17;2025-12-30;6;1423
17;2025-12-30;7;4012
17;2025-12-30;8;5408
17;2025-12-30;9;3819
17;2025-12-30;10;2995
17;2025-12-30;11;2925
17;2025-12-30;12;2948
17;2025-12-30;13;3025
17;2025-12-30;14;3049
17;2025-12-30;15;3277
17;2025-12-30;16;3685
17;2025-12-30;17;4337
17;2025-12-30;18;4823
17;2025-12-30;19;3413
17;2025-12-30;20;2295
17;2025-12-30;21;1433
17;2025-12-30;22;788
17;2025-12-30;23;329
17;2025-12-31;0;108
17;2025-12-31;1;18
17;2025-12-31;2;38
17;2025-12-31;3;31
17;2025-12-31;4;17
17;2025-12-31;5;103
17;2025-12-31;6;336
17;2025-12-31;7;535
17;2025-12-31;8;715
17;2025-12-31;9;785
17;2025-12-31;10;862
17;2025-12-31;11;1070
17;2025-12-31;12;1463
17;2025-12-31;13;1684
17;2025-12-31;14;1807
17;2025-12-31;15;1935
17;2025-12-31;16;1975
17;2025-12-31;17;1949
17;2025-12-31;18;1915
17;2025-12-31;19;1595
17;2025-12-31;20;1156
17;2025-12-31;21;905
17;2025-12-31;22;595
17;2025-12-31;23;283
25;2025-11-01;0;19
25;2025-11-01;1;4
25;2025-11-01;2;10
25;2025-11-01;3;10
25;2025-11-01;4;6
25;2025-11-01;5;8
25;2025-11-01;6;64
25;2025-11-01;7;153
25;2025-11-01;8;292
25;2025-11-01;9;279
25;2025-11-01;10;287
25;2025-11-01;11;354
25;2025-11-01;12;408
25;2025-11-01;13;492
25;2025-11-01;14;517
25;2025-11-01;15;587
25;2025-11-01;16;535
25;2025-11-01;17;463
25;2025-11-01;18;444
25;2025-11-01;19;371
25;2025-11-01;20;256
25;2025-11-01;21;204
25;2025-11-01;22;130
25;2025-11-01;23;46
25;2025-11-02;0;18
25;2025-11-02;1;5
25;2025-11-02;2;8
25;2025-11-02;3;9
25;2025-11-02;4;5
25;2025-11-02;5;6
25;2025-11-02;6;46
25;2025-11-02;7;108
25;2025-11-02;8;208
25;2025-11-02;9;215
25;2025-11-02;10;229
25;2025-11-02;11;294
25;2025-11-02;12;365
25;2025-11-02;13;443
25;2025-11-02;14;471
25;2025-11-02;15;536
25;2025-11-02;16;483
25;2025-11-02;17;416
25;2025-11-02;18;395
25;2025-11-02;19;313
25;2025-11-02;20;220
25;2025-11-02;21;179
25;2025-11-02;22;113
25;2025-11-02;23;36
25;2025-11-03;0;13
25;2025-11-03;1;4
25;2025-11-03;2;7
25;2025-11-03;3;8
25;2025-11-03;4;6
25;2025-11-03;5;9
25;2025-11-03;6;76
25;2025-11-03;7;160
25;2025-11-03;8;259
25;2025-11-03;9;203
25;2025-11-03;10;201
25;2025-11-03;11;231
25;2025-11-03;12;301
25;2025-11-03;13;360
25;2025-11-03;14;354
25;2025-11-03;15;402
25;2025-11-03;16;433
25;2025-11-03;17;397
25;2025-11-03;18;405
25;2025-11-03;19;307
25;2025-11-03;20;200
25;2025-11-03;21;152
25;2025-11-03;22;99
25;2025-11-03;23;17
25;2025-11-04;0;14
25;2025-11-04;1;5
25;2025-11-04;2;8
25;2025-11-04;3;8
25;2025-11-04;4;6
25;2025-11-04;5;8
25;2025-11-04;6;69
25;2025-11-04;7;143
25;2025-11-04;8;222
25;2025-11-04;9;190
25;2025-11-04;10;196
25;2025-11-04;11;232
25;2025-11-04;12;299
25;2025-11-04;13;362
25;2025-11-04;14;367
25;2025-11-04;15;412
25;2025-11-04;16;428
25;2025-11-04;17;381
25;2025-11-04;18;375
25;2025-11-04;19;308
25;2025-11-04;20;216
25;2025-11-04;21;172
25;2025-11-04;22;112
25;2025-11-04;23;19
25;2025-11-05;0;11
25;2025-11-05;1;2
25;2025-11-05;2;4
25;2025-11-05;3;5
25;2025-11-05;4;4
25;2025-11-05;5;11
25;2025-11-05;6;144
25;2025-11-05;7;494
25;2025-11-05;8;822
25;2025-11-05;9;456
25;2025-11-05;10;364
25;2025-11-05;11;381
25;2025-11-05;12;395
25;2025-11-05;13;453
25;2025-11-05;14;442
25;2025-11-05;15;515
25;2025-11-05;16;602
25;2025-11-05;17;641
25;2025-11-05;18;702
25;2025-11-05;19;468
25;2025-11-05;20;317
25;2025-11-05;21;216
25;2025-11-05;22;121
25;2025-11-05;23;19
25;2025-11-06;0;12
25;2025-11-06;1;2
25;2025-11-06;2;4
25;2025-11-06;3;4
25;2025-11-06;4;4
25;2025-11-06;5;11
25;2025-11-06;6;144
25;2025-11-06;7;500
25;2025-11-06;8;828
25;2025-11-06;9;459
25;2025-11-06;10;367
25;2025-11-06;11;383
25;2025-11-06;12;401
25;2025-11-06;13;456
25;2025-11-06;14;448
25;2025-11-06;15;522
25;2025-11-06;16;622
25;2025-11-06;17;640
25;2025-11-06;18;704
25;2025-11-06;19;466
25;2025-11-06;20;319
25;2025-11-06;21;219
25;2025-11-06;22;122
25;2025-11-06;23;20
25;2025-11-07;0;13
25;2025-11-07;1;3
25;2025-11-07;2;4
25;2025-11-07;3;5
25;2025-11-07;4;4
25;2025-11-07;5;11
25;2025-11-07;6;145
25;2025-11-07;7;493
25;2025-11-07;8;811
25;2025-11-07;9;451
25;2025-11-07;10;367
25;2025-11-07;11;392
25;2025-11-07;12;403
25;2025-11-07;13;462
25;2025-11-07;14;473
25;2025-11-07;15;562
25;2025-11-07;16;665
25;2025-11-07;17;630
25;2025-11-07;18;592
25;2025-11-07;19;426
25;2025-11-07;20;308
25;2025-11-07;21;220
25;2025-11-07;22;130
25;2025-11-07;23;24
25;2025-11-08;0;19
25;2025-11-08;1;4
25;2025-11-08;2;10
25;2025-11-08;3;10
25;2025-11-08;4;6
25;2025-11-08;5;8
25;2025-11-08;6;64
25;2025-11-08;7;153
25;2025-11-08;8;292
25;2025-11-08;9;279
25;2025-11-08;10;287
25;2025-11-08;11;354
25;2025-11-08;12;408
25;2025-11-08;13;492
25;2025-11-08;14;517
25;2025-11-08;15;587
25;2025-11-08;16;535
25;2025-11-08;17;463
25;2025-11-08;18;444
25;2025-11-08;19;371
25;2025-11-08;20;256
25;2025-11-08;21;204
25;2025-11-08;22;130
25;2025-11-08;23;46
25;2025-11-09;0;18
25;2025-11-09;1;5
25;2025-11-09;2;8
25;2025-11-09;3;9
25;2025-11-09;4;5
25;2025-11-09;5;6
25;2025-11-09;6;46
25;2025-11-09;7;108
25;2025-11-09;8;208
25;2025-11-09;9;215
25;2025-11-09;10;229
25;2025-11-09;11;294
25;2025-11-09;12;365
25;2025-11-09;13;443
25;2025-11-09;14;471
25;2025-11-09;15;536
25;2025-11-09;16;483
25;2025-11-09;17;416
25;2025-11-09;18;395
25;2025-11-09;19;313
25;2025-11-09;20;220
25;2025-11-09;21;179
25;2025-11-09;22;113
25;2025-11-09;23;36
25;2025-11-10;0;11
25;2025-11-10;1;2
25;2025-11-10;2;4
25;2025-11-10;3;4
25;2025-11-10;4;4
25;2025-11-10;5;10
25;2025-11-10;6;140
25;2025-11-10;7;488
25;2025-11-10;8;806
25;2025-11-10;9;438
25;2025-11-10;10;340
25;2025-11-10;11;354
25;2025-11-10;12;373
25;2025-11-10;13;430
25;2025-11-10;14;412
25;2025-11-10;15;491
25;2025-11-10;16;588
25;2025-11-10;17;617
25;2025-11-10;18;691
25;2025-11-10;19;449
25;2025-11-10;20;300
25;2025-11-10;21;193
25;2025-11-10;22;104
25;2025-11-10;23;17
25;2025-11-11;0;11
25;2025-11-11;1;2
25;2025-11-11;2;4
25;2025-11-11;3;5
25;2025-11-11;4;4
25;2025-11-11;5;11
25;2025-11-11;6;144
25;2025-11-11;7;505
25;2025-11-11;8;832
25;2025-11-11;9;461
25;2025-11-11;10;364
25;2025-11-11;11;377
25;2025-11-11;12;383
25;2025-11-11;13;436
25;2025-11-11;14;426
25;2025-11-11;15;499
25;2025-11-11;16;591
25;2025-11-11;17;632
25;2025-11-11;18;698
25;2025-11-11;19;462
25;2025-11-11;20;311
25;2025-11-11;21;203
25;2025-11-11;22;112
25;2025-11-11;23;17
25;2025-11-12;0;11
25;2025-11-12;1;2
25;2025-11-12;2;4
25;2025-11-12;3;5
25;2025-11-12;4;4
25;2025-11-12;5;11
25;2025-11-12;6;144
25;2025-11-12;7;494
25;2025-11-12;8;822
25;2025-11-12;9;456
25;2025-11-12;10;364
25;2025-11-12;11;381
25;2025-11-12;12;395
25;2025-11-12;13;453
25;2025-11-12;14;442
25;2025-11-12;15;515
25;2025-11-12;16;602
25;2025-11-12;17;641
25;2025-11-12;18;702
25;2025-11-12;19;468
25;2025-11-12;20;317
25;2025-11-12;21;216
25;2025-11-12;22;121
25;2025-11-12;23;19
25;2025-11-13;0;12
25;2025-11-13;1;2
25;2025-11-13;2;4
25;2025-11-13;3;4
25;2025-11-13;4;4
25;2025-11-13;5;11
25;2025-11-13;6;144
25;2025-11-13;7;500
25;2025-11-13;8;828
25;2025-11-13;9;459
25;2025-11-13;10;367
25;2025-11-13;11;383
25;2025-11-13;12;401
25;2025-11-13;13;456
25;2025-11-13;14;448
25;2025-11-13;15;522
25;2025-11-13;16;622
25;2025-11-13;17;640
25;2025-11-13;18;704
25;2025-11-13;19;466
25;2025-11-13;20;319
25;2025-11-13;21;219
25;2025-11-13;22;122
25;2025-11-13;23;20
25;2025-11-14;0;13
25;2025-11-14;1;3
25;2025-11-14;2;4
25;2025-11-14;3;5
25;2025-11-14;4;4
25;2025-11-14;5;11
25;2025-11-14;6;145
25;2025-11-14;7;493
25;2025-11-14;8;811
25;2025-11-14;9;451
25;2025-11-14;10;367
25;2025-11-14;11;392
25;2025-11-14;12;403
25;2025-11-14;13;462
25;2025-11-14;14;473
25;2025-11-14;15;562
25;2025-11-14;16;665
25;2025-11-14;17;630
25;2025-11-14;18;592
25;2025-11-14;19;426
25;2025-11-14;20;308
25;2025-11-14;21;220
25;2025-11-14;22;130
25;2025-11-14;23;24
25;2025-11-15;0;19
25;2025-11-15;1;4
25;2025-11-15;2;10
25;2025-11-15;3;10
25;2025-11-15;4;6
25;2025-11-15;5;8
25;2025-11-15;6;64
25;2025-11-15;7;153
25;2025-11-15;8;292
25;2025-11-15;9;279
25;2025-11-15;10;287
25;2025-11-15;11;354
25;2025-11-15;12;408
25;2025-11-15;13;492
25;2025-11-15;14;517
25;2025-11-15;15;587
25;2025-11-15;16;535
25;2025-11-15;17;463
25;2025-11-15;18;444
25;2025-11-15;19;371
25;2025-11-15;20;256
25;2025-11-15;21;204
25;2025-11-15;22;130
25;2025-11-15;23;46
25;2025-11-16;0;18
25;2025-11-16;1;5
25;2025-11-16;2;8
25;2025-11-16;3;9
25;2025-11-16;4;5
25;2025-11-16;5;6
25;2025-11-16;6;46
25;2025-11-16;7;108
25;2025-11-16;8;208
25;2025-11-16;9;215
25;2025-11-16;10;229
25;2025-11-16;11;294
25;2025-11-16;12;365
25;2025-11-16;13;443
25;2025-11-16;14;471
25;2025-11-16;15;536
25;2025-11-16;16;483
25;2025-11-16;17;416
25;2025-11-16;18;395
25;2025-11-16;19;313
25;2025-11-16;20;220
25;2025-11-16;21;179
25;2025-11-16;22;113
25;2025-11-16;23;36
25;2025-11-17;0;11
25;2025-11-17;1;2
25;2025-11-17;2;4
25;2025-11-17;3;4
25;2025-11-17;4;4
25;2025-11-17;5;10
25;2025-11-17;6;140
25;2025-11-17;7;488
25;2025-11-17;8;806
25;2025-11-17;9;438
25;2025-11-17;10;340
25;2025-11-17;11;354
25;2025-11-17;12;373
25;2025-11-17;13;430
25;2025-11-17;14;412
25;2025-11-17;15;491
25;2025-11-17;16;588
25;2025-11-17;17;617
25;2025-11-17;18;691
25;2025-11-17;19;449
25;2025-11-17;20;300
25;2025-11-17;21;193
25;2025-11-17;22;104
25;2025-11-17;23;17
25;2025-11-18;0;11
25;2025-11-18;1;2
25;2025-11-18;2;4
25;2025-11-18;3;5
25;2025-11-18;4;4
25;2025-11-18;5;11
25;2025-11-18;6;144
25;2025-11-18;7;505
25;2025-11-18;8;832
25;2025-11-18;9;461
25;2025-11-18;10;364
25;2025-11-18;11;377
25;2025-11-18;12;383
25;2025-11-18;13;436
25;2025-11-18;14;426
25;2025-11-18;15;499
25;2025-11-18;16;591
25;2025-11-18;17;632
25;2025-11-18;18;698
25;2025-11-18;19;462
25;2025-11-18;20;311
25;2025-11-18;21;203
25;2025-11-18;22;112
25;2025-11-18;23;17
25;2025-11-19;0;11
25;2025-11-19;1;2
25;2025-11-19;2;4
25;2025-11-19;3;5
25;2025-11-19;4;4
25;2025-11-19;5;11
25;2025-11-19;6;144
25;2025-11-19;7;494
25;2025-11-19;8;822
25;2025-11-19;9;456
25;2025-11-19;10;364
25;2025-11-19;11;381
25;2025-11-19;12;395
25;2025-11-19;13;453
25;2025-11-19;14;442
25;2025-11-19;15;515
25;2025-11-19;16;602
25;2025-11-19;17;641
25;2025-11-19;18;702
25;2025-11-19;19;468
25;2025-11-19;20;317
25;2025-11-19;21;216
25;2025-11-19;22;121
25;2025-11-19;23;19
25;2025-11-20;0;12
25;2025-11-20;1;2
25;2025-11-20;2;4
25;2025-11-20;3;4
25;2025-11-20;4;4
25;2025-11-20;5;11
25;2025-11-20;6;144
25;2025-11-20;7;500
25;2025-11-20;8;828
25;2025-11-20;9;459
25;2025-11-20;10;367
25;2025-11-20;11;383
25;2025-11-20;12;401
25;2025-11-20;13;456
25;2025-11-20;14;448
25;2025-11-20;15;522
25;2025-11-20;16;622
25;2025-11-20;17;640
25;2025-11-20;18;704
25;2025-11-20;19;466
25;2025-11-20;20;319
25;2025-11-20;21;219
25;2025-11-20;22;122
25;2025-11-20;23;20
25;2025-11-21;0;13
25;2025-11-21;1;3
25;2025-11-21;2;4
25;2025-11-21;3;5
25;2025-11-21;4;4
25;2025-11-21;5;11
25;2025-11-21;6;145
25;2025-11-21;7;493
25;2025-11-21;8;811
25;2025-11-21;9;451
25;2025-11-21;10;367
25;2025-11-21;11;392
25;2025-11-21;12;403
25;2025-11-21;13;462
25;2025-11-21;14;473
25;2025-11-21;15;562
25;2025-11-21;16;665
25;2025-11-21;17;630
25;2025-11-21;18;592
25;2025-11-21;19;426
25;2025-11-21;20;308
25;2025-11-21;21;220
25;2025-11-21;22;130
25;2025-11-21;23;24
25;2025-11-22;0;19
25;2025-11-22;1;4
25;2025-11-22;2;10
25;2025-11-22;3;10
25;2025-11-22;4;6
25;2025-11-22;5;8
25;2025-11-22;6;64
25;2025-11-22;7;153
25;2025-11-22;8;292
25;2025-11-22;9;279
25;2025-11-22;10;287
25;2025-11-22;11;354
25;2025-11-22;12;408
25;2025-11-22;13;492
25;2025-11-22;14;517
25;2025-11-22;15;587
25;2025-11-22;16;535
25;2025-11-22;17;463
25;2025-11-22;18;444
25;2025-11-22;19;371
25;2025-11-22;20;256
25;2025-11-22;21;204
25;2025-11-22;22;130
25;2025-11-22;23;46
25;2025-11-23;0;18
25;2025-11-23;1;5
25;2025-11-23;2;8
25;2025-11-23;3;9
25;2025-11-23;4;5
25;2025-11-23;5;6
25;2025-11-23;6;46
25;2025-11-23;7;108
25;2025-11-23;8;208
25;2025-11-23;9;215
25;2025-11-23;10;229
25;2025-11-23;11;294
25;2025-11-23;12;365
25;2025-11-23;13;443
25;2025-11-23;14;471
25;2025-11-23;15;536
25;2025-11-23;16;483
25;2025-11-23;17;416
25;2025-11-23;18;395
25;2025-11-23;19;313
25;2025-11-23;20;220
25;2025-11-23;21;179
25;2025-11-23;22;113
25;2025-11-23;23;36
25;2025-11-24;0;11
25;2025-11-24;1;2
25;2025-11-24;2;4
25;2025-11-24;3;4
25;2025-11-24;4;4
25;2025-11-24;5;10
25;2025-11-24;6;140
25;2025-11-24;7;488
25;2025-11-24;8;806
25;2025-11-24;9;438
25;2025-11-24;10;340
25;2025-11-24;11;354
25;2025-11-24;12;373
25;2025-11-24;13;430
25;2025-11-24;14;412
25;2025-11-24;15;491
25;2025-11-24;16;588
25;2025-11-24;17;617
25;2025-11-24;18;691
25;2025-11-24;19;449
25;2025-11-24;20;300
25;2025-11-24;21;193
25;2025-11-24;22;104
25;2025-11-24;23;17
25;2025-11-25;0;11
25;2025-11-25;1;2
25;2025-11-25;2;4
25;2025-11-25;3;5
25;2025-11-25;4;4
25;2025-11-25;5;11
25;2025-11-25;6;144
25;2025-11-25;7;505
25;2025-11-25;8;832
25;2025-11-25;9;461
25;2025-11-25;10;364
25;2025-11-25;11;377
25;2025-11-25;12;383
25;2025-11-25;13;436
25;2025-11-25;14;426
25;2025-11-25;15;499
25;2025-11-25;16;591
25;2025-11-25;17;632
25;2025-11-25;18;698
25;2025-11-25;19;462
25;2025-11-25;20;311
25;2025-11-25;21;203
25;2025-11-25;22;112
25;2025-11-25;23;17
25;2025-11-26;0;11
25;2025-11-26;1;2
25;2025-11-26;2;4
25;2025-11-26;3;5
25;2025-11-26;4;4
25;2025-11-26;5;11
25;2025-11-26;6;144
25;2025-11-26;7;494
25;2025-11-26;8;822
25;2025-11-26;9;456
25;2025-11-26;10;364
25;2025-11-26;11;381
25;2025-11-26;12;395
25;2025-11-26;13;453
25;2025-11-26;14;442
25;2025-11-26;15;515
25;2025-11-26;16;602
25;2025-11-26;17;641
25;2025-11-26;18;702
25;2025-11-26;19;468
25;2025-11-26;20;317
25;2025-11-26;21;216
25;2025-11-26;22;121
25;2025-11-26;23;19
25;2025-11-27;0;12
25;2025-11-27;1;2
25;2025-11-27;2;4
25;2025-11-27;3;4
25;2025-11-27;4;4
25;2025-11-27;5;11
25;2025-11-27;6;144
25;2025-11-27;7;500
25;2025-11-27;8;828
25;2025-11-27;9;459
25;2025-11-27;10;367
25;2025-11-27;11;383
25;2025-11-27;12;401
25;2025-11-27;13;456
25;2025-11-27;14;448
25;2025-11-27;15;522
25;2025-11-27;16;622
25;2025-11-27;17;640
25;2025-11-27;18;704
25;2025-11-27;19;466
25;2025-11-27;20;319
25;2025-11-27;21;219
25;2025-11-27;22;122
25;2025-11-27;23;20
25;2025-11-28;0;13
25;2025-11-28;1;3
25;2025-11-28;2;4
25;2025-11-28;3;5
25;2025-11-28;4;4
25;2025-11-28;5;11
25;2025-11-28;6;145
25;2025-11-28;7;493
25;2025-11-28;8;811
25;2025-11-28;9;451
25;2025-11-28;10;367
25;2025-11-28;11;392
25;2025-11-28;12;403
25;2025-11-28;13;462
25;2025-11-28;14;473
25;2025-11-28;15;562
25;2025-11-28;16;665
25;2025-11-28;17;630
25;2025-11-28;18;592
25;2025-11-28;19;426
25;2025-11-28;20;308
25;2025-11-28;21;220
25;2025-11-28;22;130
25;2025-11-28;23;24
25;2025-11-29;0;19
25;2025-11-29;1;4
25;2025-11-29;2;10
25;2025-11-29;3;10
25;2025-11-29;4;6
25;2025-11-29;5;8
25;2025-11-29;6;64
25;2025-11-29;7;153
25;2025-11-29;8;292
25;2025-11-29;9;279
25;2025-11-29;10;287
25;2025-11-29;11;354
25;2025-11-29;12;408
25;2025-11-29;13;492
25;2025-11-29;14;517
25;2025-11-29;15;587
25;2025-11-29;16;535
25;2025-11-29;17;463
25;2025-11-29;18;444
25;2025-11-29;19;371
25;2025-11-29;20;256
25;2025-11-29;21;204
25;2025-11-29;22;130
25;2025-11-29;23;46
25;2025-11-30;0;18
25;2025-11-30;1;5
25;2025-11-30;2;8
25;2025-11-30;3;9
25;2025-11-30;4;5
25;2025-11-30;5;6
25;2025-11-30;6;46
25;2025-11-30;7;108
25;2025-11-30;8;208
25;2025-11-30;9;215
25;2025-11-30;10;229
25;2025-11-30;11;294
25;2025-11-30;12;365
25;2025-11-30;13;443
25;2025-11-30;14;471
25;2025-11-30;15;536
25;2025-11-30;16;483
25;2025-11-30;17;416
25;2025-11-30;18;395
25;2025-11-30;19;313
25;2025-11-30;20;220
25;2025-11-30;21;179
25;2025-11-30;22;113
25;2025-11-30;23;36
25;2025-12-01;0;11
25;2025-12-01;1;2
25;2025-12-01;2;4
25;2025-12-01;3;4
25;2025-12-01;4;4
25;2025-12-01;5;11
25;2025-12-01;6;140
25;2025-12-01;7;492
25;2025-12-01;8;796
25;2025-12-01;9;421
25;2025-12-01;10;319
25;2025-12-01;11;336
25;2025-12-01;12;354
25;2025-12-01;13;409
25;2025-12-01;14;393
25;2025-12-01;15;476
25;2025-12-01;16;584
25;2025-12-01;17;616
25;2025-12-01;18;685
25;2025-12-01;19;438
25;2025-12-01;20;285
25;2025-12-01;21;177
25;2025-12-01;22;101
25;2025-12-01;23;17
25;2025-12-02;0;11
25;2025-12-02;1;2
25;2025-12-02;2;4
25;2025-12-02;3;5
25;2025-12-02;4;4
25;2025-12-02;5;11
25;2025-12-02;6;145
25;2025-12-02;7;511
25;2025-12-02;8;830
25;2025-12-02;9;442
25;2025-12-02;10;342
25;2025-12-02;11;358
25;2025-12-02;12;365
25;2025-12-02;13;418
25;2025-12-02;14;409
25;2025-12-02;15;486
25;2025-12-02;16;590
25;2025-12-02;17;630
25;2025-12-02;18;690
25;2025-12-02;19;452
25;2025-12-02;20;295
25;2025-12-02;21;187
25;2025-12-02;22;108
25;2025-12-02;23;18
25;2025-12-03;0;11
25;2025-12-03;1;2
25;2025-12-03;2;4
25;2025-12-03;3;5
25;2025-12-03;4;4
25;2025-12-03;5;11
25;2025-12-03;6;145
25;2025-12-03;7;501
25;2025-12-03;8;820
25;2025-12-03;9;437
25;2025-12-03;10;341
25;2025-12-03;11;361
25;2025-12-03;12;374
25;2025-12-03;13;431
25;2025-12-03;14;420
25;2025-12-03;15;496
25;2025-12-03;16;596
25;2025-12-03;17;638
25;2025-12-03;18;697
25;2025-12-03;19;453
25;2025-12-03;20;301
25;2025-12-03;21;194
25;2025-12-03;22;114
25;2025-12-03;23;18
25;2025-12-04;0;11
25;2025-12-04;1;2
25;2025-12-04;2;4
25;2025-12-04;3;4
25;2025-12-04;4;4
25;2025-12-04;5;11
25;2025-12-04;6;144
25;2025-12-04;7;501
25;2025-12-04;8;815
25;2025-12-04;9;437
25;2025-12-04;10;341
25;2025-12-04;11;359
25;2025-12-04;12;377
25;2025-12-04;13;431
25;2025-12-04;14;426
25;2025-12-04;15;502
25;2025-12-04;16;614
25;2025-12-04;17;632
25;2025-12-04;18;695
25;2025-12-04;19;450
25;2025-12-04;20;297
25;2025-12-04;21;195
25;2025-12-04;22;115
25;2025-12-04;23;20
25;2025-12-05;0;12
25;2025-12-05;1;3
25;2025-12-05;2;4
25;2025-12-05;3;4
25;2025-12-05;4;4
25;2025-12-05;5;11
25;2025-12-05;6;145
25;2025-12-05;7;497
25;2025-12-05;8;805
25;2025-12-05;9;432
25;2025-12-05;10;342
25;2025-12-05;11;368
25;2025-12-05;12;379
25;2025-12-05;13;437
25;2025-12-05;14;446
25;2025-12-05;15;538
25;2025-12-05;16;663
25;2025-12-05;17;630
25;2025-12-05;18;587
25;2025-12-05;19;414
25;2025-12-05;20;292
25;2025-12-05;21;199
25;2025-12-05;22;123
25;2025-12-05;23;23
25;2025-12-06;0;17
25;2025-12-06;1;4
25;2025-12-06;2;9
25;2025-12-06;3;10
25;2025-12-06;4;5
25;2025-12-06;5;7
25;2025-12-06;6;56
25;2025-12-06;7;137
25;2025-12-06;8;261
25;2025-12-06;9;249
25;2025-12-06;10;253
25;2025-12-06;11;315
25;2025-12-06;12;358
25;2025-12-06;13;426
25;2025-12-06;14;445
25;2025-12-06;15;510
25;2025-12-06;16;473
25;2025-12-06;17;406
25;2025-12-06;18;388
25;2025-12-06;19;315
25;2025-12-06;20;220
25;2025-12-06;21;176
25;2025-12-06;22;118
25;2025-12-06;23;43
25;2025-12-07;0;16
25;2025-12-07;1;4
25;2025-12-07;2;8
25;2025-12-07;3;8
25;2025-12-07;4;4
25;2025-12-07;5;5
25;2025-12-07;6;41
25;2025-12-07;7;96
25;2025-12-07;8;186
25;2025-12-07;9;188
25;2025-12-07;10;197
25;2025-12-07;11;255
25;2025-12-07;12;312
25;2025-12-07;13;376
25;2025-12-07;14;397
25;2025-12-07;15;457
25;2025-12-07;16;422
25;2025-12-07;17;362
25;2025-12-07;18;340
25;2025-12-07;19;263
25;2025-12-07;20;188
25;2025-12-07;21;152
25;2025-12-07;22;101
25;2025-12-07;23;33
25;2025-12-08;0;11
25;2025-12-08;1;2
25;2025-12-08;2;4
25;2025-12-08;3;4
25;2025-12-08;4;4
25;2025-12-08;5;11
25;2025-12-08;6;140
25;2025-12-08;7;492
25;2025-12-08;8;796
25;2025-12-08;9;421
25;2025-12-08;10;319
25;2025-12-08;11;336
25;2025-12-08;12;354
25;2025-12-08;13;409
25;2025-12-08;14;393
25;2025-12-08;15;476
25;2025-12-08;16;584
25;2025-12-08;17;616
25;2025-12-08;18;685
25;2025-12-08;19;438
25;2025-12-08;20;285
25;2025-12-08;21;177
25;2025-12-08;22;101
25;2025-12-08;23;17
25;2025-12-09;0;11
25;2025-12-09;1;2
25;2025-12-09;2;4
25;2025-12-09;3;5
25;2025-12-09;4;4
25;2025-12-09;5;11
25;2025-12-09;6;145
25;2025-12-09;7;511
25;2025-12-09;8;830
25;2025-12-09;9;442
25;2025-12-09;10;342
25;2025-12-09;11;358
25;2025-12-09;12;365
25;2025-12-09;13;418
25;2025-12-09;14;409
25;2025-12-09;15;486
25;2025-12-09;16;590
25;2025-12-09;17;630
25;2025-12-09;18;690
25;2025-12-09;19;452
25;2025-12-09;20;295
25;2025-12-09;21;187
25;2025-12-09;22;108
25;2025-12-09;23;18
25;2025-12-10;0;11
25;2025-12-10;1;2
25;2025-12-10;2;4
25;2025-12-10;3;5
25;2025-12-10;4;4
25;2025-12-10;5;11
25;2025-12-10;6;145
25;2025-12-10;7;501
25;2025-12-10;8;820
25;2025-12-10;9;437
25;2025-12-10;10;341
25;2025-12-10;11;361
25;2025-12-10;12;374
25;2025-12-10;13;431
25;2025-12-10;14;420
25;2025-12-10;15;496
25;2025-12-10;16;596
25;2025-12-10;17;638
25;2025-12-10;18;697
25;2025-12-10;19;453
25;2025-12-10;20;301
25;2025-12-10;21;194
25;2025-12-10;22;114
25;2025-12-10;23;18
25;2025-12-11;0;11
25;2025-12-11;1;2
25;2025-12-11;2;4
25;2025-12-11;3;4
25;2025-12-11;4;4
25;2025-12-11;5;11
25;2025-12-11;6;144
25;2025-12-11;7;501
25;2025-12-11;8;815
25;2025-12-11;9;437
25;2025-12-11;10;341
25;2025-12-11;11;359
25;2025-12-11;12;377
25;2025-12-11;13;431
25;2025-12-11;14;426
25;2025-12-11;15;502
25;2025-12-11;16;614
25;2025-12-11;17;632
25;2025-12-11;18;695
25;2025-12-11;19;450
25;2025-12-11;20;297
25;2025-12-11;21;195
25;2025-12-11;22;115
25;2025-12-11;23;20
25;2025-12-12;0;12
25;2025-12-12;1;3
25;2025-12-12;2;4
25;2025-12-12;3;4
25;2025-12-12;4;4
25;2025-12-12;5;11
25;2025-12-12;6;145
25;2025-12-12;7;497
25;2025-12-12;8;805
25;2025-12-12;9;432
25;2025-12-12;10;342
25;2025-12-12;11;368
25;2025-12-12;12;379
25;2025-12-12;13;437
25;2025-12-12;14;446
25;2025-12-12;15;538
25;2025-12-12;16;663
25;2025-12-12;17;630
25;2025-12-12;18;587
25;2025-12-12;19;414
25;2025-12-12;20;292
25;2025-12-12;21;199
25;2025-12-12;22;123
25;2025-12-12;23;23
25;2025-12-13;0;17
25;2025-12-13;1;4
25;2025-12-13;2;9
25;2025-12-13;3;10
25;2025-12-13;4;5
25;2025-12-13;5;7
25;2025-12-13;6;56
25;2025-12-13;7;137
25;2025-12-13;8;261
25;2025-12-13;9;249
25;2025-12-13;10;253
25;2025-12-13;11;315
25;2025-12-13;12;358
25;2025-12-13;13;426
25;2025-12-13;14;445
25;2025-12-13;15;510
25;2025-12-13;16;473
25;2025-12-13;17;406
25;2025-12-13;18;388
25;2025-12-13;19;315
25;2025-12-13;20;220
25;2025-12-13;21;176
25;2025-12-13;22;118
25;2025-12-13;23;43
25;2025-12-14;0;16
25;2025-12-14;1;4
25;2025-12-14;2;8
25;2025-12-14;3;8
25;2025-12-14;4;4
25;2025-12-14;5;5
25;2025-12-14;6;41
25;2025-12-14;7;96
25;2025-12-14;8;186
25;2025-12-14;9;188
25;2025-12-14;10;197
25;2025-12-14;11;255
25;2025-12-14;12;312
25;2025-12-14;13;376
25;2025-12-14;14;397
25;2025-12-14;15;457
25;2025-12-14;16;422
25;2025-12-14;17;362
25;2025-12-14;18;340
25;2025-12-14;19;263
25;2025-12-14;20;188
25;2025-12-14;21;152
25;2025-12-14;22;101
25;2025-12-14;23;33
25;2025-12-15;0;11
25;2025-12-15;1;2
25;2025-12-15;2;4
25;2025-12-15;3;4
25;2025-12-15;4;4
25;2025-12-15;5;11
25;2025-12-15;6;140
25;2025-12-15;7;492
25;2025-12-15;8;796
25;2025-12-15;9;421
25;2025-12-15;10;319
25;2025-12-15;11;336
25;2025-12-15;12;354
25;2025-12-15;13;409
25;2025-12-15;14;393
25;2025-12-15;15;476
25;2025-12-15;16;584
25;2025-12-15;17;616
25;2025-12-15;18;685
25;2025-12-15;19;438
25;2025-12-15;20;285
25;2025-12-15;21;177
25;2025-12-15;22;101
25;2025-12-15;23;17
25;2025-12-16;0;11
25;2025-12-16;1;2
25;2025-12-16;2;4
25;2025-12-16;3;5
25;2025-12-16;4;4
25;2025-12-16;5;11
25;2025-12-16;6;145
25;2025-12-16;7;511
25;2025-12-16;8;830
25;2025-12-16;9;442
25;2025-12-16;10;342
25;2025-12-16;11;358
25;2025-12-16;12;365
25;2025-12-16;13;418
25;2025-12-16;14;409
25;2025-12-16;15;486
25;2025-12-16;16;590
25;2025-12-16;17;630
25;2025-12-16;18;690
25;2025-12-16;19;452
25;2025-12-16;20;295
25;2025-12-16;21;187
25;2025-12-16;22;108
25;2025-12-16;23;18
25;2025-12-17;0;11
25;2025-12-17;1;2
25;2025-12-17;2;4
25;2025-12-17;3;5
25;2025-12-17;4;4
25;2025-12-17;5;11
25;2025-12-17;6;145
25;2025-12-17;7;501
25;2025-12-17;8;820
25;2025-12-17;9;437
25;2025-12-17;10;341
25;2025-12-17;11;361
25;2025-12-17;12;374
25;2025-12-17;13;431
25;2025-12-17;14;420
25;2025-12-17;15;496
25;2025-12-17;16;596
25;2025-12-17;17;638
25;2025-12-17;18;697
25;2025-12-17;19;453
25;2025-12-17;20;301
25;2025-12-17;21;194
25;2025-12-17;22;114
25;2025-12-17;23;18
25;2025-12-18;0;11
25;2025-12-18;1;2
25;2025-12-18;2;4
25;2025-12-18;3;4
25;2025-12-18;4;4
25;2025-12-18;5;11
25;2025-12-18;6;144
25;2025-12-18;7;501
25;2025-12-18;8;815
25;2025-12-18;9;437
25;2025-12-18;10;341
25;2025-12-18;11;359
25;2025-12-18;12;377
25;2025-12-18;13;431
25;2025-12-18;14;426
25;2025-12-18;15;502
25;2025-12-18;16;614
25;2025-12-18;17;632
25;2025-12-18;18;695
25;2025-12-18;19;450
25;2025-12-18;20;297
25;2025-12-18;21;195
25;2025-12-18;22;115
25;2025-12-18;23;20
25;2025-12-19;0;12
25;2025-12-19;1;3
25;2025-12-19;2;4
25;2025-12-19;3;4
25;2025-12-19;4;4
25;2025-12-19;5;11
25;2025-12-19;6;145
25;2025-12-19;7;497
25;2025-12-19;8;805
25;2025-12-19;9;432
25;2025-12-19;10;342
25;2025-12-19;11;368
25;2025-12-19;12;379
25;2025-12-19;13;437
25;2025-12-19;14;446
25;2025-12-19;15;538
25;2025-12-19;16;663
25;2025-12-19;17;630
25;2025-12-19;18;587
25;2025-12-19;19;414
25;2025-12-19;20;292
25;2025-12-19;21;199
25;2025-12-19;22;123
25;2025-12-19;23;23
25;2025-12-20;0;17
25;2025-12-20;1;4
25;2025-12-20;2;9
25;2025-12-20;3;10
25;2025-12-20;4;5
25;2025-12-20;5;7
25;2025-12-20;6;56
25;2025-12-20;7;137
25;2025-12-20;8;261
25;2025-12-20;9;249
25;2025-12-20;10;253
25;2025-12-20;11;315
25;2025-12-20;12;358
25;2025-12-20;13;426
25;2025-12-20;14;445
25;2025-12-20;15;510
25;2025-12-20;16;473
25;2025-12-20;17;406
25;2025-12-20;18;388
25;2025-12-20;19;315
25;2025-12-20;20;220
25;2025-12-20;21;176
25;2025-12-20;22;118
25;2025-12-20;23;43
25;2025-12-21;0;16
25;2025-12-21;1;4
25;2025-12-21;2;8
25;2025-12-21;3;8
25;2025-12-21;4;4
25;2025-12-21;5;5
25;2025-12-21;6;41
25;2025-12-21;7;96
25;2025-12-21;8;186
25;2025-12-21;9;188
25;2025-12-21;10;197
25;2025-12-21;11;255
25;2025-12-21;12;312
25;2025-12-21;13;376
25;2025-12-21;14;397
25;2025-12-21;15;457
25;2025-12-21;16;422
25;2025-12-21;17;362
25;2025-12-21;18;340
25;2025-12-21;19;263
25;2025-12-21;20;188
25;2025-12-21;21;152
25;2025-12-21;22;101
25;2025-12-21;23;33
25;2025-12-22;0;11
25;2025-12-22;1;2
25;2025-12-22;2;4
25;2025-12-22;3;4
25;2025-12-22;4;4
25;2025-12-22;5;11
25;2025-12-22;6;140
25;2025-12-22;7;492
25;2025-12-22;8;796
25;2025-12-22;9;421
25;2025-12-22;10;319
25;2025-12-22;11;336
25;2025-12-22;12;354
25;2025-12-22;13;409
25;2025-12-22;14;393
25;2025-12-22;15;476
25;2025-12-22;16;584
25;2025-12-22;17;616
25;2025-12-22;18;685
25;2025-12-22;19;438
25;2025-12-22;20;285
25;2025-12-22;21;177
25;2025-12-22;22;101
25;2025-12-22;23;17
25;2025-12-23;0;11
25;2025-12-23;1;2
25;2025-12-23;2;4
25;2025-12-23;3;5
25;2025-12-23;4;4
25;2025-12-23;5;11
25;2025-12-23;6;145
25;2025-12-23;7;511
25;2025-12-23;8;830
25;2025-12-23;9;442
25;2025-12-23;10;342
25;2025-12-23;11;358
25;2025-12-23;12;365
25;2025-12-23;13;418
25;2025-12-23;14;409
25;2025-12-23;15;486
25;2025-12-23;16;590
25;2025-12-23;17;630
25;2025-12-23;18;690
25;2025-12-23;19;452
25;2025-12-23;20;295
25;2025-12-23;21;187
25;2025-12-23;22;108
25;2025-12-23;23;18
25;2025-12-24;0;11
25;2025-12-24;1;2
25;2025-12-24;2;4
25;2025-12-24;3;5
25;2025-12-24;4;4
25;2025-12-24;5;11
25;2025-12-24;6;145
25;2025-12-24;7;501
25;2025-12-24;8;820
25;2025-12-24;9;437
25;2025-12-24;10;341
25;2025-12-24;11;361
25;2025-12-24;12;374
25;2025-12-24;13;431
25;2025-12-24;14;420
25;2025-12-24;15;496
25;2025-12-24;16;596
25;2025-12-24;17;638
25;2025-12-24;18;697
25;2025-12-24;19;453
25;2025-12-24;20;301
25;2025-12-24;21;194
25;2025-12-24;22;114
25;2025-12-24;23;18
25;2025-12-25;0;11
25;2025-12-25;1;2
25;2025-12-25;2;4
25;2025-12-25;3;4
25;2025-12-25;4;4
25;2025-12-25;5;11
25;2025-12-25;6;144
25;2025-12-25;7;501
25;2025-12-25;8;815
25;2025-12-25;9;437
25;2025-12-25;10;341
25;2025-12-25;11;359
25;2025-12-25;12;377
25;2025-12-25;13;431
25;2025-12-25;14;426
25;2025-12-25;15;502
25;2025-12-25;16;614
25;2025-12-25;17;632
25;2025-12-25;18;695
25;2025-12-25;19;450
25;2025-12-25;20;297
25;2025-12-25;21;195
25;2025-12-25;22;115
25;2025-12-25;23;20
25;2025-12-26;0;12
25;2025-12-26;1;3
25;2025-12-26;2;4
25;2025-12-26;3;4
25;2025-12-26;4;4
25;2025-12-26;5;11
25;2025-12-26;6;145
25;2025-12-26;7;497
25;2025-12-26;8;805
25;2025-12-26;9;432
25;2025-12-26;10;342
25;2025-12-26;11;368
25;2025-12-26;12;379
25;2025-12-26;13;437
25;2025-12-26;14;446
25;2025-12-26;15;538
25;2025-12-26;16;663
25;2025-12-26;17;630
25;2025-12-26;18;587
25;2025-12-26;19;414
25;2025-12-26;20;292
25;2025-12-26;21;199
25;2025-12-26;22;123
25;2025-12-26;23;23
25;2025-12-27;0;17
25;2025-12-27;1;4
25;2025-12-27;2;9
25;2025-12-27;3;10
25;2025-12-27;4;5
25;2025-12-27;5;7
25;2025-12-27;6;56
25;2025-12-27;7;137
25;2025-12-27;8;261
25;2025-12-27;9;249
25;2025-12-27;10;253
25;2025-12-27;11;315
25;2025-12-27;12;358
25;2025-12-27;13;426
25;2025-12-27;14;445
25;2025-12-27;15;510
25;2025-12-27;16;473
25;2025-12-27;17;406
25;2025-12-27;18;388
25;2025-12-27;19;315
25;2025-12-27;20;220
25;2025-12-27;21;176
25;2025-12-27;22;118
25;2025-12-27;23;43
25;2025-12-28;0;16
25;2025-12-28;1;4
25;2025-12-28;2;8
25;2025-12-28;3;8
25;2025-12-28;4;4
25;2025-12-28;5;5
25;2025-12-28;6;41
25;2025-12-28;7;96
25;2025-12-28;8;186
25;2025-12-28;9;188
25;2025-12-28;10;197
25;2025-12-28;11;255
25;2025-12-28;12;312
25;2025-12-28;13;376
25;2025-12-28;14;397
25;2025-12-28;15;457
25;2025-12-28;16;422
25;2025-12-28;17;362
25;2025-12-28;18;340
25;2025-12-28;19;263
25;2025-12-28;20;188
25;2025-12-28;21;152
25;2025-12-28;22;101
25;2025-12-28;23;33
25;2025-12-29;0;11
25;2025-12-29;1;2
25;2025-12-29;2;4
25;2025-12-29;3;4
25;2025-12-29;4;4
25;2025-12-29;5;11
25;2025-12-29;6;140
25;2025-12-29;7;492
25;2025-12-29;8;796
25;2025-12-29;9;421
25;2025-12-29;10;319
25;2025-12-29;11;336
25;2025-12-29;12;354
25;2025-12-29;13;409
25;2025-12-29;14;393
25;2025-12-29;15;476
25;2025-12-29;16;584
25;2025-12-29;17;616
25;2025-12-29;18;685
25;2025-12-29;19;438
25;2025-12-29;20;285
25;2025-12-29;21;177
25;2025-12-29;22;101
25;2025-12-29;23;17
25;2025-12-30;0;11
25;2025-12-30;1;2
25;2025-12-30;2;4
25;2025-12-30;3;5
25;2025-12-30;4;4
25;2025-12-30;5;11
25;2025-12-30;6;145
25;2025-12-30;7;511
25;2025-12-30;8;830
25;2025-12-30;9;442
25;2025-12-30;10;342
25;2025-12-30;11;358
25;2025-12-30;12;365
25;2025-12-30;13;418
25;2025-12-30;14;409
25;2025-12-30;15;486
25;2025-12-30;16;590
25;2025-12-30;17;630
25;2025-12-30;18;690
25;2025-12-30;19;452
25;2025-12-30;20;295
25;2025-12-30;21;187
25;2025-12-30;22;108
25;2025-12-30;23;18
25;2025-12-31;0;10
25;2025-12-31;1;3
25;2025-12-31;2;5
25;2025-12-31;3;5
25;2025-12-31;4;4
25;2025-12-31;5;5
25;2025-12-31;6;41
25;2025-12-31;7;78
25;2025-12-31;8;119
25;2025-12-31;9;99
25;2025-12-31;10;104
25;2025-12-31;11;129
25;2025-12-31;12;174
25;2025-12-31;13;222
25;2025-12-31;14;236
25;2025-12-31;15;271
25;2025-12-31;16;289
25;2025-12-31;17;268
25;2025-12-31;18;263
25;2025-12-31;19;214
25;2025-12-31;20;151
25;2025-12-31;21;123
25;2025-12-31;22;84
25;2025-12-31;23;15
26;2025-11-01;0;50
26;2025-11-01;1;7
26;2025-11-01;2;19
26;2025-11-01;3;41
26;2025-11-01;4;9
26;2025-11-01;5;54
26;2025-11-01;6;266
26;2025-11-01;7;388
26;2025-11-01;8;612
26;2025-11-01;9;756
26;2025-11-01;10;848
26;2025-11-01;11;989
26;2025-11-01;12;1060
26;2025-11-01;13;1100
26;2025-11-01;14;1075
26;2025-11-01;15;1020
26;2025-11-01;16;1020
26;2025-11-01;17;909
26;2025-11-01;18;869
26;2025-11-01;19;769
26;2025-11-01;20;530
26;2025-11-01;21;379
26;2025-11-01;22;231
26;2025-11-01;23;138
26;2025-11-02;0;46
26;2025-11-02;1;8
26;2025-11-02;2;16
26;2025-11-02;3;34
26;2025-11-02;4;8
26;2025-11-02;5;38
26;2025-11-02;6;170
26;2025-11-02;7;262
26;2025-11-02;8;423
26;2025-11-02;9;569
26;2025-11-02;10;652
26;2025-11-02;11;797
26;2025-11-02;12;916
26;2025-11-02;13;957
26;2025-11-02;14;945
26;2025-11-02;15;907
26;2025-11-02;16;894
26;2025-11-02;17;786
26;2025-11-02;18;746
26;2025-11-02;19;618
26;2025-11-02;20;442
26;2025-11-02;21;325
26;2025-11-02;22;200
26;2025-11-02;23;110
26;2025-11-03;0;37
26;2025-11-03;1;7
26;2025-11-03;2;16
26;2025-11-03;3;29
26;2025-11-03;4;11
26;2025-11-03;5;57
26;2025-11-03;6;270
26;2025-11-03;7;362
26;2025-11-03;8;582
26;2025-11-03;9;602
26;2025-11-03;10;627
26;2025-11-03;11;678
26;2025-11-03;12;817
26;2025-11-03;13;844
26;2025-11-03;14;825
26;2025-11-03;15;856
26;2025-11-03;16;885
26;2025-11-03;17;853
26;2025-11-03;18;877
26;2025-11-03;19;716
26;2025-11-03;20;450
26;2025-11-03;21;317
26;2025-11-03;22;201
26;2025-11-03;23;103
26;2025-11-04;0;39
26;2025-11-04;1;8
26;2025-11-04;2;15
26;2025-11-04;3;27
26;2025-11-04;4;10
26;2025-11-04;5;49
26;2025-11-04;6;217
26;2025-11-04;7;284
26;2025-11-04;8;434
26;2025-11-04;9;487
26;2025-11-04;10;529
26;2025-11-04;11;599
26;2025-11-04;12;716
26;2025-11-04;13;754
26;2025-11-04;14;744
26;2025-11-04;15;765
26;2025-11-04;16;774
26;2025-11-04;17;725
26;2025-11-04;18;719
26;2025-11-04;19;632
26;2025-11-04;20;432
26;2025-11-04;21;330
26;2025-11-04;22;207
26;2025-11-04;23;111
26;2025-11-05;0;31
26;2025-11-05;1;4
26;2025-11-05;2;8
26;2025-11-05;3;17
26;2025-11-05;4;8
26;2025-11-05;5;83
26;2025-11-05;6;511
26;2025-11-05;7;1105
26;2025-11-05;8;2038
26;2025-11-05;9;1495
26;2025-11-05;10;1223
26;2025-11-05;11;1148
26;2025-11-05;12;1175
26;2025-11-05;13;1192
26;2025-11-05;14;1168
26;2025-11-05;15;1284
26;2025-11-05;16;1442
26;2025-11-05;17;1613
26;2025-11-05;18;1777
26;2025-11-05;19;1267
26;2025-11-05;20;798
26;2025-11-05;21;474
26;2025-11-05;22;250
26;2025-11-05;23;123
26;2025-11-06;0;33
26;2025-11-06;1;4
26;2025-11-06;2;8
26;2025-11-06;3;16
26;2025-11-06;4;7
26;2025-11-06;5;84
26;2025-11-06;6;517
26;2025-11-06;7;1127
26;2025-11-06;8;2064
26;2025-11-06;9;1510
26;2025-11-06;10;1238
26;2025-11-06;11;1162
26;2025-11-06;12;1202
26;2025-11-06;13;1210
26;2025-11-06;14;1192
26;2025-11-06;15;1310
26;2025-11-06;16;1499
26;2025-11-06;17;1617
26;2025-11-06;18;1795
26;2025-11-06;19;1269
26;2025-11-06;20;807
26;2025-11-06;21;479
26;2025-11-06;22;253
26;2025-11-06;23;129
26;2025-11-07;0;35
26;2025-11-07;1;4
26;2025-11-07;2;8
26;2025-11-07;3;16
26;2025-11-07;4;7
26;2025-11-07;5;83
26;2025-11-07;6;508
26;2025-11-07;7;1083
26;2025-11-07;8;1967
26;2025-11-07;9;1440
26;2025-11-07;10;1201
26;2025-11-07;11;1156
26;2025-11-07;12;1176
26;2025-11-07;13;1191
26;2025-11-07;14;1188
26;2025-11-07;15;1355
26;2025-11-07;16;1568
26;2025-11-07;17;1550
26;2025-11-07;18;1445
26;2025-11-07;19;1102
26;2025-11-07;20;754
26;2025-11-07;21;459
26;2025-11-07;22;256
26;2025-11-07;23;140
26;2025-11-08;0;50
26;2025-11-08;1;7
26;2025-11-08;2;19
26;2025-11-08;3;41
26;2025-11-08;4;9
26;2025-11-08;5;54
26;2025-11-08;6;266
26;2025-11-08;7;388
26;2025-11-08;8;612
26;2025-11-08;9;756
26;2025-11-08;10;848
26;2025-11-08;11;989
26;2025-11-08;12;1060
26;2025-11-08;13;1100
26;2025-11-08;14;1075
26;2025-11-08;15;1020
26;2025-11-08;16;1020
26;2025-11-08;17;909
26;2025-11-08;18;869
26;2025-11-08;19;769
26;2025-11-08;20;530
26;2025-11-08;21;379
26;2025-11-08;22;231
26;2025-11-08;23;138
26;2025-11-09;0;46
26;2025-11-09;1;8
26;2025-11-09;2;16
26;2025-11-09;3;34
26;2025-11-09;4;8
26;2025-11-09;5;38
26;2025-11-09;6;170
26;2025-11-09;7;262
26;2025-11-09;8;423
26;2025-11-09;9;569
26;2025-11-09;10;652
26;2025-11-09;11;797
26;2025-11-09;12;916
26;2025-11-09;13;957
26;2025-11-09;14;945
26;2025-11-09;15;907
26;2025-11-09;16;894
26;2025-11-09;17;786
26;2025-11-09;18;746
26;2025-11-09;19;618
26;2025-11-09;20;442
26;2025-11-09;21;325
26;2025-11-09;22;200
26;2025-11-09;23;110
26;2025-11-10;0;32
26;2025-11-10;1;4
26;2025-11-10;2;8
26;2025-11-10;3;16
26;2025-11-10;4;8
26;2025-11-10;5;83
26;2025-11-10;6;515
26;2025-11-10;7;1123
26;2025-11-10;8;2062
26;2025-11-10;9;1491
26;2025-11-10;10;1194
26;2025-11-10;11;1119
26;2025-11-10;12;1165
26;2025-11-10;13;1174
26;2025-11-10;14;1145
26;2025-11-10;15;1279
26;2025-11-10;16;1457
26;2025-11-10;17;1606
26;2025-11-10;18;1806
26;2025-11-10;19;1266
26;2025-11-10;20;792
26;2025-11-10;21;442
26;2025-11-10;22;228
26;2025-11-10;23;111
26;2025-11-11;0;30
26;2025-11-11;1;4
26;2025-11-11;2;8
26;2025-11-11;3;17
26;2025-11-11;4;8
26;2025-11-11;5;84
26;2025-11-11;6;519
26;2025-11-11;7;1143
26;2025-11-11;8;2089
26;2025-11-11;9;1524
26;2025-11-11;10;1240
26;2025-11-11;11;1153
26;2025-11-11;12;1160
26;2025-11-11;13;1167
26;2025-11-11;14;1150
26;2025-11-11;15;1267
26;2025-11-11;16;1438
26;2025-11-11;17;1609
26;2025-11-11;18;1785
26;2025-11-11;19;1270
26;2025-11-11;20;799
26;2025-11-11;21;457
26;2025-11-11;22;238
26;2025-11-11;23;115
26;2025-11-12;0;31
26;2025-11-12;1;4
26;2025-11-12;2;8
26;2025-11-12;3;17
26;2025-11-12;4;8
26;2025-11-12;5;83
26;2025-11-12;6;511
26;2025-11-12;7;1105
26;2025-11-12;8;2038
26;2025-11-12;9;1495
26;2025-11-12;10;1223
26;2025-11-12;11;1148
26;2025-11-12;12;1175
26;2025-11-12;13;1192
26;2025-11-12;14;1168
26;2025-11-12;15;1284
26;2025-11-12;16;1442
26;2025-11-12;17;1613
26;2025-11-12;18;1777
26;2025-11-12;19;1267
26;2025-11-12;20;798
26;2025-11-12;21;474
26;2025-11-12;22;250
26;2025-11-12;23;123
26;2025-11-13;0;33
26;2025-11-13;1;4
26;2025-11-13;2;8
26;2025-11-13;3;16
26;2025-11-13;4;7
26;2025-11-13;5;84
26;2025-11-13;6;517
26;2025-11-13;7;1127
26;2025-11-13;8;2064
26;2025-11-13;9;1510
26;2025-11-13;10;1238
26;2025-11-13;11;1162
26;2025-11-13;12;1202
26;2025-11-13;13;1210
26;2025-11-13;14;1192
26;2025-11-13;15;1310
26;2025-11-13;16;1499
26;2025-11-13;17;1617
26;2025-11-13;18;1795
26;2025-11-13;19;1269
26;2025-11-13;20;807
26;2025-11-13;21;479
26;2025-11-13;22;253
26;2025-11-13;23;129
26;2025-11-14;0;35
26;2025-11-14;1;4
26;2025-11-14;2;8
26;2025-11-14;3;16
26;2025-11-14;4;7
26;2025-11-14;5;83
26;2025-11-14;6;508
26;2025-11-14;7;1083
26;2025-11-14;8;1967
26;2025-11-14;9;1440
26;2025-11-14;10;1201
26;2025-11-14;11;1156
26;2025-11-14;12;1176
26;2025-11-14;13;1191
26;2025-11-14;14;1188
26;2025-11-14;15;1355
26;2025-11-14;16;1568
26;2025-11-14;17;1550
26;2025-11-14;18;1445
26;2025-11-14;19;1102
26;2025-11-14;20;754
26;2025-11-14;21;459
26;2025-11-14;22;256
26;2025-11-14;23;140
26;2025-11-15;0;50
26;2025-11-15;1;7
26;2025-11-15;2;19
26;2025-11-15;3;41
26;2025-11-15;4;9
26;2025-11-15;5;54
26;2025-11-15;6;266
26;2025-11-15;7;388
26;2025-11-15;8;612
26;2025-11-15;9;756
26;2025-11-15;10;848
26;2025-11-15;11;989
26;2025-11-15;12;1060
26;2025-11-15;13;1100
26;2025-11-15;14;1075
26;2025-11-15;15;1020
26;2025-11-15;16;1020
26;2025-11-15;17;909
26;2025-11-15;18;869
26;2025-11-15;19;769
26;2025-11-15;20;530
26;2025-11-15;21;379
26;2025-11-15;22;231
26;2025-11-15;23;138
26;2025-11-16;0;46
26;2025-11-16;1;8
26;2025-11-16;2;16
26;2025-11-16;3;34
26;2025-11-16;4;8
26;2025-11-16;5;38
26;2025-11-16;6;170
26;2025-11-16;7;262
26;2025-11-16;8;423
26;2025-11-16;9;569
26;2025-11-16;10;652
26;2025-11-16;11;797
26;2025-11-16;12;916
26;2025-11-16;13;957
26;2025-11-16;14;945
26;2025-11-16;15;907
26;2025-11-16;16;894
26;2025-11-16;17;786
26;2025-11-16;18;746
26;2025-11-16;19;618
26;2025-11-16;20;442
26;2025-11-16;21;325
26;2025-11-16;22;200
26;2025-11-16;23;110
26;2025-11-17;0;32
26;2025-11-17;1;4
26;2025-11-17;2;8
26;2025-11-17;3;16
26;2025-11-17;4;8
26;2025-11-17;5;83
26;2025-11-17;6;515
26;2025-11-17;7;1123
26;2025-11-17;8;2062
26;2025-11-17;9;1491
26;2025-11-17;10;1194
26;2025-11-17;11;1119
26;2025-11-17;12;1165
26;2025-11-17;13;1174
26;2025-11-17;14;1145
26;2025-11-17;15;1279
26;2025-11-17;16;1457
26;2025-11-17;17;1606
26;2025-11-17;18;1806
26;2025-11-17;19;1266
26;2025-11-17;20;792
26;2025-11-17;21;442
26;2025-11-17;22;228
26;2025-11-17;23;111
26;2025-11-18;0;30
26;2025-11-18;1;4
26;2025-11-18;2;8
26;2025-11-18;3;17
26;2025-11-18;4;8
26;2025-11-18;5;84
26;2025-11-18;6;519
26;2025-11-18;7;1143
26;2025-11-18;8;2089
26;2025-11-18;9;1524
26;2025-11-18;10;1240
26;2025-11-18;11;1153
26;2025-11-18;12;1160
26;2025-11-18;13;1167
26;2025-11-18;14;1150
26;2025-11-18;15;1267
26;2025-11-18;16;1438
26;2025-11-18;17;1609
26;2025-11-18;18;1785
26;2025-11-18;19;1270
26;2025-11-18;20;799
26;2025-11-18;21;457
26;2025-11-18;22;238
26;2025-11-18;23;115
26;2025-11-19;0;31
26;2025-11-19;1;4
26;2025-11-19;2;8
26;2025-11-19;3;17
26;2025-11-19;4;8
26;2025-11-19;5;83
26;2025-11-19;6;511
26;2025-11-19;7;1105
26;2025-11-19;8;2038
26;2025-11-19;9;1495
26;2025-11-19;10;1223
26;2025-11-19;11;1148
26;2025-11-19;12;1175
26;2025-11-19;13;1192
26;2025-11-19;14;1168
26;2025-11-19;15;1284
26;2025-11-19;16;1442
26;2025-11-19;17;1613
26;2025-11-19;18;1777
26;2025-11-19;19;1267
26;2025-11-19;20;798
26;2025-11-19;21;474
26;2025-11-19;22;250
26;2025-11-19;23;123
26;2025-11-20;0;33
26;2025-11-20;1;4
26;2025-11-20;2;8
26;2025-11-20;3;16
26;2025-11-20;4;7
26;2025-11-20;5;84
26;2025-11-20;6;517
26;2025-11-20;7;1127
26;2025-11-20;8;2064
26;2025-11-20;9;1510
26;2025-11-20;10;1238
26;2025-11-20;11;1162
26;2025-11-20;12;1202
26;2025-11-20;13;1210
26;2025-11-20;14;1192
26;2025-11-20;15;1310
26;2025-11-20;16;1499
26;2025-11-20;17;1617
26;2025-11-20;18;1795
26;2025-11-20;19;1269
26;2025-11-20;20;807
26;2025-11-20;21;479
26;2025-11-20;22;253
26;2025-11-20;23;129
26;2025-11-21;0;35
26;2025-11-21;1;4
26;2025-11-21;2;8
26;2025-11-21;3;16
26;2025-11-21;4;7
26;2025-11-21;5;83
26;2025-11-21;6;508
26;2025-11-21;7;1083
26;2025-11-21;8;1967
26;2025-11-21;9;1440
26;2025-11-21;10;1201
26;2025-11-21;11;1156
26;2025-11-21;12;1176
26;2025-11-21;13;1191
26;2025-11-21;14;1188
26;2025-11-21;15;1355
26;2025-11-21;16;1568
26;2025-11-21;17;1550
26;2025-11-21;18;1445
26;2025-11-21;19;1102
26;2025-11-21;20;754
26;2025-11-21;21;459
26;2025-11-21;22;256
26;2025-11-21;23;140
26;2025-11-22;0;50
26;2025-11-22;1;7
26;2025-11-22;2;19
26;2025-11-22;3;41
26;2025-11-22;4;9
26;2025-11-22;5;54
26;2025-11-22;6;266
26;2025-11-22;7;388
26;2025-11-22;8;612
26;2025-11-22;9;756
26;2025-11-22;10;848
26;2025-11-22;11;989
26;2025-11-22;12;1060
26;2025-11-22;13;1100
26;2025-11-22;14;1075
26;2025-11-22;15;1020
26;2025-11-22;16;1020
26;2025-11-22;17;909
26;2025-11-22;18;869
26;2025-11-22;19;769
26;2025-11-22;20;530
26;2025-11-22;21;379
26;2025-11-22;22;231
26;2025-11-22;23;138
26;2025-11-23;0;46
26;2025-11-23;1;8
26;2025-11-23;2;16
26;2025-11-23;3;34
26;2025-11-23;4;8
26;2025-11-23;5;38
26;2025-11-23;6;170
26;2025-11-23;7;262
26;2025-11-23;8;423
26;2025-11-23;9;569
26;2025-11-23;10;652
26;2025-11-23;11;797
26;2025-11-23;12;916
26;2025-11-23;13;957
26;2025-11-23;14;945
26;2025-11-23;15;907
26;2025-11-23;16;894
26;2025-11-23;17;786
26;2025-11-23;18;746
26;2025-11-23;19;618
26;2025-11-23;20;442
26;2025-11-23;21;325
26;2025-11-23;22;200
26;2025-11-23;23;110
26;2025-11-24;0;32
26;2025-11-24;1;4
26;2025-11-24;2;8
26;2025-11-24;3;16
26;2025-11-24;4;8
26;2025-11-24;5;83
26;2025-11-24;6;515
26;2025-11-24;7;1123
26;2025-11-24;8;2062
26;2025-11-24;9;1491
26;2025-11-24;10;1194
26;2025-11-24;11;1119
26;2025-11-24;12;1165
26;2025-11-24;13;1174
26;2025-11-24;14;1145
26;2025-11-24;15;1279
26;2025-11-24;16;1457
26;2025-11-24;17;1606
26;2025-11-24;18;1806
26;2025-11-24;19;1266
26;2025-11-24;20;792
26;2025-11-24;21;442
26;2025-11-24;22;228
26;2025-11-24;23;111
26;2025-11-25;0;30
26;2025-11-25;1;4
26;2025-11-25;2;8
26;2025-11-25;3;17
26;2025-11-25;4;8
26;2025-11-25;5;84
26;2025-11-25;6;519
26;2025-11-25;7;1143
26;2025-11-25;8;2089
26;2025-11-25;9;1524
26;2025-11-25;10;1240
26;2025-11-25;11;1153
26;2025-11-25;12;1160
26;2025-11-25;13;1167
26;2025-11-25;14;1150
26;2025-11-25;15;1267
26;2025-11-25;16;1438
26;2025-11-25;17;1609
26;2025-11-25;18;1785
26;2025-11-25;19;1270
26;2025-11-25;20;799
26;2025-11-25;21;457
26;2025-11-25;22;238
26;2025-11-25;23;115
26;2025-11-26;0;31
26;2025-11-26;1;4
26;2025-11-26;2;8
26;2025-11-26;3;17
26;2025-11-26;4;8
26;2025-11-26;5;83
26;2025-11-26;6;511
26;2025-11-26;7;1105
26;2025-11-26;8;2038
26;2025-11-26;9;1495
26;2025-11-26;10;1223
26;2025-11-26;11;1148
26;2025-11-26;12;1175
26;2025-11-26;13;1192
26;2025-11-26;14;1168
26;2025-11-26;15;1284
26;2025-11-26;16;1442
26;2025-11-26;17;1613
26;2025-11-26;18;1777
26;2025-11-26;19;1267
26;2025-11-26;20;798
26;2025-11-26;21;474
26;2025-11-26;22;250
26;2025-11-26;23;123
26;2025-11-27;0;33
26;2025-11-27;1;4
26;2025-11-27;2;8
26;2025-11-27;3;16
26;2025-11-27;4;7
26;2025-11-27;5;84
26;2025-11-27;6;517
26;2025-11-27;7;1127
26;2025-11-27;8;2064
26;2025-11-27;9;1510
26;2025-11-27;10;1238
26;2025-11-27;11;1162
26;2025-11-27;12;1202
26;2025-11-27;13;1210
26;2025-11-27;14;1192
26;2025-11-27;15;1310
26;2025-11-27;16;1499
26;2025-11-27;17;1617
26;2025-11-27;18;1795
26;2025-11-27;19;1269
26;2025-11-27;20;807
26;2025-11-27;21;479
26;2025-11-27;22;253
26;2025-11-27;23;129
26;2025-11-28;0;35
26;2025-11-28;1;4
26;2025-11-28;2;8
26;2025-11-28;3;16
26;2025-11-28;4;7
26;2025-11-28;5;83
26;2025-11-28;6;508
26;2025-11-28;7;1083
26;2025-11-28;8;1967
26;2025-11-28;9;1440
26;2025-11-28;10;1201
26;2025-11-28;11;1156
26;2025-11-28;12;1176
26;2025-11-28;13;1191
26;2025-11-28;14;1188
26;2025-11-28;15;1355
26;2025-11-28;16;1568
26;2025-11-28;17;1550
26;2025-11-28;18;1445
26;2025-11-28;19;1102
26;2025-11-28;20;754
26;2025-11-28;21;459
26;2025-11-28;22;256
26;2025-11-28;23;140
26;2025-11-29;0;50
26;2025-11-29;1;7
26;2025-11-29;2;19
26;2025-11-29;3;41
26;2025-11-29;4;9
26;2025-11-29;5;54
26;2025-11-29;6;266
26;2025-11-29;7;388
26;2025-11-29;8;612
26;2025-11-29;9;756
26;2025-11-29;10;848
26;2025-11-29;11;989
26;2025-11-29;12;1060
26;2025-11-29;13;1100
26;2025-11-29;14;1075
26;2025-11-29;15;1020
26;2025-11-29;16;1020
26;2025-11-29;17;909
26;2025-11-29;18;869
26;2025-11-29;19;769
26;2025-11-29;20;530
26;2025-11-29;21;379
26;2025-11-29;22;231
26;2025-11-29;23;138
26;2025-11-30;0;46
26;2025-11-30;1;8
26;2025-11-30;2;16
26;2025-11-30;3;34
26;2025-11-30;4;8
26;2025-11-30;5;38
26;2025-11-30;6;170
26;2025-11-30;7;262
26;2025-11-30;8;423
26;2025-11-30;9;569
26;2025-11-30;10;652
26;2025-11-30;11;797
26;2025-11-30;12;916
26;2025-11-30;13;957
26;2025-11-30;14;945
26;2025-11-30;15;907
26;2025-11-30;16;894
26;2025-11-30;17;786
26;2025-11-30;18;746
26;2025-11-30;19;618
26;2025-11-30;20;442
26;2025-11-30;21;325
26;2025-11-30;22;200
26;2025-11-30;23;110
26;2025-12-01;0;30
26;2025-12-01;1;4
26;2025-12-01;2;7
26;2025-12-01;3;15
26;2025-12-01;4;7
26;2025-12-01;5;81
26;2025-12-01;6;482
26;2025-12-01;7;1067
26;2025-12-01;8;1920
26;2025-12-01;9;1407
26;2025-12-01;10;1115
26;2025-12-01;11;1049
26;2025-12-01;12;1093
26;2025-12-01;13;1104
26;2025-12-01;14;1078
26;2025-12-01;15;1217
26;2025-12-01;16;1383
26;2025-12-01;17;1534
26;2025-12-01;18;1718
26;2025-12-01;19;1201
26;2025-12-01;20;740
26;2025-12-01;21;407
26;2025-12-01;22;208
26;2025-12-01;23;105
26;2025-12-02;0;29
26;2025-12-02;1;4
26;2025-12-02;2;8
26;2025-12-02;3;16
26;2025-12-02;4;7
26;2025-12-02;5;83
26;2025-12-02;6;497
26;2025-12-02;7;1108
26;2025-12-02;8;2001
26;2025-12-02;9;1467
26;2025-12-02;10;1179
26;2025-12-02;11;1102
26;2025-12-02;12;1117
26;2025-12-02;13;1130
26;2025-12-02;14;1114
26;2025-12-02;15;1236
26;2025-12-02;16;1397
26;2025-12-02;17;1564
26;2025-12-02;18;1723
26;2025-12-02;19;1227
26;2025-12-02;20;759
26;2025-12-02;21;430
26;2025-12-02;22;221
26;2025-12-02;23;110
26;2025-12-03;0;29
26;2025-12-03;1;4
26;2025-12-03;2;8
26;2025-12-03;3;16
26;2025-12-03;4;7
26;2025-12-03;5;82
26;2025-12-03;6;484
26;2025-12-03;7;1063
26;2025-12-03;8;1930
26;2025-12-03;9;1422
26;2025-12-03;10;1150
26;2025-12-03;11;1086
26;2025-12-03;12;1116
26;2025-12-03;13;1133
26;2025-12-03;14;1114
26;2025-12-03;15;1231
26;2025-12-03;16;1384
26;2025-12-03;17;1556
26;2025-12-03;18;1711
26;2025-12-03;19;1208
26;2025-12-03;20;754
26;2025-12-03;21;434
26;2025-12-03;22;224
26;2025-12-03;23;115
26;2025-12-04;0;31
26;2025-12-04;1;4
26;2025-12-04;2;7
26;2025-12-04;3;15
26;2025-12-04;4;6
26;2025-12-04;5;83
26;2025-12-04;6;490
26;2025-12-04;7;1081
26;2025-12-04;8;1948
26;2025-12-04;9;1443
26;2025-12-04;10;1166
26;2025-12-04;11;1098
26;2025-12-04;12;1144
26;2025-12-04;13;1157
26;2025-12-04;14;1142
26;2025-12-04;15;1262
26;2025-12-04;16;1443
26;2025-12-04;17;1558
26;2025-12-04;18;1730
26;2025-12-04;19;1213
26;2025-12-04;20;755
26;2025-12-04;21;439
26;2025-12-04;22;228
26;2025-12-04;23;121
26;2025-12-05;0;34
26;2025-12-05;1;4
26;2025-12-05;2;7
26;2025-12-05;3;15
26;2025-12-05;4;6
26;2025-12-05;5;83
26;2025-12-05;6;488
26;2025-12-05;7;1057
26;2025-12-05;8;1893
26;2025-12-05;9;1403
26;2025-12-05;10;1150
26;2025-12-05;11;1109
26;2025-12-05;12;1135
26;2025-12-05;13;1154
26;2025-12-05;14;1150
26;2025-12-05;15;1319
26;2025-12-05;16;1546
26;2025-12-05;17;1531
26;2025-12-05;18;1416
26;2025-12-05;19;1073
26;2025-12-05;20;724
26;2025-12-05;21;433
26;2025-12-05;22;235
26;2025-12-05;23;133
26;2025-12-06;0;46
26;2025-12-06;1;7
26;2025-12-06;2;18
26;2025-12-06;3;39
26;2025-12-06;4;8
26;2025-12-06;5;47
26;2025-12-06;6;232
26;2025-12-06;7;342
26;2025-12-06;8;541
26;2025-12-06;9;700
26;2025-12-06;10;778
26;2025-12-06;11;917
26;2025-12-06;12;991
26;2025-12-06;13;1018
26;2025-12-06;14;999
26;2025-12-06;15;945
26;2025-12-06;16;938
26;2025-12-06;17;829
26;2025-12-06;18;789
26;2025-12-06;19;684
26;2025-12-06;20;476
26;2025-12-06;21;342
26;2025-12-06;22;212
26;2025-12-06;23;129
26;2025-12-07;0;42
26;2025-12-07;1;7
26;2025-12-07;2;15
26;2025-12-07;3;31
26;2025-12-07;4;7
26;2025-12-07;5;34
26;2025-12-07;6;151
26;2025-12-07;7;232
26;2025-12-07;8;376
26;2025-12-07;9;520
26;2025-12-07;10;591
26;2025-12-07;11;726
26;2025-12-07;12;839
26;2025-12-07;13;875
26;2025-12-07;14;865
26;2025-12-07;15;831
26;2025-12-07;16;816
26;2025-12-07;17;714
26;2025-12-07;18;671
26;2025-12-07;19;548
26;2025-12-07;20;396
26;2025-12-07;21;292
26;2025-12-07;22;182
26;2025-12-07;23;102
26;2025-12-08;0;30
26;2025-12-08;1;4
26;2025-12-08;2;7
26;2025-12-08;3;15
26;2025-12-08;4;7
26;2025-12-08;5;81
26;2025-12-08;6;482
26;2025-12-08;7;1067
26;2025-12-08;8;1920
26;2025-12-08;9;1407
26;2025-12-08;10;1115
26;2025-12-08;11;1049
26;2025-12-08;12;1093
26;2025-12-08;13;1104
26;2025-12-08;14;1078
26;2025-12-08;15;1217
26;2025-12-08;16;1383
26;2025-12-08;17;1534
26;2025-12-08;18;1718
26;2025-12-08;19;1201
26;2025-12-08;20;740
26;2025-12-08;21;407
26;2025-12-08;22;208
26;2025-12-08;23;105
26;2025-12-09;0;29
26;2025-12-09;1;4
26;2025-12-09;2;8
26;2025-12-09;3;16
26;2025-12-09;4;7
26;2025-12-09;5;83
26;2025-12-09;6;497
26;2025-12-09;7;1108
26;2025-12-09;8;2001
26;2025-12-09;9;1467
26;2025-12-09;10;1179
26;2025-12-09;11;1102
26;2025-12-09;12;1117
26;2025-12-09;13;1130
26;2025-12-09;14;1114
26;2025-12-09;15;1236
26;2025-12-09;16;1397
26;2025-12-09;17;1564
26;2025-12-09;18;1723
26;2025-12-09;19;1227
26;2025-12-09;20;759
26;2025-12-09;21;430
26;2025-12-09;22;221
26;2025-12-09;23;110
26;2025-12-10;0;29
26;2025-12-10;1;4
26;2025-12-10;2;8
26;2025-12-10;3;16
26;2025-12-10;4;7
26;2025-12-10;5;82
26;2025-12-10;6;484
26;2025-12-10;7;1063
26;2025-12-10;8;1930
26;2025-12-10;9;1422
26;2025-12-10;10;1150
26;2025-12-10;11;1086
26;2025-12-10;12;1116
26;2025-12-10;13;1133
26;2025-12-10;14;1114
26;2025-12-10;15;1231
26;2025-12-10;16;1384
26;2025-12-10;17;1556
26;2025-12-10;18;1711
26;2025-12-10;19;1208
26;2025-12-10;20;754
26;2025-12-10;21;434
26;2025-12-10;22;224
26;2025-12-10;23;115
26;2025-12-11;0;31
26;2025-12-11;1;4
26;2025-12-11;2;7
26;2025-12-11;3;15
26;2025-12-11;4;6
26;2025-12-11;5;83
26;2025-12-11;6;490
26;2025-12-11;7;1081
26;2025-12-11;8;1948
26;2025-12-11;9;1443
26;2025-12-11;10;1166
26;2025-12-11;11;1098
26;2025-12-11;12;1144
26;2025-12-11;13;1157
26;2025-12-11;14;1142
26;2025-12-11;15;1262
26;2025-12-11;16;1443
26;2025-12-11;17;1558
26;2025-12-11;18;1730
26;2025-12-11;19;1213
26;2025-12-11;20;755
26;2025-12-11;21;439
26;2025-12-11;22;228
26;2025-12-11;23;121
26;2025-12-12;0;34
26;2025-12-12;1;4
26;2025-12-12;2;7
26;2025-12-12;3;15
26;2025-12-12;4;6
26;2025-12-12;5;83
26;2025-12-12;6;488
26;2025-12-12;7;1057
26;2025-12-12;8;1893
26;2025-12-12;9;1403
26;2025-12-12;10;1150
26;2025-12-12;11;1109
26;2025-12-12;12;1135
26;2025-12-12;13;1154
26;2025-12-12;14;1150
26;2025-12-12;15;1319
26;2025-12-12;16;1546
26;2025-12-12;17;1531
26;2025-12-12;18;1416
26;2025-12-12;19;1073
26;2025-12-12;20;724
26;2025-12-12;21;433
26;2025-12-12;22;235
26;2025-12-12;23;133
26;2025-12-13;0;46
26;2025-12-13;1;7
26;2025-12-13;2;18
26;2025-12-13;3;39
26;2025-12-13;4;8
26;2025-12-13;5;47
26;2025-12-13;6;232
26;2025-12-13;7;342
26;2025-12-13;8;541
26;2025-12-13;9;700
26;2025-12-13;10;778
26;2025-12-13;11;917
26;2025-12-13;12;991
26;2025-12-13;13;1018
26;2025-12-13;14;999
26;2025-12-13;15;945
26;2025-12-13;16;938
26;2025-12-13;17;829
26;2025-12-13;18;789
26;2025-12-13;19;684
26;2025-12-13;20;476
26;2025-12-13;21;342
26;2025-12-13;22;212
26;2025-12-13;23;129
26;2025-12-14;0;42
26;2025-12-14;1;7
26;2025-12-14;2;15
26;2025-12-14;3;31
26;2025-12-14;4;7
26;2025-12-14;5;34
26;2025-12-14;6;151
26;2025-12-14;7;232
26;2025-12-14;8;376
26;2025-12-14;9;520
26;2025-12-14;10;591
26;2025-12-14;11;726
26;2025-12-14;12;839
26;2025-12-14;13;875
26;2025-12-14;14;865
26;2025-12-14;15;831
26;2025-12-14;16;816
26;2025-12-14;17;714
26;2025-12-14;18;671
26;2025-12-14;19;548
26;2025-12-14;20;396
26;2025-12-14;21;292
26;2025-12-14;22;182
26;2025-12-14;23;102
26;2025-12-15;0;30
26;2025-12-15;1;4
26;2025-12-15;2;7
26;2025-12-15;3;15
26;2025-12-15;4;7
26;2025-12-15;5;81
26;2025-12-15;6;482
26;2025-12-15;7;1067
26;2025-12-15;8;1920
26;2025-12-15;9;1407
26;2025-12-15;10;1115
26;2025-12-15;11;1049
26;2025-12-15;12;1093
26;2025-12-15;13;1104
26;2025-12-15;14;1078
26;2025-12-15;15;1217
26;2025-12-15;16;1383
26;2025-12-15;17;1534
26;2025-12-15;18;1718
26;2025-12-15;19;1201
26;2025-12-15;20;740
26;2025-12-15;21;407
26;2025-12-15;22;208
26;2025-12-15;23;105
26;2025-12-16;0;29
26;2025-12-16;1;4
26;2025-12-16;2;8
26;2025-12-16;3;16
26;2025-12-16;4;7
26;2025-12-16;5;83
26;2025-12-16;6;497
26;2025-12-16;7;1108
26;2025-12-16;8;2001
26;2025-12-16;9;1467
26;2025-12-16;10;1179
26;2025-12-16;11;1102
26;2025-12-16;12;1117
26;2025-12-16;13;1130
26;2025-12-16;14;1114
26;2025-12-16;15;1236
26;2025-12-16;16;1397
26;2025-12-16;17;1564
26;2025-12-16;18;1723
26;2025-12-16;19;1227
26;2025-12-16;20;759
26;2025-12-16;21;430
26;2025-12-16;22;221
26;2025-12-16;23;110
26;2025-12-17;0;29
26;2025-12-17;1;4
26;2025-12-17;2;8
26;2025-12-17;3;16
26;2025-12-17;4;7
26;2025-12-17;5;82
26;2025-12-17;6;484
26;2025-12-17;7;1063
26;2025-12-17;8;1930
26;2025-12-17;9;1422
26;2025-12-17;10;1150
26;2025-12-17;11;1086
26;2025-12-17;12;1116
26;2025-12-17;13;1133
26;2025-12-17;14;1114
26;2025-12-17;15;1231
26;2025-12-17;16;1384
26;2025-12-17;17;1556
26;2025-12-17;18;1711
26;2025-12-17;19;1208
26;2025-12-17;20;754
26;2025-12-17;21;434
26;2025-12-17;22;224
26;2025-12-17;23;115
26;2025-12-18;0;31
26;2025-12-18;1;4
26;2025-12-18;2;7
26;2025-12-18;3;15
26;2025-12-18;4;6
26;2025-12-18;5;83
26;2025-12-18;6;490
26;2025-12-18;7;1081
26;2025-12-18;8;1948
26;2025-12-18;9;1443
26;2025-12-18;10;1166
26;2025-12-18;11;1098
26;2025-12-18;12;1144
26;2025-12-18;13;1157
26;2025-12-18;14;1142
26;2025-12-18;15;1262
26;2025-12-18;16;1443
26;2025-12-18;17;1558
26;2025-12-18;18;1730
26;2025-12-18;19;1213
26;2025-12-18;20;755
26;2025-12-18;21;439
26;2025-12-18;22;228
26;2025-12-18;23;121
26;2025-12-19;0;34
26;2025-12-19;1;4
26;2025-12-19;2;7
26;2025-12-19;3;15
26;2025-12-19;4;6
26;2025-12-19;5;83
26;2025-12-19;6;488
26;2025-12-19;7;1057
26;2025-12-19;8;1893
26;2025-12-19;9;1403
26;2025-12-19;10;1150
26;2025-12-19;11;1109
26;2025-12-19;12;1135
26;2025-12-19;13;1154
26;2025-12-19;14;1150
26;2025-12-19;15;1319
26;2025-12-19;16;1546
26;2025-12-19;17;1531
26;2025-12-19;18;1416
26;2025-12-19;19;1073
26;2025-12-19;20;724
26;2025-12-19;21;433
26;2025-12-19;22;235
26;2025-12-19;23;133
26;2025-12-20;0;46
26;2025-12-20;1;7
26;2025-12-20;2;18
26;2025-12-20;3;39
26;2025-12-20;4;8
26;2025-12-20;5;47
26;2025-12-20;6;232
26;2025-12-20;7;342
26;2025-12-20;8;541
26;2025-12-20;9;700
26;2025-12-20;10;778
26;2025-12-20;11;917
26;2025-12-20;12;991
26;2025-12-20;13;1018
26;2025-12-20;14;999
26;2025-12-20;15;945
26;2025-12-20;16;938
26;2025-12-20;17;829
26;2025-12-20;18;789
26;2025-12-20;19;684
26;2025-12-20;20;476
26;2025-12-20;21;342
26;2025-12-20;22;212
26;2025-12-20;23;129
26;2025-12-21;0;42
26;2025-12-21;1;7
26;2025-12-21;2;15
26;2025-12-21;3;31
26;2025-12-21;4;7
26;2025-12-21;5;34
26;2025-12-21;6;151
26;2025-12-21;7;232
26;2025-12-21;8;376
26;2025-12-21;9;520
26;2025-12-21;10;591
26;2025-12-21;11;726
26;2025-12-21;12;839
26;2025-12-21;13;875
26;2025-12-21;14;865
26;2025-12-21;15;831
26;2025-12-21;16;816
26;2025-12-21;17;714
26;2025-12-21;18;671
26;2025-12-21;19;548
26;2025-12-21;20;396
26;2025-12-21;21;292
26;2025-12-21;22;182
26;2025-12-21;23;102
26;2025-12-22;0;30
26;2025-12-22;1;4
26;2025-12-22;2;7
26;2025-12-22;3;15
26;2025-12-22;4;7
26;2025-12-22;5;81
26;2025-12-22;6;482
26;2025-12-22;7;1067
26;2025-12-22;8;1920
26;2025-12-22;9;1407
26;2025-12-22;10;1115
26;2025-12-22;11;1049
26;2025-12-22;12;1093
26;2025-12-22;13;1104
26;2025-12-22;14;1078
26;2025-12-22;15;1217
26;2025-12-22;16;1383
26;2025-12-22;17;1534
26;2025-12-22;18;1718
26;2025-12-22;19;1201
26;2025-12-22;20;740
26;2025-12-22;21;407
26;2025-12-22;22;208
26;2025-12-22;23;105
26;2025-12-23;0;29
26;2025-12-23;1;4
26;2025-12-23;2;8
26;2025-12-23;3;16
26;2025-12-23;4;7
26;2025-12-23;5;83
26;2025-12-23;6;497
26;2025-12-23;7;1108
26;2025-12-23;8;2001
26;2025-12-23;9;1467
26;2025-12-23;10;1179
26;2025-12-23;11;1102
26;2025-12-23;12;1117
26;2025-12-23;13;1130
26;2025-12-23;14;1114
26;2025-12-23;15;1236
26;2025-12-23;16;1397
26;2025-12-23;17;1564
26;2025-12-23;18;1723
26;2025-12-23;19;1227
26;2025-12-23;20;759
26;2025-12-23;21;430
26;2025-12-23;22;221
26;2025-12-23;23;110
26;2025-12-24;0;29
26;2025-12-24;1;4
26;2025-12-24;2;8
26;2025-12-24;3;16
26;2025-12-24;4;7
26;2025-12-24;5;82
26;2025-12-24;6;484
26;2025-12-24;7;1063
26;2025-12-24;8;1930
26;2025-12-24;9;1422
26;2025-12-24;10;1150
26;2025-12-24;11;1086
26;2025-12-24;12;1116
26;2025-12-24;13;1133
26;2025-12-24;14;1114
26;2025-12-24;15;1231
26;2025-12-24;16;1384
26;2025-12-24;17;1556
26;2025-12-24;18;1711
26;2025-12-24;19;1208
26;2025-12-24;20;754
26;2025-12-24;21;434
26;2025-12-24;22;224
26;2025-12-24;23;115
26;2025-12-25;0;31
26;2025-12-25;1;4
26;2025-12-25;2;7
26;2025-12-25;3;15
26;2025-12-25;4;6
26;2025-12-25;5;83
26;2025-12-25;6;490
26;2025-12-25;7;1081
26;2025-12-25;8;1948
26;2025-12-25;9;1443
26;2025-12-25;10;1166
26;2025-12-25;11;1098
26;2025-12-25;12;1144
26;2025-12-25;13;1157
26;2025-12-25;14;1142
26;2025-12-25;15;1262
26;2025-12-25;16;1443
26;2025-12-25;17;1558
26;2025-12-25;18;1730
26;2025-12-25;19;1213
26;2025-12-25;20;755
26;2025-12-25;21;439
26;2025-12-25;22;228
26;2025-12-25;23;121
26;2025-12-26;0;34
26;2025-12-26;1;4
26;2025-12-26;2;7
26;2025-12-26;3;15
26;2025-12-26;4;6
26;2025-12-26;5;83
26;2025-12-26;6;488
26;2025-12-26;7;1057
26;2025-12-26;8;1893
26;2025-12-26;9;1403
26;2025-12-26;10;1150
26;2025-12-26;11;1109
26;2025-12-26;12;1135
26;2025-12-26;13;1154
26;2025-12-26;14;1150
26;2025-12-26;15;1319
26;2025-12-26;16;1546
26;2025-12-26;17;1531
26;2025-12-26;18;1416
26;2025-12-26;19;1073
26;2025-12-26;20;724
26;2025-12-26;21;433
26;2025-12-26;22;235
26;2025-12-26;23;133
26;2025-12-27;0;46
26;2025-12-27;1;7
26;2025-12-27;2;18
26;2025-12-27;3;39
26;2025-12-27;4;8
26;2025-12-27;5;47
26;2025-12-27;6;232
26;2025-12-27;7;342
26;2025-12-27;8;541
26;2025-12-27;9;700
26;2025-12-27;10;778
26;2025-12-27;11;917
26;2025-12-27;12;991
26;2025-12-27;13;1018
26;2025-12-27;14;999
26;2025-12-27;15;945
26;2025-12-27;16;938
26;2025-12-27;17;829
26;2025-12-27;18;789
26;2025-12-27;19;684
26;2025-12-27;20;476
26;2025-12-27;21;342
26;2025-12-27;22;212
26;2025-12-27;23;129
26;2025-12-28;0;42
26;2025-12-28;1;7
26;2025-12-28;2;15
26;2025-12-28;3;31
26;2025-12-28;4;7
26;2025-12-28;5;34
26;2025-12-28;6;151
26;2025-12-28;7;232
26;2025-12-28;8;376
26;2025-12-28;9;520
26;2025-12-28;10;591
26;2025-12-28;11;726
26;2025-12-28;12;839
26;2025-12-28;13;875
26;2025-12-28;14;865
26;2025-12-28;15;831
26;2025-12-28;16;816
26;2025-12-28;17;714
26;2025-12-28;18;671
26;2025-12-28;19;548
26;2025-12-28;20;396
26;2025-12-28;21;292
26;2025-12-28;22;182
26;2025-12-28;23;102
26;2025-12-29;0;30
26;2025-12-29;1;4
26;2025-12-29;2;7
26;2025-12-29;3;15
26;2025-12-29;4;7
26;2025-12-29;5;81
26;2025-12-29;6;482
26;2025-12-29;7;1067
26;2025-12-29;8;1920
26;2025-12-29;9;1407
26;2025-12-29;10;1115
26;2025-12-29;11;1049
26;2025-12-29;12;1093
26;2025-12-29;13;1104
26;2025-12-29;14;1078
26;2025-12-29;15;1217
26;2025-12-29;16;1383
26;2025-12-29;17;1534
26;2025-12-29;18;1718
26;2025-12-29;19;1201
26;2025-12-29;20;740
26;2025-12-29;21;407
26;2025-12-29;22;208
26;2025-12-29;23;105
26;2025-12-30;0;29
26;2025-12-30;1;4
26;2025-12-30;2;8
26;2025-12-30;3;16
26;2025-12-30;4;7
26;2025-12-30;5;83
26;2025-12-30;6;497
26;2025-12-30;7;1108
26;2025-12-30;8;2001
26;2025-12-30;9;1467
26;2025-12-30;10;1179
26;2025-12-30;11;1102
26;2025-12-30;12;1117
26;2025-12-30;13;1130
26;2025-12-30;14;1114
26;2025-12-30;15;1236
26;2025-12-30;16;1397
26;2025-12-30;17;1564
26;2025-12-30;18;1723
26;2025-12-30;19;1227
26;2025-12-30;20;759
26;2025-12-30;21;430
26;2025-12-30;22;221
26;2025-12-30;23;110
26;2025-12-31;0;26
26;2025-12-31;1;5
26;2025-12-31;2;9
26;2025-12-31;3;15
26;2025-12-31;4;5
26;2025-12-31;5;28
26;2025-12-31;6;116
26;2025-12-31;7;137
26;2025-12-31;8;203
26;2025-12-31;9;226
26;2025-12-31;10;253
26;2025-12-31;11;300
26;2025-12-31;12;382
26;2025-12-31;13;425
26;2025-12-31;14;442
26;2025-12-31;15;460
26;2025-12-31;16;466
26;2025-12-31;17;455
26;2025-12-31;18;454
26;2025-12-31;19;400
26;2025-12-31;20;276
26;2025-12-31;21;217
26;2025-12-31;22;139
26;2025-12-31;23;78
28;2025-11-01;0;18
28;2025-11-01;1;5
28;2025-11-01;2;27
28;2025-11-01;3;30
28;2025-11-01;4;6
28;2025-11-01;5;44
28;2025-11-01;6;110
28;2025-11-01;7;235
28;2025-11-01;8;360
28;2025-11-01;9;435
28;2025-11-01;10;453
28;2025-11-01;11;492
28;2025-11-01;12;569
28;2025-11-01;13;608
28;2025-11-01;14;592
28;2025-11-01;15;572
28;2025-11-01;16;573
28;2025-11-01;17;510
28;2025-11-01;18;469
28;2025-11-01;19;431
28;2025-11-01;20;325
28;2025-11-01;21;259
28;2025-11-01;22;133
28;2025-11-01;23;26
28;2025-11-02;0;19
28;2025-11-02;1;6
28;2025-11-02;2;22
28;2025-11-02;3;25
28;2025-11-02;4;5
28;2025-11-02;5;32
28;2025-11-02;6;80
28;2025-11-02;7;162
28;2025-11-02;8;254
28;2025-11-02;9;333
28;2025-11-02;10;359
28;2025-11-02;11;409
28;2025-11-02;12;507
28;2025-11-02;13;545
28;2025-11-02;14;543
28;2025-11-02;15;528
28;2025-11-02;16;524
28;2025-11-02;17;461
28;2025-11-02;18;419
28;2025-11-02;19;368
28;2025-11-02;20;285
28;2025-11-02;21;229
28;2025-11-02;22;117
28;2025-11-02;23;21
28;2025-11-03;0;14
28;2025-11-03;1;5
28;2025-11-03;2;17
28;2025-11-03;3;19
28;2025-11-03;4;6
28;2025-11-03;5;49
28;2025-11-03;6;127
28;2025-11-03;7;237
28;2025-11-03;8;335
28;2025-11-03;9;346
28;2025-11-03;10;331
28;2025-11-03;11;343
28;2025-11-03;12;469
28;2025-11-03;13;497
28;2025-11-03;14;470
28;2025-11-03;15;475
28;2025-11-03;16;511
28;2025-11-03;17;480
28;2025-11-03;18;464
28;2025-11-03;19;402
28;2025-11-03;20;278
28;2025-11-03;21;210
28;2025-11-03;22;115
28;2025-11-03;23;19
28;2025-11-04;0;15
28;2025-11-04;1;6
28;2025-11-04;2;16
28;2025-11-04;3;18
28;2025-11-04;4;6
28;2025-11-04;5;43
28;2025-11-04;6;109
28;2025-11-04;7;195
28;2025-11-04;8;268
28;2025-11-04;9;290
28;2025-11-04;10;295
28;2025-11-04;11;321
28;2025-11-04;12;423
28;2025-11-04;13;456
28;2025-11-04;14;442
28;2025-11-04;15;445
28;2025-11-04;16;463
28;2025-11-04;17;425
28;2025-11-04;18;397
28;2025-11-04;19;367
28;2025-11-04;20;281
28;2025-11-04;21;226
28;2025-11-04;22;122
28;2025-11-04;23;22
28;2025-11-05;0;13
28;2025-11-05;1;4
28;2025-11-05;2;9
28;2025-11-05;3;12
28;2025-11-05;4;5
28;2025-11-05;5;75
28;2025-11-05;6;250
28;2025-11-05;7;740
28;2025-11-05;8;1111
28;2025-11-05;9;832
28;2025-11-05;10;623
28;2025-11-05;11;578
28;2025-11-05;12;657
28;2025-11-05;13;689
28;2025-11-05;14;639
28;2025-11-05;15;667
28;2025-11-05;16;795
28;2025-11-05;17;868
28;2025-11-05;18;897
28;2025-11-05;19;688
28;2025-11-05;20;476
28;2025-11-05;21;310
28;2025-11-05;22;142
28;2025-11-05;23;21
28;2025-11-06;0;13
28;2025-11-06;1;4
28;2025-11-06;2;9
28;2025-11-06;3;12
28;2025-11-06;4;4
28;2025-11-06;5;76
28;2025-11-06;6;251
28;2025-11-06;7;753
28;2025-11-06;8;1123
28;2025-11-06;9;840
28;2025-11-06;10;631
28;2025-11-06;11;584
28;2025-11-06;12;672
28;2025-11-06;13;698
28;2025-11-06;14;651
28;2025-11-06;15;680
28;2025-11-06;16;825
28;2025-11-06;17;869
28;2025-11-06;18;906
28;2025-11-06;19;689
28;2025-11-06;20;481
28;2025-11-06;21;312
28;2025-11-06;22;143
28;2025-11-06;23;22
28;2025-11-07;0;14
28;2025-11-07;1;4
28;2025-11-07;2;9
28;2025-11-07;3;12
28;2025-11-07;4;4
28;2025-11-07;5;76
28;2025-11-07;6;250
28;2025-11-07;7;735
28;2025-11-07;8;1091
28;2025-11-07;9;814
28;2025-11-07;10;623
28;2025-11-07;11;592
28;2025-11-07;12;665
28;2025-11-07;13;694
28;2025-11-07;14;660
28;2025-11-07;15;713
28;2025-11-07;16;874
28;2025-11-07;17;848
28;2025-11-07;18;756
28;2025-11-07;19;618
28;2025-11-07;20;460
28;2025-11-07;21;306
28;2025-11-07;22;147
28;2025-11-07;23;24
28;2025-11-08;0;18
28;2025-11-08;1;5
28;2025-11-08;2;27
28;2025-11-08;3;30
28;2025-11-08;4;6
28;2025-11-08;5;44
28;2025-11-08;6;110
28;2025-11-08;7;235
28;2025-11-08;8;360
28;2025-11-08;9;435
28;2025-11-08;10;453
28;2025-11-08;11;492
28;2025-11-08;12;569
28;2025-11-08;13;608
28;2025-11-08;14;592
28;2025-11-08;15;572
28;2025-11-08;16;573
28;2025-11-08;17;510
28;2025-11-08;18;469
28;2025-11-08;19;431
28;2025-11-08;20;325
28;2025-11-08;21;259
28;2025-11-08;22;133
28;2025-11-08;23;26
28;2025-11-09;0;19
28;2025-11-09;1;6
28;2025-11-09;2;22
28;2025-11-09;3;25
28;2025-11-09;4;5
28;2025-11-09;5;32
28;2025-11-09;6;80
28;2025-11-09;7;162
28;2025-11-09;8;254
28;2025-11-09;9;333
28;2025-11-09;10;359
28;2025-11-09;11;409
28;2025-11-09;12;507
28;2025-11-09;13;545
28;2025-11-09;14;543
28;2025-11-09;15;528
28;2025-11-09;16;524
28;2025-11-09;17;461
28;2025-11-09;18;419
28;2025-11-09;19;368
28;2025-11-09;20;285
28;2025-11-09;21;229
28;2025-11-09;22;117
28;2025-11-09;23;21
28;2025-11-10;0;13
28;2025-11-10;1;4
28;2025-11-10;2;9
28;2025-11-10;3;11
28;2025-11-10;4;4
28;2025-11-10;5;74
28;2025-11-10;6;248
28;2025-11-10;7;744
28;2025-11-10;8;1112
28;2025-11-10;9;823
28;2025-11-10;10;601
28;2025-11-10;11;556
28;2025-11-10;12;644
28;2025-11-10;13;671
28;2025-11-10;14;619
28;2025-11-10;15;657
28;2025-11-10;16;797
28;2025-11-10;17;856
28;2025-11-10;18;903
28;2025-11-10;19;681
28;2025-11-10;20;466
28;2025-11-10;21;285
28;2025-11-10;22;127
28;2025-11-10;23;19
28;2025-11-11;0;12
28;2025-11-11;1;4
28;2025-11-11;2;9
28;2025-11-11;3;12
28;2025-11-11;4;5
28;2025-11-11;5;75
28;2025-11-11;6;252
28;2025-11-11;7;764
28;2025-11-11;8;1138
28;2025-11-11;9;850
28;2025-11-11;10;632
28;2025-11-11;11;579
28;2025-11-11;12;648
28;2025-11-11;13;675
28;2025-11-11;14;629
28;2025-11-11;15;657
28;2025-11-11;16;793
28;2025-11-11;17;867
28;2025-11-11;18;902
28;2025-11-11;19;691
28;2025-11-11;20;476
28;2025-11-11;21;297
28;2025-11-11;22;134
28;2025-11-11;23;20
28;2025-11-12;0;13
28;2025-11-12;1;4
28;2025-11-12;2;9
28;2025-11-12;3;12
28;2025-11-12;4;5
28;2025-11-12;5;75
28;2025-11-12;6;250
28;2025-11-12;7;740
28;2025-11-12;8;1111
28;2025-11-12;9;832
28;2025-11-12;10;623
28;2025-11-12;11;578
28;2025-11-12;12;657
28;2025-11-12;13;689
28;2025-11-12;14;639
28;2025-11-12;15;667
28;2025-11-12;16;795
28;2025-11-12;17;868
28;2025-11-12;18;897
28;2025-11-12;19;688
28;2025-11-12;20;476
28;2025-11-12;21;310
28;2025-11-12;22;142
28;2025-11-12;23;21
28;2025-11-13;0;13
28;2025-11-13;1;4
28;2025-11-13;2;9
28;2025-11-13;3;12
28;2025-11-13;4;4
28;2025-11-13;5;76
28;2025-11-13;6;251
28;2025-11-13;7;753
28;2025-11-13;8;1123
28;2025-11-13;9;840
28;2025-11-13;10;631
28;2025-11-13;11;584
28;2025-11-13;12;672
28;2025-11-13;13;698
28;2025-11-13;14;651
28;2025-11-13;15;680
28;2025-11-13;16;825
28;2025-11-13;17;869
28;2025-11-13;18;906
28;2025-11-13;19;689
28;2025-11-13;20;481
28;2025-11-13;21;312
28;2025-11-13;22;143
28;2025-11-13;23;22
28;2025-11-14;0;14
28;2025-11-14;1;4
28;2025-11-14;2;9
28;2025-11-14;3;12
28;2025-11-14;4;4
28;2025-11-14;5;76
28;2025-11-14;6;250
28;2025-11-14;7;735
28;2025-11-14;8;1091
28;2025-11-14;9;814
28;2025-11-14;10;623
28;2025-11-14;11;592
28;2025-11-14;12;665
28;2025-11-14;13;694
28;2025-11-14;14;660
28;2025-11-14;15;713
28;2025-11-14;16;874
28;2025-11-14;17;848
28;2025-11-14;18;756
28;2025-11-14;19;618
28;2025-11-14;20;460
28;2025-11-14;21;306
28;2025-11-14;22;147
28;2025-11-14;23;24
28;2025-11-15;0;18
28;2025-11-15;1;5
28;2025-11-15;2;27
28;2025-11-15;3;30
28;2025-11-15;4;6
28;2025-11-15;5;44
28;2025-11-15;6;110
28;2025-11-15;7;235
28;2025-11-15;8;360
28;2025-11-15;9;435
28;2025-11-15;10;453
28;2025-11-15;11;492
28;2025-11-15;12;569
28;2025-11-15;13;608
28;2025-11-15;14;592
28;2025-11-15;15;572
28;2025-11-15;16;573
28;2025-11-15;17;510
28;2025-11-15;18;469
28;2025-11-15;19;431
28;2025-11-15;20;325
28;2025-11-15;21;259
28;2025-11-15;22;133
28;2025-11-15;23;26
28;2025-11-16;0;19
28;2025-11-16;1;6
28;2025-11-16;2;22
28;2025-11-16;3;25
28;2025-11-16;4;5
28;2025-11-16;5;32
28;2025-11-16;6;80
28;2025-11-16;7;162
28;2025-11-16;8;254
28;2025-11-16;9;333
28;2025-11-16;10;359
28;2025-11-16;11;409
28;2025-11-16;12;507
28;2025-11-16;13;545
28;2025-11-16;14;543
28;2025-11-16;15;528
28;2025-11-16;16;524
28;2025-11-16;17;461
28;2025-11-16;18;419
28;2025-11-16;19;368
28;2025-11-16;20;285
28;2025-11-16;21;229
28;2025-11-16;22;117
28;2025-11-16;23;21
28;2025-11-17;0;13
28;2025-11-17;1;4
28;2025-11-17;2;9
28;2025-11-17;3;11
28;2025-11-17;4;4
28;2025-11-17;5;74
28;2025-11-17;6;248
28;2025-11-17;7;744
28;2025-11-17;8;1112
28;2025-11-17;9;823
28;2025-11-17;10;601
28;2025-11-17;11;556
28;2025-11-17;12;644
28;2025-11-17;13;671
28;2025-11-17;14;619
28;2025-11-17;15;657
28;2025-11-17;16;797
28;2025-11-17;17;856
28;2025-11-17;18;903
28;2025-11-17;19;681
28;2025-11-17;20;466
28;2025-11-17;21;285
28;2025-11-17;22;127
28;2025-11-17;23;19
28;2025-11-18;0;12
28;2025-11-18;1;4
28;2025-11-18;2;9
28;2025-11-18;3;12
28;2025-11-18;4;5
28;2025-11-18;5;75
28;2025-11-18;6;252
28;2025-11-18;7;764
28;2025-11-18;8;1138
28;2025-11-18;9;850
28;2025-11-18;10;632
28;2025-11-18;11;579
28;2025-11-18;12;648
28;2025-11-18;13;675
28;2025-11-18;14;629
28;2025-11-18;15;657
28;2025-11-18;16;793
28;2025-11-18;17;867
28;2025-11-18;18;902
28;2025-11-18;19;691
28;2025-11-18;20;476
28;2025-11-18;21;297
28;2025-11-18;22;134
28;2025-11-18;23;20
28;2025-11-19;0;13
28;2025-11-19;1;4
28;2025-11-19;2;9
28;2025-11-19;3;12
28;2025-11-19;4;5
28;2025-11-19;5;75
28;2025-11-19;6;250
28;2025-11-19;7;740
28;2025-11-19;8;1111
28;2025-11-19;9;832
28;2025-11-19;10;623
28;2025-11-19;11;578
28;2025-11-19;12;657
28;2025-11-19;13;689
28;2025-11-19;14;639
28;2025-11-19;15;667
28;2025-11-19;16;795
28;2025-11-19;17;868
28;2025-11-19;18;897
28;2025-11-19;19;688
28;2025-11-19;20;476
28;2025-11-19;21;310
28;2025-11-19;22;142
28;2025-11-19;23;21
28;2025-11-20;0;13
28;2025-11-20;1;4
28;2025-11-20;2;9
28;2025-11-20;3;12
28;2025-11-20;4;4
28;2025-11-20;5;76
28;2025-11-20;6;251
28;2025-11-20;7;753
28;2025-11-20;8;1123
28;2025-11-20;9;840
28;2025-11-20;10;631
28;2025-11-20;11;584
28;2025-11-20;12;672
28;2025-11-20;13;698
28;2025-11-20;14;651
28;2025-11-20;15;680
28;2025-11-20;16;825
28;2025-11-20;17;869
28;2025-11-20;18;906
28;2025-11-20;19;689
28;2025-11-20;20;481
28;2025-11-20;21;312
28;2025-11-20;22;143
28;2025-11-20;23;22
28;2025-11-21;0;14
28;2025-11-21;1;4
28;2025-11-21;2;9
28;2025-11-21;3;12
28;2025-11-21;4;4
28;2025-11-21;5;76
28;2025-11-21;6;250
28;2025-11-21;7;735
28;2025-11-21;8;1091
28;2025-11-21;9;814
28;2025-11-21;10;623
28;2025-11-21;11;592
28;2025-11-21;12;665
28;2025-11-21;13;694
28;2025-11-21;14;660
28;2025-11-21;15;713
28;2025-11-21;16;874
28;2025-11-21;17;848
28;2025-11-21;18;756
28;2025-11-21;19;618
28;2025-11-21;20;460
28;2025-11-21;21;306
28;2025-11-21;22;147
28;2025-11-21;23;24
28;2025-11-22;0;18
28;2025-11-22;1;5
28;2025-11-22;2;27
28;2025-11-22;3;30
28;2025-11-22;4;6
28;2025-11-22;5;44
28;2025-11-22;6;110
28;2025-11-22;7;235
28;2025-11-22;8;360
28;2025-11-22;9;435
28;2025-11-22;10;453
28;2025-11-22;11;492
28;2025-11-22;12;569
28;2025-11-22;13;608
28;2025-11-22;14;592
28;2025-11-22;15;572
28;2025-11-22;16;573
28;2025-11-22;17;510
28;2025-11-22;18;469
28;2025-11-22;19;431
28;2025-11-22;20;325
28;2025-11-22;21;259
28;2025-11-22;22;133
28;2025-11-22;23;26
28;2025-11-23;0;19
28;2025-11-23;1;6
28;2025-11-23;2;22
28;2025-11-23;3;25
28;2025-11-23;4;5
28;2025-11-23;5;32
28;2025-11-23;6;80
28;2025-11-23;7;162
28;2025-11-23;8;254
28;2025-11-23;9;333
28;2025-11-23;10;359
28;2025-11-23;11;409
28;2025-11-23;12;507
28;2025-11-23;13;545
28;2025-11-23;14;543
28;2025-11-23;15;528
28;2025-11-23;16;524
28;2025-11-23;17;461
28;2025-11-23;18;419
28;2025-11-23;19;368
28;2025-11-23;20;285
28;2025-11-23;21;229
28;2025-11-23;22;117
28;2025-11-23;23;21
28;2025-11-24;0;13
28;2025-11-24;1;4
28;2025-11-24;2;9
28;2025-11-24;3;11
28;2025-11-24;4;4
28;2025-11-24;5;74
28;2025-11-24;6;248
28;2025-11-24;7;744
28;2025-11-24;8;1112
28;2025-11-24;9;823
28;2025-11-24;10;601
28;2025-11-24;11;556
28;2025-11-24;12;644
28;2025-11-24;13;671
28;2025-11-24;14;619
28;2025-11-24;15;657
28;2025-11-24;16;797
28;2025-11-24;17;856
28;2025-11-24;18;903
28;2025-11-24;19;681
28;2025-11-24;20;466
28;2025-11-24;21;285
28;2025-11-24;22;127
28;2025-11-24;23;19
28;2025-11-25;0;12
28;2025-11-25;1;4
28;2025-11-25;2;9
28;2025-11-25;3;12
28;2025-11-25;4;5
28;2025-11-25;5;75
28;2025-11-25;6;252
28;2025-11-25;7;764
28;2025-11-25;8;1138
28;2025-11-25;9;850
28;2025-11-25;10;632
28;2025-11-25;11;579
28;2025-11-25;12;648
28;2025-11-25;13;675
28;2025-11-25;14;629
28;2025-11-25;15;657
28;2025-11-25;16;793
28;2025-11-25;17;867
28;2025-11-25;18;902
28;2025-11-25;19;691
28;2025-11-25;20;476
28;2025-11-25;21;297
28;2025-11-25;22;134
28;2025-11-25;23;20
28;2025-11-26;0;13
28;2025-11-26;1;4
28;2025-11-26;2;9
28;2025-11-26;3;12
28;2025-11-26;4;5
28;2025-11-26;5;75
28;2025-11-26;6;250
28;2025-11-26;7;740
28;2025-11-26;8;1111
28;2025-11-26;9;832
28;2025-11-26;10;623
28;2025-11-26;11;578
28;2025-11-26;12;657
28;2025-11-26;13;689
28;2025-11-26;14;639
28;2025-11-26;15;667
28;2025-11-26;16;795
28;2025-11-26;17;868
28;2025-11-26;18;897
28;2025-11-26;19;688
28;2025-11-26;20;476
28;2025-11-26;21;310
28;2025-11-26;22;142
28;2025-11-26;23;21
28;2025-11-27;0;13
28;2025-11-27;1;4
28;2025-11-27;2;9
28;2025-11-27;3;12
28;2025-11-27;4;4
28;2025-11-27;5;76
28;2025-11-27;6;251
28;2025-11-27;7;753
28;2025-11-27;8;1123
28;2025-11-27;9;840
28;2025-11-27;10;631
28;2025-11-27;11;584
28;2025-11-27;12;672
28;2025-11-27;13;698
28;2025-11-27;14;651
28;2025-11-27;15;680
28;2025-11-27;16;825
28;2025-11-27;17;869
28;2025-11-27;18;906
28;2025-11-27;19;689
28;2025-11-27;20;481
28;2025-11-27;21;312
28;2025-11-27;22;143
28;2025-11-27;23;22
28;2025-11-28;0;14
28;2025-11-28;1;4
28;2025-11-28;2;9
28;2025-11-28;3;12
28;2025-11-28;4;4
28;2025-11-28;5;76
28;2025-11-28;6;250
28;2025-11-28;7;735
28;2025-11-28;8;1091
28;2025-11-28;9;814
28;2025-11-28;10;623
28;2025-11-28;11;592
28;2025-11-28;12;665
28;2025-11-28;13;694
28;2025-11-28;14;660
28;2025-11-28;15;713
28;2025-11-28;16;874
28;2025-11-28;17;848
28;2025-11-28;18;756
28;2025-11-28;19;618
28;2025-11-28;20;460
28;2025-11-28;21;306
28;2025-11-28;22;147
28;2025-11-28;23;24
28;2025-11-29;0;18
28;2025-11-29;1;5
28;2025-11-29;2;27
28;2025-11-29;3;30
28;2025-11-29;4;6
28;2025-11-29;5;44
28;2025-11-29;6;110
28;2025-11-29;7;235
28;2025-11-29;8;360
28;2025-11-29;9;435
28;2025-11-29;10;453
28;2025-11-29;11;492
28;2025-11-29;12;569
28;2025-11-29;13;608
28;2025-11-29;14;592
28;2025-11-29;15;572
28;2025-11-29;16;573
28;2025-11-29;17;510
28;2025-11-29;18;469
28;2025-11-29;19;431
28;2025-11-29;20;325
28;2025-11-29;21;259
28;2025-11-29;22;133
28;2025-11-29;23;26
28;2025-11-30;0;19
28;2025-11-30;1;6
28;2025-11-30;2;22
28;2025-11-30;3;25
28;2025-11-30;4;5
28;2025-11-30;5;32
28;2025-11-30;6;80
28;2025-11-30;7;162
28;2025-11-30;8;254
28;2025-11-30;9;333
28;2025-11-30;10;359
28;2025-11-30;11;409
28;2025-11-30;12;507
28;2025-11-30;13;545
28;2025-11-30;14;543
28;2025-11-30;15;528
28;2025-11-30;16;524
28;2025-11-30;17;461
28;2025-11-30;18;419
28;2025-11-30;19;368
28;2025-11-30;20;285
28;2025-11-30;21;229
28;2025-11-30;22;117
28;2025-11-30;23;21
28;2025-12-01;0;13
28;2025-12-01;1;4
28;2025-12-01;2;9
28;2025-12-01;3;11
28;2025-12-01;4;4
28;2025-12-01;5;76
28;2025-12-01;6;250
28;2025-12-01;7;778
28;2025-12-01;8;1143
28;2025-12-01;9;845
28;2025-12-01;10;611
28;2025-12-01;11;560
28;2025-12-01;12;648
28;2025-12-01;13;678
28;2025-12-01;14;628
28;2025-12-01;15;672
28;2025-12-01;16;819
28;2025-12-01;17;887
28;2025-12-01;18;934
28;2025-12-01;19;697
28;2025-12-01;20;473
28;2025-12-01;21;284
28;2025-12-01;22;128
28;2025-12-01;23;22
28;2025-12-02;0;12
28;2025-12-02;1;4
28;2025-12-02;2;9
28;2025-12-02;3;12
28;2025-12-02;4;4
28;2025-12-02;5;76
28;2025-12-02;6;253
28;2025-12-02;7;794
28;2025-12-02;8;1171
28;2025-12-02;9;866
28;2025-12-02;10;637
28;2025-12-02;11;579
28;2025-12-02;12;651
28;2025-12-02;13;682
28;2025-12-02;14;638
28;2025-12-02;15;670
28;2025-12-02;16;811
28;2025-12-02;17;890
28;2025-12-02;18;921
28;2025-12-02;19;701
28;2025-12-02;20;477
28;2025-12-02;21;294
28;2025-12-02;22;134
28;2025-12-02;23;22
28;2025-12-03;0;13
28;2025-12-03;1;4
28;2025-12-03;2;9
28;2025-12-03;3;12
28;2025-12-03;4;4
28;2025-12-03;5;77
28;2025-12-03;6;249
28;2025-12-03;7;770
28;2025-12-03;8;1140
28;2025-12-03;9;844
28;2025-12-03;10;626
28;2025-12-03;11;577
28;2025-12-03;12;656
28;2025-12-03;13;689
28;2025-12-03;14;643
28;2025-12-03;15;673
28;2025-12-03;16;809
28;2025-12-03;17;890
28;2025-12-03;18;921
28;2025-12-03;19;695
28;2025-12-03;20;478
28;2025-12-03;21;300
28;2025-12-03;22;138
28;2025-12-03;23;23
28;2025-12-04;0;13
28;2025-12-04;1;4
28;2025-12-04;2;9
28;2025-12-04;3;11
28;2025-12-04;4;4
28;2025-12-04;5;76
28;2025-12-04;6;249
28;2025-12-04;7;773
28;2025-12-04;8;1137
28;2025-12-04;9;848
28;2025-12-04;10;628
28;2025-12-04;11;576
28;2025-12-04;12;665
28;2025-12-04;13;696
28;2025-12-04;14;652
28;2025-12-04;15;683
28;2025-12-04;16;834
28;2025-12-04;17;882
28;2025-12-04;18;921
28;2025-12-04;19;690
28;2025-12-04;20;474
28;2025-12-04;21;300
28;2025-12-04;22;138
28;2025-12-04;23;24
28;2025-12-05;0;14
28;2025-12-05;1;4
28;2025-12-05;2;9
28;2025-12-05;3;11
28;2025-12-05;4;4
28;2025-12-05;5;76
28;2025-12-05;6;247
28;2025-12-05;7;753
28;2025-12-05;8;1107
28;2025-12-05;9;822
28;2025-12-05;10;618
28;2025-12-05;11;582
28;2025-12-05;12;657
28;2025-12-05;13;690
28;2025-12-05;14;656
28;2025-12-05;15;712
28;2025-12-05;16;889
28;2025-12-05;17;865
28;2025-12-05;18;768
28;2025-12-05;19;619
28;2025-12-05;20;457
28;2025-12-05;21;297
28;2025-12-05;22;143
28;2025-12-05;23;26
28;2025-12-06;0;18
28;2025-12-06;1;5
28;2025-12-06;2;27
28;2025-12-06;3;30
28;2025-12-06;4;6
28;2025-12-06;5;41
28;2025-12-06;6;102
28;2025-12-06;7;225
28;2025-12-06;8;345
28;2025-12-06;9;429
28;2025-12-06;10;443
28;2025-12-06;11;482
28;2025-12-06;12;563
28;2025-12-06;13;596
28;2025-12-06;14;584
28;2025-12-06;15;561
28;2025-12-06;16;562
28;2025-12-06;17;495
28;2025-12-06;18;454
28;2025-12-06;19;409
28;2025-12-06;20;311
28;2025-12-06;21;247
28;2025-12-06;22;131
28;2025-12-06;23;27
28;2025-12-07;0;18
28;2025-12-07;1;6
28;2025-12-07;2;22
28;2025-12-07;3;24
28;2025-12-07;4;5
28;2025-12-07;5;30
28;2025-12-07;6;75
28;2025-12-07;7;154
28;2025-12-07;8;243
28;2025-12-07;9;321
28;2025-12-07;10;343
28;2025-12-07;11;390
28;2025-12-07;12;486
28;2025-12-07;13;522
28;2025-12-07;14;522
28;2025-12-07;15;507
28;2025-12-07;16;505
28;2025-12-07;17;442
28;2025-12-07;18;398
28;2025-12-07;19;343
28;2025-12-07;20;268
28;2025-12-07;21;215
28;2025-12-07;22;113
28;2025-12-07;23;22
28;2025-12-08;0;13
28;2025-12-08;1;4
28;2025-12-08;2;9
28;2025-12-08;3;11
28;2025-12-08;4;4
28;2025-12-08;5;76
28;2025-12-08;6;250
28;2025-12-08;7;778
28;2025-12-08;8;1143
28;2025-12-08;9;845
28;2025-12-08;10;611
28;2025-12-08;11;560
28;2025-12-08;12;648
28;2025-12-08;13;678
28;2025-12-08;14;628
28;2025-12-08;15;672
28;2025-12-08;16;819
28;2025-12-08;17;887
28;2025-12-08;18;934
28;2025-12-08;19;697
28;2025-12-08;20;473
28;2025-12-08;21;284
28;2025-12-08;22;128
28;2025-12-08;23;22
28;2025-12-09;0;12
28;2025-12-09;1;4
28;2025-12-09;2;9
28;2025-12-09;3;12
28;2025-12-09;4;4
28;2025-12-09;5;76
28;2025-12-09;6;253
28;2025-12-09;7;794
28;2025-12-09;8;1171
28;2025-12-09;9;866
28;2025-12-09;10;637
28;2025-12-09;11;579
28;2025-12-09;12;651
28;2025-12-09;13;682
28;2025-12-09;14;638
28;2025-12-09;15;670
28;2025-12-09;16;811
28;2025-12-09;17;890
28;2025-12-09;18;921
28;2025-12-09;19;701
28;2025-12-09;20;477
28;2025-12-09;21;294
28;2025-12-09;22;134
28;2025-12-09;23;22
28;2025-12-10;0;13
28;2025-12-10;1;4
28;2025-12-10;2;9
28;2025-12-10;3;12
28;2025-12-10;4;4
28;2025-12-10;5;77
28;2025-12-10;6;249
28;2025-12-10;7;770
28;2025-12-10;8;1140
28;2025-12-10;9;844
28;2025-12-10;10;626
28;2025-12-10;11;577
28;2025-12-10;12;656
28;2025-12-10;13;689
28;2025-12-10;14;643
28;2025-12-10;15;673
28;2025-12-10;16;809
28;2025-12-10;17;890
28;2025-12-10;18;921
28;2025-12-10;19;695
28;2025-12-10;20;478
28;2025-12-10;21;300
28;2025-12-10;22;138
28;2025-12-10;23;23
28;2025-12-11;0;13
28;2025-12-11;1;4
28;2025-12-11;2;9
28;2025-12-11;3;11
28;2025-12-11;4;4
28;2025-12-11;5;76
28;2025-12-11;6;249
28;2025-12-11;7;773
28;2025-12-11;8;1137
28;2025-12-11;9;848
28;2025-12-11;10;628
28;2025-12-11;11;576
28;2025-12-11;12;665
28;2025-12-11;13;696
28;2025-12-11;14;652
28;2025-12-11;15;683
28;2025-12-11;16;834
28;2025-12-11;17;882
28;2025-12-11;18;921
28;2025-12-11;19;690
28;2025-12-11;20;474
28;2025-12-11;21;300
28;2025-12-11;22;138
28;2025-12-11;23;24
28;2025-12-12;0;14
28;2025-12-12;1;4
28;2025-12-12;2;9
28;2025-12-12;3;11
28;2025-12-12;4;4
28;2025-12-12;5;76
28;2025-12-12;6;247
28;2025-12-12;7;753
28;2025-12-12;8;1107
28;2025-12-12;9;822
28;2025-12-12;10;618
28;2025-12-12;11;582
28;2025-12-12;12;657
28;2025-12-12;13;690
28;2025-12-12;14;656
28;2025-12-12;15;712
28;2025-12-12;16;889
28;2025-12-12;17;865
28;2025-12-12;18;768
28;2025-12-12;19;619
28;2025-12-12;20;457
28;2025-12-12;21;297
28;2025-12-12;22;143
28;2025-12-12;23;26
28;2025-12-13;0;18
28;2025-12-13;1;5
28;2025-12-13;2;27
28;2025-12-13;3;30
28;2025-12-13;4;6
28;2025-12-13;5;41
28;2025-12-13;6;102
28;2025-12-13;7;225
28;2025-12-13;8;345
28;2025-12-13;9;429
28;2025-12-13;10;443
28;2025-12-13;11;482
28;2025-12-13;12;563
28;2025-12-13;13;596
28;2025-12-13;14;584
28;2025-12-13;15;561
28;2025-12-13;16;562
28;2025-12-13;17;495
28;2025-12-13;18;454
28;2025-12-13;19;409
28;2025-12-13;20;311
28;2025-12-13;21;247
28;2025-12-13;22;131
28;2025-12-13;23;27
28;2025-12-14;0;18
28;2025-12-14;1;6
28;2025-12-14;2;22
28;2025-12-14;3;24
28;2025-12-14;4;5
28;2025-12-14;5;30
28;2025-12-14;6;75
28;2025-12-14;7;154
28;2025-12-14;8;243
28;2025-12-14;9;321
28;2025-12-14;10;343
28;2025-12-14;11;390
28;2025-12-14;12;486
28;2025-12-14;13;522
28;2025-12-14;14;522
28;2025-12-14;15;507
28;2025-12-14;16;505
28;2025-12-14;17;442
28;2025-12-14;18;398
28;2025-12-14;19;343
28;2025-12-14;20;268
28;2025-12-14;21;215
28;2025-12-14;22;113
28;2025-12-14;23;22
28;2025-12-15;0;13
28;2025-12-15;1;4
28;2025-12-15;2;9
28;2025-12-15;3;11
28;2025-12-15;4;4
28;2025-12-15;5;76
28;2025-12-15;6;250
28;2025-12-15;7;778
28;2025-12-15;8;1143
28;2025-12-15;9;845
28;2025-12-15;10;611
28;2025-12-15;11;560
28;2025-12-15;12;648
28;2025-12-15;13;678
28;2025-12-15;14;628
28;2025-12-15;15;672
28;2025-12-15;16;819
28;2025-12-15;17;887
28;2025-12-15;18;934
28;2025-12-15;19;697
28;2025-12-15;20;473
28;2025-12-15;21;284
28;2025-12-15;22;128
28;2025-12-15;23;22
28;2025-12-16;0;12
28;2025-12-16;1;4
28;2025-12-16;2;9
28;2025-12-16;3;12
28;2025-12-16;4;4
28;2025-12-16;5;76
28;2025-12-16;6;253
28;2025-12-16;7;794
28;2025-12-16;8;1171
28;2025-12-16;9;866
28;2025-12-16;10;637
28;2025-12-16;11;579
28;2025-12-16;12;651
28;2025-12-16;13;682
28;2025-12-16;14;638
28;2025-12-16;15;670
28;2025-12-16;16;811
28;2025-12-16;17;890
28;2025-12-16;18;921
28;2025-12-16;19;701
28;2025-12-16;20;477
28;2025-12-16;21;294
28;2025-12-16;22;134
28;2025-12-16;23;22
28;2025-12-17;0;13
28;2025-12-17;1;4
28;2025-12-17;2;9
28;2025-12-17;3;12
28;2025-12-17;4;4
28;2025-12-17;5;77
28;2025-12-17;6;249
28;2025-12-17;7;770
28;2025-12-17;8;1140
28;2025-12-17;9;844
28;2025-12-17;10;626
28;2025-12-17;11;577
28;2025-12-17;12;656
28;2025-12-17;13;689
28;2025-12-17;14;643
28;2025-12-17;15;673
28;2025-12-17;16;809
28;2025-12-17;17;890
28;2025-12-17;18;921
28;2025-12-17;19;695
28;2025-12-17;20;478
28;2025-12-17;21;300
28;2025-12-17;22;138
28;2025-12-17;23;23
28;2025-12-18;0;13
28;2025-12-18;1;4
28;2025-12-18;2;9
28;2025-12-18;3;11
28;2025-12-18;4;4
28;2025-12-18;5;76
28;2025-12-18;6;249
28;2025-12-18;7;773
28;2025-12-18;8;1137
28;2025-12-18;9;848
28;2025-12-18;10;628
28;2025-12-18;11;576
28;2025-12-18;12;665
28;2025-12-18;13;696
28;2025-12-18;14;652
28;2025-12-18;15;683
28;2025-12-18;16;834
28;2025-12-18;17;882
28;2025-12-18;18;921
28;2025-12-18;19;690
28;2025-12-18;20;474
28;2025-12-18;21;300
28;2025-12-18;22;138
28;2025-12-18;23;24
28;2025-12-19;0;14
28;2025-12-19;1;4
28;2025-12-19;2;9
28;2025-12-19;3;11
28;2025-12-19;4;4
28;2025-12-19;5;76
28;2025-12-19;6;247
28;2025-12-19;7;753
28;2025-12-19;8;1107
28;2025-12-19;9;822
28;2025-12-19;10;618
28;2025-12-19;11;582
28;2025-12-19;12;657
28;2025-12-19;13;690
28;2025-12-19;14;656
28;2025-12-19;15;712
28;2025-12-19;16;889
28;2025-12-19;17;865
28;2025-12-19;18;768
28;2025-12-19;19;619
28;2025-12-19;20;457
28;2025-12-19;21;297
28;2025-12-19;22;143
28;2025-12-19;23;26
28;2025-12-20;0;18
28;2025-12-20;1;5
28;2025-12-20;2;27
28;2025-12-20;3;30
28;2025-12-20;4;6
28;2025-12-20;5;41
28;2025-12-20;6;102
28;2025-12-20;7;225
28;2025-12-20;8;345
28;2025-12-20;9;429
28;2025-12-20;10;443
28;2025-12-20;11;482
28;2025-12-20;12;563
28;2025-12-20;13;596
28;2025-12-20;14;584
28;2025-12-20;15;561
28;2025-12-20;16;562
28;2025-12-20;17;495
28;2025-12-20;18;454
28;2025-12-20;19;409
28;2025-12-20;20;311
28;2025-12-20;21;247
28;2025-12-20;22;131
28;2025-12-20;23;27
28;2025-12-21;0;18
28;2025-12-21;1;6
28;2025-12-21;2;22
28;2025-12-21;3;24
28;2025-12-21;4;5
28;2025-12-21;5;30
28;2025-12-21;6;75
28;2025-12-21;7;154
28;2025-12-21;8;243
28;2025-12-21;9;321
28;2025-12-21;10;343
28;2025-12-21;11;390
28;2025-12-21;12;486
28;2025-12-21;13;522
28;2025-12-21;14;522
28;2025-12-21;15;507
28;2025-12-21;16;505
28;2025-12-21;17;442
28;2025-12-21;18;398
28;2025-12-21;19;343
28;2025-12-21;20;268
28;2025-12-21;21;215
28;2025-12-21;22;113
28;2025-12-21;23;22
28;2025-12-22;0;13
28;2025-12-22;1;4
28;2025-12-22;2;9
28;2025-12-22;3;11
28;2025-12-22;4;4
28;2025-12-22;5;76
28;2025-12-22;6;250
28;2025-12-22;7;778
28;2025-12-22;8;1143
28;2025-12-22;9;845
28;2025-12-22;10;611
28;2025-12-22;11;560
28;2025-12-22;12;648
28;2025-12-22;13;678
28;2025-12-22;14;628
28;2025-12-22;15;672
28;2025-12-22;16;819
28;2025-12-22;17;887
28;2025-12-22;18;934
28;2025-12-22;19;697
28;2025-12-22;20;473
28;2025-12-22;21;284
28;2025-12-22;22;128
28;2025-12-22;23;22
28;2025-12-23;0;12
28;2025-12-23;1;4
28;2025-12-23;2;9
28;2025-12-23;3;12
28;2025-12-23;4;4
28;2025-12-23;5;76
28;2025-12-23;6;253
28;2025-12-23;7;794
28;2025-12-23;8;1171
28;2025-12-23;9;866
28;2025-12-23;10;637
28;2025-12-23;11;579
28;2025-12-23;12;651
28;2025-12-23;13;682
28;2025-12-23;14;638
28;2025-12-23;15;670
28;2025-12-23;16;811
28;2025-12-23;17;890
28;2025-12-23;18;921
28;2025-12-23;19;701
28;2025-12-23;20;477
28;2025-12-23;21;294
28;2025-12-23;22;134
28;2025-12-23;23;22
28;2025-12-24;0;13
28;2025-12-24;1;4
28;2025-12-24;2;9
28;2025-12-24;3;12
28;2025-12-24;4;4
28;2025-12-24;5;77
28;2025-12-24;6;249
28;2025-12-24;7;770
28;2025-12-24;8;1140
28;2025-12-24;9;844
28;2025-12-24;10;626
28;2025-12-24;11;577
28;2025-12-24;12;656
28;2025-12-24;13;689
28;2025-12-24;14;643
28;2025-12-24;15;673
28;2025-12-24;16;809
28;2025-12-24;17;890
28;2025-12-24;18;921
28;2025-12-24;19;695
28;2025-12-24;20;478
28;2025-12-24;21;300
28;2025-12-24;22;138
28;2025-12-24;23;23
28;2025-12-25;0;13
28;2025-12-25;1;4
28;2025-12-25;2;9
28;2025-12-25;3;11
28;2025-12-25;4;4
28;2025-12-25;5;76
28;2025-12-25;6;249
28;2025-12-25;7;773
28;2025-12-25;8;1137
28;2025-12-25;9;848
28;2025-12-25;10;628
28;2025-12-25;11;576
28;2025-12-25;12;665
28;2025-12-25;13;696
28;2025-12-25;14;652
28;2025-12-25;15;683
28;2025-12-25;16;834
28;2025-12-25;17;882
28;2025-12-25;18;921
28;2025-12-25;19;690
28;2025-12-25;20;474
28;2025-12-25;21;300
28;2025-12-25;22;138
28;2025-12-25;23;24
28;2025-12-26;0;14
28;2025-12-26;1;4
28;2025-12-26;2;9
28;2025-12-26;3;11
28;2025-12-26;4;4
28;2025-12-26;5;76
28;2025-12-26;6;247
28;2025-12-26;7;753
28;2025-12-26;8;1107
28;2025-12-26;9;822
28;2025-12-26;10;618
28;2025-12-26;11;582
28;2025-12-26;12;657
28;2025-12-26;13;690
28;2025-12-26;14;656
28;2025-12-26;15;712
28;2025-12-26;16;889
28;2025-12-26;17;865
28;2025-12-26;18;768
28;2025-12-26;19;619
28;2025-12-26;20;457
28;2025-12-26;21;297
28;2025-12-26;22;143
28;2025-12-26;23;26
28;2025-12-27;0;18
28;2025-12-27;1;5
28;2025-12-27;2;27
28;2025-12-27;3;30
28;2025-12-27;4;6
28;2025-12-27;5;41
28;2025-12-27;6;102
28;2025-12-27;7;225
28;2025-12-27;8;345
28;2025-12-27;9;429
28;2025-12-27;10;443
28;2025-12-27;11;482
28;2025-12-27;12;563
28;2025-12-27;13;596
28;2025-12-27;14;584
28;2025-12-27;15;561
28;2025-12-27;16;562
28;2025-12-27;17;495
28;2025-12-27;18;454
28;2025-12-27;19;409
28;2025-12-27;20;311
28;2025-12-27;21;247
28;2025-12-27;22;131
28;2025-12-27;23;27
28;2025-12-28;0;18
28;2025-12-28;1;6
28;2025-12-28;2;22
28;2025-12-28;3;24
28;2025-12-28;4;5
28;2025-12-28;5;30
28;2025-12-28;6;75
28;2025-12-28;7;154
28;2025-12-28;8;243
28;2025-12-28;9;321
28;2025-12-28;10;343
28;2025-12-28;11;390
28;2025-12-28;12;486
28;2025-12-28;13;522
28;2025-12-28;14;522
28;2025-12-28;15;507
28;2025-12-28;16;505
28;2025-12-28;17;442
28;2025-12-28;18;398
28;2025-12-28;19;343
28;2025-12-28;20;268
28;2025-12-28;21;215
28;2025-12-28;22;113
28;2025-12-28;23;22
28;2025-12-29;0;13
28;2025-12-29;1;4
28;2025-12-29;2;9
28;2025-12-29;3;11
28;2025-12-29;4;4
28;2025-12-29;5;76
28;2025-12-29;6;250
28;2025-12-29;7;778
28;2025-12-29;8;1143
28;2025-12-29;9;845
28;2025-12-29;10;611
28;2025-12-29;11;560
28;2025-12-29;12;648
28;2025-12-29;13;678
28;2025-12-29;14;628
28;2025-12-29;15;672
28;2025-12-29;16;819
28;2025-12-29;17;887
28;2025-12-29;18;934
28;2025-12-29;19;697
28;2025-12-29;20;473
28;2025-12-29;21;284
28;2025-12-29;22;128
28;2025-12-29;23;22
28;2025-12-30;0;12
28;2025-12-30;1;4
28;2025-12-30;2;9
28;2025-12-30;3;12
28;2025-12-30;4;4
28;2025-12-30;5;76
28;2025-12-30;6;253
28;2025-12-30;7;794
28;2025-12-30;8;1171
28;2025-12-30;9;866
28;2025-12-30;10;637
28;2025-12-30;11;579
28;2025-12-30;12;651
28;2025-12-30;13;682
28;2025-12-30;14;638
28;2025-12-30;15;670
28;2025-12-30;16;811
28;2025-12-30;17;890
28;2025-12-30;18;921
28;2025-12-30;19;701
28;2025-12-30;20;477
28;2025-12-30;21;294
28;2025-12-30;22;134
28;2025-12-30;23;22
28;2025-12-31;0;11
28;2025-12-31;1;4
28;2025-12-31;2;10
28;2025-12-31;3;11
28;2025-12-31;4;4
28;2025-12-31;5;26
28;2025-12-31;6;63
28;2025-12-31;7;103
28;2025-12-31;8;137
28;2025-12-31;9;151
28;2025-12-31;10;156
28;2025-12-31;11;176
28;2025-12-31;12;248
28;2025-12-31;13;282
28;2025-12-31;14;288
28;2025-12-31;15;294
28;2025-12-31;16;309
28;2025-12-31;17;293
28;2025-12-31;18;276
28;2025-12-31;19;253
28;2025-12-31;20;193
28;2025-12-31;21;159
28;2025-12-31;22;89
28;2025-12-31;23;18
50;2025-11-01;0;60
50;2025-11-01;1;7
50;2025-11-01;2;22
50;2025-11-01;3;23
50;2025-11-01;4;8
50;2025-11-01;5;48
50;2025-11-01;6;222
50;2025-11-01;7;429
50;2025-11-01;8;636
50;2025-11-01;9;721
50;2025-11-01;10;766
50;2025-11-01;11;881
50;2025-11-01;12;936
50;2025-11-01;13;976
50;2025-11-01;14;968
50;2025-11-01;15;943
50;2025-11-01;16;932
50;2025-11-01;17;856
50;2025-11-01;18;786
50;2025-11-01;19;674
50;2025-11-01;20;513
50;2025-11-01;21;423
50;2025-11-01;22;251
50;2025-11-01;23;151
50;2025-11-02;0;56
50;2025-11-02;1;8
50;2025-11-02;2;20
50;2025-11-02;3;21
50;2025-11-02;4;7
50;2025-11-02;5;35
50;2025-11-02;6;151
50;2025-11-02;7;287
50;2025-11-02;8;441
50;2025-11-02;9;553
50;2025-11-02;10;606
50;2025-11-02;11;734
50;2025-11-02;12;850
50;2025-11-02;13;901
50;2025-11-02;14;904
50;2025-11-02;15;878
50;2025-11-02;16;864
50;2025-11-02;17;797
50;2025-11-02;18;728
50;2025-11-02;19;589
50;2025-11-02;20;459
50;2025-11-02;21;379
50;2025-11-02;22;226
50;2025-11-02;23;124
50;2025-11-03;0;46
50;2025-11-03;1;7
50;2025-11-03;2;21
50;2025-11-03;3;21
50;2025-11-03;4;9
50;2025-11-03;5;54
50;2025-11-03;6;262
50;2025-11-03;7;482
50;2025-11-03;8;679
50;2025-11-03;9;725
50;2025-11-03;10;707
50;2025-11-03;11;762
50;2025-11-03;12;894
50;2025-11-03;13;920
50;2025-11-03;14;887
50;2025-11-03;15;944
50;2025-11-03;16;937
50;2025-11-03;17;985
50;2025-11-03;18;993
50;2025-11-03;19;739
50;2025-11-03;20;480
50;2025-11-03;21;389
50;2025-11-03;22;235
50;2025-11-03;23;118
50;2025-11-04;0;46
50;2025-11-04;1;9
50;2025-11-04;2;19
50;2025-11-04;3;19
50;2025-11-04;4;8
50;2025-11-04;5;44
50;2025-11-04;6;201
50;2025-11-04;7;350
50;2025-11-04;8;480
50;2025-11-04;9;550
50;2025-11-04;10;560
50;2025-11-04;11;631
50;2025-11-04;12;740
50;2025-11-04;13;778
50;2025-11-04;14;755
50;2025-11-04;15;794
50;2025-11-04;16;780
50;2025-11-04;17;795
50;2025-11-04;18;774
50;2025-11-04;19;623
50;2025-11-04;20;443
50;2025-11-04;21;380
50;2025-11-04;22;235
50;2025-11-04;23;121
50;2025-11-05;0;41
50;2025-11-05;1;5
50;2025-11-05;2;11
50;2025-11-05;3;12
50;2025-11-05;4;7
50;2025-11-05;5;81
50;2025-11-05;6;551
50;2025-11-05;7;1823
50;2025-11-05;8;2737
50;2025-11-05;9;2129
50;2025-11-05;10;1636
50;2025-11-05;11;1569
50;2025-11-05;12;1480
50;2025-11-05;13;1486
50;2025-11-05;14;1432
50;2025-11-05;15;1619
50;2025-11-05;16;1728
50;2025-11-05;17;2217
50;2025-11-05;18;2420
50;2025-11-05;19;1529
50;2025-11-05;20;942
50;2025-11-05;21;625
50;2025-11-05;22;310
50;2025-11-05;23;150
50;2025-11-06;0;43
50;2025-11-06;1;5
50;2025-11-06;2;10
50;2025-11-06;3;12
50;2025-11-06;4;6
50;2025-11-06;5;82
50;2025-11-06;6;555
50;2025-11-06;7;1856
50;2025-11-06;8;2760
50;2025-11-06;9;2142
50;2025-11-06;10;1651
50;2025-11-06;11;1582
50;2025-11-06;12;1507
50;2025-11-06;13;1500
50;2025-11-06;14;1451
50;2025-11-06;15;1643
50;2025-11-06;16;1790
50;2025-11-06;17;2211
50;2025-11-06;18;2433
50;2025-11-06;19;1527
50;2025-11-06;20;953
50;2025-11-06;21;634
50;2025-11-06;22;313
50;2025-11-06;23;159
50;2025-11-07;0;47
50;2025-11-07;1;5
50;2025-11-07;2;10
50;2025-11-07;3;12
50;2025-11-07;4;6
50;2025-11-07;5;82
50;2025-11-07;6;550
50;2025-11-07;7;1784
50;2025-11-07;8;2654
50;2025-11-07;9;2046
50;2025-11-07;10;1610
50;2025-11-07;11;1583
50;2025-11-07;12;1496
50;2025-11-07;13;1499
50;2025-11-07;14;1471
50;2025-11-07;15;1731
50;2025-11-07;16;1913
50;2025-11-07;17;2054
50;2025-11-07;18;1860
50;2025-11-07;19;1295
50;2025-11-07;20;889
50;2025-11-07;21;606
50;2025-11-07;22;319
50;2025-11-07;23;173
50;2025-11-08;0;60
50;2025-11-08;1;7
50;2025-11-08;2;22
50;2025-11-08;3;23
50;2025-11-08;4;8
50;2025-11-08;5;48
50;2025-11-08;6;222
50;2025-11-08;7;429
50;2025-11-08;8;636
50;2025-11-08;9;721
50;2025-11-08;10;766
50;2025-11-08;11;881
50;2025-11-08;12;936
50;2025-11-08;13;976
50;2025-11-08;14;968
50;2025-11-08;15;943
50;2025-11-08;16;932
50;2025-11-08;17;856
50;2025-11-08;18;786
50;2025-11-08;19;674
50;2025-11-08;20;513
50;2025-11-08;21;423
50;2025-11-08;22;251
50;2025-11-08;23;151
50;2025-11-09;0;56
50;2025-11-09;1;8
50;2025-11-09;2;20
50;2025-11-09;3;21
50;2025-11-09;4;7
50;2025-11-09;5;35
50;2025-11-09;6;151
50;2025-11-09;7;287
50;2025-11-09;8;441
50;2025-11-09;9;553
50;2025-11-09;10;606
50;2025-11-09;11;734
50;2025-11-09;12;850
50;2025-11-09;13;901
50;2025-11-09;14;904
50;2025-11-09;15;878
50;2025-11-09;16;864
50;2025-11-09;17;797
50;2025-11-09;18;728
50;2025-11-09;19;589
50;2025-11-09;20;459
50;2025-11-09;21;379
50;2025-11-09;22;226
50;2025-11-09;23;124
50;2025-11-10;0;42
50;2025-11-10;1;5
50;2025-11-10;2;10
50;2025-11-10;3;11
50;2025-11-10;4;6
50;2025-11-10;5;79
50;2025-11-10;6;541
50;2025-11-10;7;1811
50;2025-11-10;8;2709
50;2025-11-10;9;2077
50;2025-11-10;10;1558
50;2025-11-10;11;1489
50;2025-11-10;12;1421
50;2025-11-10;13;1416
50;2025-11-10;14;1358
50;2025-11-10;15;1559
50;2025-11-10;16;1688
50;2025-11-10;17;2156
50;2025-11-10;18;2403
50;2025-11-10;19;1493
50;2025-11-10;20;910
50;2025-11-10;21;572
50;2025-11-10;22;275
50;2025-11-10;23;132
50;2025-11-11;0;40
50;2025-11-11;1;5
50;2025-11-11;2;10
50;2025-11-11;3;12
50;2025-11-11;4;7
50;2025-11-11;5;81
50;2025-11-11;6;558
50;2025-11-11;7;1878
50;2025-11-11;8;2794
50;2025-11-11;9;2159
50;2025-11-11;10;1649
50;2025-11-11;11;1563
50;2025-11-11;12;1449
50;2025-11-11;13;1444
50;2025-11-11;14;1397
50;2025-11-11;15;1581
50;2025-11-11;16;1704
50;2025-11-11;17;2206
50;2025-11-11;18;2431
50;2025-11-11;19;1526
50;2025-11-11;20;939
50;2025-11-11;21;604
50;2025-11-11;22;293
50;2025-11-11;23;139
50;2025-11-12;0;41
50;2025-11-12;1;5
50;2025-11-12;2;11
50;2025-11-12;3;12
50;2025-11-12;4;7
50;2025-11-12;5;81
50;2025-11-12;6;551
50;2025-11-12;7;1823
50;2025-11-12;8;2737
50;2025-11-12;9;2129
50;2025-11-12;10;1636
50;2025-11-12;11;1569
50;2025-11-12;12;1480
50;2025-11-12;13;1486
50;2025-11-12;14;1432
50;2025-11-12;15;1619
50;2025-11-12;16;1728
50;2025-11-12;17;2217
50;2025-11-12;18;2420
50;2025-11-12;19;1529
50;2025-11-12;20;942
50;2025-11-12;21;625
50;2025-11-12;22;310
50;2025-11-12;23;150
50;2025-11-13;0;43
50;2025-11-13;1;5
50;2025-11-13;2;10
50;2025-11-13;3;12
50;2025-11-13;4;6
50;2025-11-13;5;82
50;2025-11-13;6;555
50;2025-11-13;7;1856
50;2025-11-13;8;2760
50;2025-11-13;9;2142
50;2025-11-13;10;1651
50;2025-11-13;11;1582
50;2025-11-13;12;1507
50;2025-11-13;13;1500
50;2025-11-13;14;1451
50;2025-11-13;15;1643
50;2025-11-13;16;1790
50;2025-11-13;17;2211
50;2025-11-13;18;2433
50;2025-11-13;19;1527
50;2025-11-13;20;953
50;2025-11-13;21;634
50;2025-11-13;22;313
50;2025-11-13;23;159
50;2025-11-14;0;47
50;2025-11-14;1;5
50;2025-11-14;2;10
50;2025-11-14;3;12
50;2025-11-14;4;6
50;2025-11-14;5;82
50;2025-11-14;6;550
50;2025-11-14;7;1784
50;2025-11-14;8;2654
50;2025-11-14;9;2046
50;2025-11-14;10;1610
50;2025-11-14;11;1583
50;2025-11-14;12;1496
50;2025-11-14;13;1499
50;2025-11-14;14;1471
50;2025-11-14;15;1731
50;2025-11-14;16;1913
50;2025-11-14;17;2054
50;2025-11-14;18;1860
50;2025-11-14;19;1295
50;2025-11-14;20;889
50;2025-11-14;21;606
50;2025-11-14;22;319
50;2025-11-14;23;173
50;2025-11-15;0;60
50;2025-11-15;1;7
50;2025-11-15;2;22
50;2025-11-15;3;23
50;2025-11-15;4;8
50;2025-11-15;5;48
50;2025-11-15;6;222
50;2025-11-15;7;429
50;2025-11-15;8;636
50;2025-11-15;9;721
50;2025-11-15;10;766
50;2025-11-15;11;881
50;2025-11-15;12;936
50;2025-11-15;13;976
50;2025-11-15;14;968
50;2025-11-15;15;943
50;2025-11-15;16;932
50;2025-11-15;17;856
50;2025-11-15;18;786
50;2025-11-15;19;674
50;2025-11-15;20;513
50;2025-11-15;21;423
50;2025-11-15;22;251
50;2025-11-15;23;151
50;2025-11-16;0;56
50;2025-11-16;1;8
50;2025-11-16;2;20
50;2025-11-16;3;21
50;2025-11-16;4;7
50;2025-11-16;5;35
50;2025-11-16;6;151
50;2025-11-16;7;287
50;2025-11-16;8;441
50;2025-11-16;9;553
50;2025-11-16;10;606
50;2025-11-16;11;734
50;2025-11-16;12;850
50;2025-11-16;13;901
50;2025-11-16;14;904
50;2025-11-16;15;878
50;2025-11-16;16;864
50;2025-11-16;17;797
50;2025-11-16;18;728
50;2025-11-16;19;589
50;2025-11-16;20;459
50;2025-11-16;21;379
50;2025-11-16;22;226
50;2025-11-16;23;124
50;2025-11-17;0;42
50;2025-11-17;1;5
50;2025-11-17;2;10
50;2025-11-17;3;11
50;2025-11-17;4;6
50;2025-11-17;5;79
50;2025-11-17;6;541
50;2025-11-17;7;1811
50;2025-11-17;8;2709
50;2025-11-17;9;2077
50;2025-11-17;10;1558
50;2025-11-17;11;1489
50;2025-11-17;12;1421
50;2025-11-17;13;1416
50;2025-11-17;14;1358
50;2025-11-17;15;1559
50;2025-11-17;16;1688
50;2025-11-17;17;2156
50;2025-11-17;18;2403
50;2025-11-17;19;1493
50;2025-11-17;20;910
50;2025-11-17;21;572
50;2025-11-17;22;275
50;2025-11-17;23;132
50;2025-11-18;0;40
50;2025-11-18;1;5
50;2025-11-18;2;10
50;2025-11-18;3;12
50;2025-11-18;4;7
50;2025-11-18;5;81
50;2025-11-18;6;558
50;2025-11-18;7;1878
50;2025-11-18;8;2794
50;2025-11-18;9;2159
50;2025-11-18;10;1649
50;2025-11-18;11;1563
50;2025-11-18;12;1449
50;2025-11-18;13;1444
50;2025-11-18;14;1397
50;2025-11-18;15;1581
50;2025-11-18;16;1704
50;2025-11-18;17;2206
50;2025-11-18;18;2431
50;2025-11-18;19;1526
50;2025-11-18;20;939
50;2025-11-18;21;604
50;2025-11-18;22;293
50;2025-11-18;23;139
50;2025-11-19;0;41
50;2025-11-19;1;5
50;2025-11-19;2;11
50;2025-11-19;3;12
50;2025-11-19;4;7
50;2025-11-19;5;81
50;2025-11-19;6;551
50;2025-11-19;7;1823
50;2025-11-19;8;2737
50;2025-11-19;9;2129
50;2025-11-19;10;1636
50;2025-11-19;11;1569
50;2025-11-19;12;1480
50;2025-11-19;13;1486
50;2025-11-19;14;1432
50;2025-11-19;15;1619
50;2025-11-19;16;1728
50;2025-11-19;17;2217
50;2025-11-19;18;2420
50;2025-11-19;19;1529
50;2025-11-19;20;942
50;2025-11-19;21;625
50;2025-11-19;22;310
50;2025-11-19;23;150
50;2025-11-20;0;43
50;2025-11-20;1;5
50;2025-11-20;2;10
50;2025-11-20;3;12
50;2025-11-20;4;6
50;2025-11-20;5;82
50;2025-11-20;6;555
50;2025-11-20;7;1856
50;2025-11-20;8;2760
50;2025-11-20;9;2142
50;2025-11-20;10;1651
50;2025-11-20;11;1582
50;2025-11-20;12;1507
50;2025-11-20;13;1500
50;2025-11-20;14;1451
50;2025-11-20;15;1643
50;2025-11-20;16;1790
50;2025-11-20;17;2211
50;2025-11-20;18;2433
50;2025-11-20;19;1527
50;2025-11-20;20;953
50;2025-11-20;21;634
50;2025-11-20;22;313
50;2025-11-20;23;159
50;2025-11-21;0;47
50;2025-11-21;1;5
50;2025-11-21;2;10
50;2025-11-21;3;12
50;2025-11-21;4;6
50;2025-11-21;5;82
50;2025-11-21;6;550
50;2025-11-21;7;1784
50;2025-11-21;8;2654
50;2025-11-21;9;2046
50;2025-11-21;10;1610
50;2025-11-21;11;1583
50;2025-11-21;12;1496
50;2025-11-21;13;1499
50;2025-11-21;14;1471
50;2025-11-21;15;1731
50;2025-11-21;16;1913
50;2025-11-21;17;2054
50;2025-11-21;18;1860
50;2025-11-21;19;1295
50;2025-11-21;20;889
50;2025-11-21;21;606
50;2025-11-21;22;319
50;2025-11-21;23;173
50;2025-11-22;0;60
50;2025-11-22;1;7
50;2025-11-22;2;22
50;2025-11-22;3;23
50;2025-11-22;4;8
50;2025-11-22;5;48
50;2025-11-22;6;222
50;2025-11-22;7;429
50;2025-11-22;8;636
50;2025-11-22;9;721
50;2025-11-22;10;766
50;2025-11-22;11;881
50;2025-11-22;12;936
50;2025-11-22;13;976
50;2025-11-22;14;968
50;2025-11-22;15;943
50;2025-11-22;16;932
50;2025-11-22;17;856
50;2025-11-22;18;786
50;2025-11-22;19;674
50;2025-11-22;20;513
50;2025-11-22;21;423
50;2025-11-22;22;251
50;2025-11-22;23;151
50;2025-11-23;0;56
50;2025-11-23;1;8
50;2025-11-23;2;20
50;2025-11-23;3;21
50;2025-11-23;4;7
50;2025-11-23;5;35
50;2025-11-23;6;151
50;2025-11-23;7;287
50;2025-11-23;8;441
50;2025-11-23;9;553
50;2025-11-23;10;606
50;2025-11-23;11;734
50;2025-11-23;12;850
50;2025-11-23;13;901
50;2025-11-23;14;904
50;2025-11-23;15;878
50;2025-11-23;16;864
50;2025-11-23;17;797
50;2025-11-23;18;728
50;2025-11-23;19;589
50;2025-11-23;20;459
50;2025-11-23;21;379
50;2025-11-23;22;226
50;2025-11-23;23;124
50;2025-11-24;0;42
50;2025-11-24;1;5
50;2025-11-24;2;10
50;2025-11-24;3;11
50;2025-11-24;4;6
50;2025-11-24;5;79
50;2025-11-24;6;541
50;2025-11-24;7;1811
50;2025-11-24;8;2709
50;2025-11-24;9;2077
50;2025-11-24;10;1558
50;2025-11-24;11;1489
50;2025-11-24;12;1421
50;2025-11-24;13;1416
50;2025-11-24;14;1358
50;2025-11-24;15;1559
50;2025-11-24;16;1688
50;2025-11-24;17;2156
50;2025-11-24;18;2403
50;2025-11-24;19;1493
50;2025-11-24;20;910
50;2025-11-24;21;572
50;2025-11-24;22;275
50;2025-11-24;23;132
50;2025-11-25;0;40
50;2025-11-25;1;5
50;2025-11-25;2;10
50;2025-11-25;3;12
50;2025-11-25;4;7
50;2025-11-25;5;81
50;2025-11-25;6;558
50;2025-11-25;7;1878
50;2025-11-25;8;2794
50;2025-11-25;9;2159
50;2025-11-25;10;1649
50;2025-11-25;11;1563
50;2025-11-25;12;1449
50;2025-11-25;13;1444
50;2025-11-25;14;1397
50;2025-11-25;15;1581
50;2025-11-25;16;1704
50;2025-11-25;17;2206
50;2025-11-25;18;2431
50;2025-11-25;19;1526
50;2025-11-25;20;939
50;2025-11-25;21;604
50;2025-11-25;22;293
50;2025-11-25;23;139
50;2025-11-26;0;41
50;2025-11-26;1;5
50;2025-11-26;2;11
50;2025-11-26;3;12
50;2025-11-26;4;7
50;2025-11-26;5;81
50;2025-11-26;6;551
50;2025-11-26;7;1823
50;2025-11-26;8;2737
50;2025-11-26;9;2129
50;2025-11-26;10;1636
50;2025-11-26;11;1569
50;2025-11-26;12;1480
50;2025-11-26;13;1486
50;2025-11-26;14;1432
50;2025-11-26;15;1619
50;2025-11-26;16;1728
50;2025-11-26;17;2217
50;2025-11-26;18;2420
50;2025-11-26;19;1529
50;2025-11-26;20;942
50;2025-11-26;21;625
50;2025-11-26;22;310
50;2025-11-26;23;150
50;2025-11-27;0;43
50;2025-11-27;1;5
50;2025-11-27;2;10
50;2025-11-27;3;12
50;2025-11-27;4;6
50;2025-11-27;5;82
50;2025-11-27;6;555
50;2025-11-27;7;1856
50;2025-11-27;8;2760
50;2025-11-27;9;2142
50;2025-11-27;10;1651
50;2025-11-27;11;1582
50;2025-11-27;12;1507
50;2025-11-27;13;1500
50;2025-11-27;14;1451
50;2025-11-27;15;1643
50;2025-11-27;16;1790
50;2025-11-27;17;2211
50;2025-11-27;18;2433
50;2025-11-27;19;1527
50;2025-11-27;20;953
50;2025-11-27;21;634
50;2025-11-27;22;313
50;2025-11-27;23;159
50;2025-11-28;0;47
50;2025-11-28;1;5
50;2025-11-28;2;10
50;2025-11-28;3;12
50;2025-11-28;4;6
50;2025-11-28;5;82
50;2025-11-28;6;550
50;2025-11-28;7;1784
50;2025-11-28;8;2654
50;2025-11-28;9;2046
50;2025-11-28;10;1610
50;2025-11-28;11;1583
50;2025-11-28;12;1496
50;2025-11-28;13;1499
50;2025-11-28;14;1471
50;2025-11-28;15;1731
50;2025-11-28;16;1913
50;2025-11-28;17;2054
50;2025-11-28;18;1860
50;2025-11-28;19;1295
50;2025-11-28;20;889
50;2025-11-28;21;606
50;2025-11-28;22;319
50;2025-11-28;23;173
50;2025-11-29;0;60
50;2025-11-29;1;7
50;2025-11-29;2;22
50;2025-11-29;3;23
50;2025-11-29;4;8
50;2025-11-29;5;48
50;2025-11-29;6;222
50;2025-11-29;7;429
50;2025-11-29;8;636
50;2025-11-29;9;721
50;2025-11-29;10;766
50;2025-11-29;11;881
50;2025-11-29;12;936
50;2025-11-29;13;976
50;2025-11-29;14;968
50;2025-11-29;15;943
50;2025-11-29;16;932
50;2025-11-29;17;856
50;2025-11-29;18;786
50;2025-11-29;19;674
50;2025-11-29;20;513
50;2025-11-29;21;423
50;2025-11-29;22;251
50;2025-11-29;23;151
50;2025-11-30;0;56
50;2025-11-30;1;8
50;2025-11-30;2;20
50;2025-11-30;3;21
50;2025-11-30;4;7
50;2025-11-30;5;35
50;2025-11-30;6;151
50;2025-11-30;7;287
50;2025-11-30;8;441
50;2025-11-30;9;553
50;2025-11-30;10;606
50;2025-11-30;11;734
50;2025-11-30;12;850
50;2025-11-30;13;901
50;2025-11-30;14;904
50;2025-11-30;15;878
50;2025-11-30;16;864
50;2025-11-30;17;797
50;2025-11-30;18;728
50;2025-11-30;19;589
50;2025-11-30;20;459
50;2025-11-30;21;379
50;2025-11-30;22;226
50;2025-11-30;23;124
50;2025-12-01;0;40
50;2025-12-01;1;5
50;2025-12-01;2;9
50;2025-12-01;3;11
50;2025-12-01;4;6
50;2025-12-01;5;74
50;2025-12-01;6;527
50;2025-12-01;7;1791
50;2025-12-01;8;2656
50;2025-12-01;9;2038
50;2025-12-01;10;1513
50;2025-12-01;11;1457
50;2025-12-01;12;1389
50;2025-12-01;13;1379
50;2025-12-01;14;1328
50;2025-12-01;15;1539
50;2025-12-01;16;1661
50;2025-12-01;17;2142
50;2025-12-01;18;2387
50;2025-12-01;19;1458
50;2025-12-01;20;869
50;2025-12-01;21;541
50;2025-12-01;22;260
50;2025-12-01;23;127
50;2025-12-02;0;38
50;2025-12-02;1;5
50;2025-12-02;2;10
50;2025-12-02;3;12
50;2025-12-02;4;6
50;2025-12-02;5;77
50;2025-12-02;6;554
50;2025-12-02;7;1892
50;2025-12-02;8;2811
50;2025-12-02;9;2155
50;2025-12-02;10;1628
50;2025-12-02;11;1555
50;2025-12-02;12;1452
50;2025-12-02;13;1445
50;2025-12-02;14;1404
50;2025-12-02;15;1600
50;2025-12-02;16;1717
50;2025-12-02;17;2229
50;2025-12-02;18;2447
50;2025-12-02;19;1517
50;2025-12-02;20;911
50;2025-12-02;21;583
50;2025-12-02;22;282
50;2025-12-02;23;136
50;2025-12-03;0;40
50;2025-12-03;1;5
50;2025-12-03;2;10
50;2025-12-03;3;12
50;2025-12-03;4;6
50;2025-12-03;5;77
50;2025-12-03;6;539
50;2025-12-03;7;1819
50;2025-12-03;8;2719
50;2025-12-03;9;2097
50;2025-12-03;10;1595
50;2025-12-03;11;1542
50;2025-12-03;12;1461
50;2025-12-03;13;1460
50;2025-12-03;14;1415
50;2025-12-03;15;1607
50;2025-12-03;16;1718
50;2025-12-03;17;2218
50;2025-12-03;18;2429
50;2025-12-03;19;1498
50;2025-12-03;20;907
50;2025-12-03;21;585
50;2025-12-03;22;287
50;2025-12-03;23;142
50;2025-12-04;0;41
50;2025-12-04;1;5
50;2025-12-04;2;10
50;2025-12-04;3;11
50;2025-12-04;4;6
50;2025-12-04;5;77
50;2025-12-04;6;544
50;2025-12-04;7;1841
50;2025-12-04;8;2727
50;2025-12-04;9;2114
50;2025-12-04;10;1608
50;2025-12-04;11;1551
50;2025-12-04;12;1487
50;2025-12-04;13;1479
50;2025-12-04;14;1437
50;2025-12-04;15;1633
50;2025-12-04;16;1779
50;2025-12-04;17;2203
50;2025-12-04;18;2436
50;2025-12-04;19;1494
50;2025-12-04;20;905
50;2025-12-04;21;596
50;2025-12-04;22;292
50;2025-12-04;23;151
50;2025-12-05;0;46
50;2025-12-05;1;5
50;2025-12-05;2;10
50;2025-12-05;3;11
50;2025-12-05;4;6
50;2025-12-05;5;77
50;2025-12-05;6;542
50;2025-12-05;7;1787
50;2025-12-05;8;2652
50;2025-12-05;9;2042
50;2025-12-05;10;1581
50;2025-12-05;11;1563
50;2025-12-05;12;1485
50;2025-12-05;13;1485
50;2025-12-05;14;1460
50;2025-12-05;15;1726
50;2025-12-05;16;1932
50;2025-12-05;17;2084
50;2025-12-05;18;1883
50;2025-12-05;19;1281
50;2025-12-05;20;861
50;2025-12-05;21;581
50;2025-12-05;22;300
50;2025-12-05;23;166
50;2025-12-06;0;57
50;2025-12-06;1;7
50;2025-12-06;2;21
50;2025-12-06;3;22
50;2025-12-06;4;8
50;2025-12-06;5;43
50;2025-12-06;6;203
50;2025-12-06;7;397
50;2025-12-06;8;593
50;2025-12-06;9;696
50;2025-12-06;10;738
50;2025-12-06;11;861
50;2025-12-06;12;924
50;2025-12-06;13;950
50;2025-12-06;14;948
50;2025-12-06;15;921
50;2025-12-06;16;903
50;2025-12-06;17;816
50;2025-12-06;18;748
50;2025-12-06;19;626
50;2025-12-06;20;475
50;2025-12-06;21;395
50;2025-12-06;22;241
50;2025-12-06;23;145
50;2025-12-07;0;51
50;2025-12-07;1;8
50;2025-12-07;2;19
50;2025-12-07;3;20
50;2025-12-07;4;6
50;2025-12-07;5;30
50;2025-12-07;6;140
50;2025-12-07;7;262
50;2025-12-07;8;409
50;2025-12-07;9;521
50;2025-12-07;10;567
50;2025-12-07;11;695
50;2025-12-07;12;811
50;2025-12-07;13;854
50;2025-12-07;14;861
50;2025-12-07;15;837
50;2025-12-07;16;820
50;2025-12-07;17;749
50;2025-12-07;18;679
50;2025-12-07;19;537
50;2025-12-07;20;418
50;2025-12-07;21;348
50;2025-12-07;22;212
50;2025-12-07;23;117
50;2025-12-08;0;40
50;2025-12-08;1;5
50;2025-12-08;2;9
50;2025-12-08;3;11
50;2025-12-08;4;6
50;2025-12-08;5;74
50;2025-12-08;6;527
50;2025-12-08;7;1791
50;2025-12-08;8;2656
50;2025-12-08;9;2038
50;2025-12-08;10;1513
50;2025-12-08;11;1457
50;2025-12-08;12;1389
50;2025-12-08;13;1379
50;2025-12-08;14;1328
50;2025-12-08;15;1539
50;2025-12-08;16;1661
50;2025-12-08;17;2142
50;2025-12-08;18;2387
50;2025-12-08;19;1458
50;2025-12-08;20;869
50;2025-12-08;21;541
50;2025-12-08;22;260
50;2025-12-08;23;127
50;2025-12-09;0;38
50;2025-12-09;1;5
50;2025-12-09;2;10
50;2025-12-09;3;12
50;2025-12-09;4;6
50;2025-12-09;5;77
50;2025-12-09;6;554
50;2025-12-09;7;1892
50;2025-12-09;8;2811
50;2025-12-09;9;2155
50;2025-12-09;10;1628
50;2025-12-09;11;1555
50;2025-12-09;12;1452
50;2025-12-09;13;1445
50;2025-12-09;14;1404
50;2025-12-09;15;1600
50;2025-12-09;16;1717
50;2025-12-09;17;2229
50;2025-12-09;18;2447
50;2025-12-09;19;1517
50;2025-12-09;20;911
50;2025-12-09;21;583
50;2025-12-09;22;282
50;2025-12-09;23;136
50;2025-12-10;0;40
50;2025-12-10;1;5
50;2025-12-10;2;10
50;2025-12-10;3;12
50;2025-12-10;4;6
50;2025-12-10;5;77
50;2025-12-10;6;539
50;2025-12-10;7;1819
50;2025-12-10;8;2719
50;2025-12-10;9;2097
50;2025-12-10;10;1595
50;2025-12-10;11;1542
50;2025-12-10;12;1461
50;2025-12-10;13;1460
50;2025-12-10;14;1415
50;2025-12-10;15;1607
50;2025-12-10;16;1718
50;2025-12-10;17;2218
50;2025-12-10;18;2429
50;2025-12-10;19;1498
50;2025-12-10;20;907
50;2025-12-10;21;585
50;2025-12-10;22;287
50;2025-12-10;23;142
50;2025-12-11;0;41
50;2025-12-11;1;5
50;2025-12-11;2;10
50;2025-12-11;3;11
50;2025-12-11;4;6
50;2025-12-11;5;77
50;2025-12-11;6;544
50;2025-12-11;7;1841
50;2025-12-11;8;2727
50;2025-12-11;9;2114
50;2025-12-11;10;1608
50;2025-12-11;11;1551
50;2025-12-11;12;1487
50;2025-12-11;13;1479
50;2025-12-11;14;1437
50;2025-12-11;15;1633
50;2025-12-11;16;1779
50;2025-12-11;17;2203
50;2025-12-11;18;2436
50;2025-12-11;19;1494
50;2025-12-11;20;905
50;2025-12-11;21;596
50;2025-12-11;22;292
50;2025-12-11;23;151
50;2025-12-12;0;46
50;2025-12-12;1;5
50;2025-12-12;2;10
50;2025-12-12;3;11
50;2025-12-12;4;6
50;2025-12-12;5;77
50;2025-12-12;6;542
50;2025-12-12;7;1787
50;2025-12-12;8;2652
50;2025-12-12;9;2042
50;2025-12-12;10;1581
50;2025-12-12;11;1563
50;2025-12-12;12;1485
50;2025-12-12;13;1485
50;2025-12-12;14;1460
50;2025-12-12;15;1726
50;2025-12-12;16;1932
50;2025-12-12;17;2084
50;2025-12-12;18;1883
50;2025-12-12;19;1281
50;2025-12-12;20;861
50;2025-12-12;21;581
50;2025-12-12;22;300
50;2025-12-12;23;166
50;2025-12-13;0;57
50;2025-12-13;1;7
50;2025-12-13;2;21
50;2025-12-13;3;22
50;2025-12-13;4;8
50;2025-12-13;5;43
50;2025-12-13;6;203
50;2025-12-13;7;397
50;2025-12-13;8;593
50;2025-12-13;9;696
50;2025-12-13;10;738
50;2025-12-13;11;861
50;2025-12-13;12;924
50;2025-12-13;13;950
50;2025-12-13;14;948
50;2025-12-13;15;921
50;2025-12-13;16;903
50;2025-12-13;17;816
50;2025-12-13;18;748
50;2025-12-13;19;626
50;2025-12-13;20;475
50;2025-12-13;21;395
50;2025-12-13;22;241
50;2025-12-13;23;145
50;2025-12-14;0;51
50;2025-12-14;1;8
50;2025-12-14;2;19
50;2025-12-14;3;20
50;2025-12-14;4;6
50;2025-12-14;5;30
50;2025-12-14;6;140
50;2025-12-14;7;262
50;2025-12-14;8;409
50;2025-12-14;9;521
50;2025-12-14;10;567
50;2025-12-14;11;695
50;2025-12-14;12;811
50;2025-12-14;13;854
50;2025-12-14;14;861
50;2025-12-14;15;837
50;2025-12-14;16;820
50;2025-12-14;17;749
50;2025-12-14;18;679
50;2025-12-14;19;537
50;2025-12-14;20;418
50;2025-12-14;21;348
50;2025-12-14;22;212
50;2025-12-14;23;117
50;2025-12-15;0;40
50;2025-12-15;1;5
50;2025-12-15;2;9
50;2025-12-15;3;11
50;2025-12-15;4;6
50;2025-12-15;5;74
50;2025-12-15;6;527
50;2025-12-15;7;1791
50;2025-12-15;8;2656
50;2025-12-15;9;2038
50;2025-12-15;10;1513
50;2025-12-15;11;1457
50;2025-12-15;12;1389
50;2025-12-15;13;1379
50;2025-12-15;14;1328
50;2025-12-15;15;1539
50;2025-12-15;16;1661
50;2025-12-15;17;2142
50;2025-12-15;18;2387
50;2025-12-15;19;1458
50;2025-12-15;20;869
50;2025-12-15;21;541
50;2025-12-15;22;260
50;2025-12-15;23;127
50;2025-12-16;0;38
50;2025-12-16;1;5
50;2025-12-16;2;10
50;2025-12-16;3;12
50;2025-12-16;4;6
50;2025-12-16;5;77
50;2025-12-16;6;554
50;2025-12-16;7;1892
50;2025-12-16;8;2811
50;2025-12-16;9;2155
50;2025-12-16;10;1628
50;2025-12-16;11;1555
50;2025-12-16;12;1452
50;2025-12-16;13;1445
50;2025-12-16;14;1404
50;2025-12-16;15;1600
50;2025-12-16;16;1717
50;2025-12-16;17;2229
50;2025-12-16;18;2447
50;2025-12-16;19;1517
50;2025-12-16;20;911
50;2025-12-16;21;583
50;2025-12-16;22;282
50;2025-12-16;23;136
50;2025-12-17;0;40
50;2025-12-17;1;5
50;2025-12-17;2;10
50;2025-12-17;3;12
50;2025-12-17;4;6
50;2025-12-17;5;77
50;2025-12-17;6;539
50;2025-12-17;7;1819
50;2025-12-17;8;2719
50;2025-12-17;9;2097
50;2025-12-17;10;1595
50;2025-12-17;11;1542
50;2025-12-17;12;1461
50;2025-12-17;13;1460
50;2025-12-17;14;1415
50;2025-12-17;15;1607
50;2025-12-17;16;1718
50;2025-12-17;17;2218
50;2025-12-17;18;2429
50;2025-12-17;19;1498
50;2025-12-17;20;907
50;2025-12-17;21;585
50;2025-12-17;22;287
50;2025-12-17;23;142
50;2025-12-18;0;41
50;2025-12-18;1;5
50;2025-12-18;2;10
50;2025-12-18;3;11
50;2025-12-18;4;6
50;2025-12-18;5;77
50;2025-12-18;6;544
50;2025-12-18;7;1841
50;2025-12-18;8;2727
50;2025-12-18;9;2114
50;2025-12-18;10;1608
50;2025-12-18;11;1551
50;2025-12-18;12;1487
50;2025-12-18;13;1479
50;2025-12-18;14;1437
50;2025-12-18;15;1633
50;2025-12-18;16;1779
50;2025-12-18;17;2203
50;2025-12-18;18;2436
50;2025-12-18;19;1494
50;2025-12-18;20;905
50;2025-12-18;21;596
50;2025-12-18;22;292
50;2025-12-18;23;151
50;2025-12-19;0;46
50;2025-12-19;1;5
50;2025-12-19;2;10
50;2025-12-19;3;11
50;2025-12-19;4;6
50;2025-12-19;5;77
50;2025-12-19;6;542
50;2025-12-19;7;1787
50;2025-12-19;8;2652
50;2025-12-19;9;2042
50;2025-12-19;10;1581
50;2025-12-19;11;1563
50;2025-12-19;12;1485
50;2025-12-19;13;1485
50;2025-12-19;14;1460
50;2025-12-19;15;1726
50;2025-12-19;16;1932
50;2025-12-19;17;2084
50;2025-12-19;18;1883
50;2025-12-19;19;1281
50;2025-12-19;20;861
50;2025-12-19;21;581
50;2025-12-19;22;300
50;2025-12-19;23;166
50;2025-12-20;0;57
50;2025-12-20;1;7
50;2025-12-20;2;21
50;2025-12-20;3;22
50;2025-12-20;4;8
50;2025-12-20;5;43
50;2025-12-20;6;203
50;2025-12-20;7;397
50;2025-12-20;8;593
50;2025-12-20;9;696
50;2025-12-20;10;738
50;2025-12-20;11;861
50;2025-12-20;12;924
50;2025-12-20;13;950
50;2025-12-20;14;948
50;2025-12-20;15;921
50;2025-12-20;16;903
50;2025-12-20;17;816
50;2025-12-20;18;748
50;2025-12-20;19;626
50;2025-12-20;20;475
50;2025-12-20;21;395
50;2025-12-20;22;241
50;2025-12-20;23;145
50;2025-12-21;0;51
50;2025-12-21;1;8
50;2025-12-21;2;19
50;2025-12-21;3;20
50;2025-12-21;4;6
50;2025-12-21;5;30
50;2025-12-21;6;140
50;2025-12-21;7;262
50;2025-12-21;8;409
50;2025-12-21;9;521
50;2025-12-21;10;567
50;2025-12-21;11;695
50;2025-12-21;12;811
50;2025-12-21;13;854
50;2025-12-21;14;861
50;2025-12-21;15;837
50;2025-12-21;16;820
50;2025-12-21;17;749
50;2025-12-21;18;679
50;2025-12-21;19;537
50;2025-12-21;20;418
50;2025-12-21;21;348
50;2025-12-21;22;212
50;2025-12-21;23;117
50;2025-12-22;0;40
50;2025-12-22;1;5
50;2025-12-22;2;9
50;2025-12-22;3;11
50;2025-12-22;4;6
50;2025-12-22;5;74
50;2025-12-22;6;527
50;2025-12-22;7;1791
50;2025-12-22;8;2656
50;2025-12-22;9;2038
50;2025-12-22;10;1513
50;2025-12-22;11;1457
50;2025-12-22;12;1389
50;2025-12-22;13;1379
50;2025-12-22;14;1328
50;2025-12-22;15;1539
50;2025-12-22;16;1661
50;2025-12-22;17;2142
50;2025-12-22;18;2387
50;2025-12-22;19;1458
50;2025-12-22;20;869
50;2025-12-22;21;541
50;2025-12-22;22;260
50;2025-12-22;23;127
50;2025-12-23;0;38
50;2025-12-23;1;5
50;2025-12-23;2;10
50;2025-12-23;3;12
50;2025-12-23;4;6
50;2025-12-23;5;77
50;2025-12-23;6;554
50;2025-12-23;7;1892
50;2025-12-23;8;2811
50;2025-12-23;9;2155
50;2025-12-23;10;1628
50;2025-12-23;11;1555
50;2025-12-23;12;1452
50;2025-12-23;13;1445
50;2025-12-23;14;1404
50;2025-12-23;15;1600
50;2025-12-23;16;1717
50;2025-12-23;17;2229
50;2025-12-23;18;2447
50;2025-12-23;19;1517
50;2025-12-23;20;911
50;2025-12-23;21;583
50;2025-12-23;22;282
50;2025-12-23;23;136
50;2025-12-24;0;40
50;2025-12-24;1;5
50;2025-12-24;2;10
50;2025-12-24;3;12
50;2025-12-24;4;6
50;2025-12-24;5;77
50;2025-12-24;6;539
50;2025-12-24;7;1819
50;2025-12-24;8;2719
50;2025-12-24;9;2097
50;2025-12-24;10;1595
50;2025-12-24;11;1542
50;2025-12-24;12;1461
50;2025-12-24;13;1460
50;2025-12-24;14;1415
50;2025-12-24;15;1607
50;2025-12-24;16;1718
50;2025-12-24;17;2218
50;2025-12-24;18;2429
50;2025-12-24;19;1498
50;2025-12-24;20;907
50;2025-12-24;21;585
50;2025-12-24;22;287
50;2025-12-24;23;142
50;2025-12-25;0;41
50;2025-12-25;1;5
50;2025-12-25;2;10
50;2025-12-25;3;11
50;2025-12-25;4;6
50;2025-12-25;5;77
50;2025-12-25;6;544
50;2025-12-25;7;1841
50;2025-12-25;8;2727
50;2025-12-25;9;2114
50;2025-12-25;10;1608
50;2025-12-25;11;1551
50;2025-12-25;12;1487
50;2025-12-25;13;1479
50;2025-12-25;14;1437
50;2025-12-25;15;1633
50;2025-12-25;16;1779
50;2025-12-25;17;2203
50;2025-12-25;18;2436
50;2025-12-25;19;1494
50;2025-12-25;20;905
50;2025-12-25;21;596
50;2025-12-25;22;292
50;2025-12-25;23;151
50;2025-12-26;0;46
50;2025-12-26;1;5
50;2025-12-26;2;10
50;2025-12-26;3;11
50;2025-12-26;4;6
50;2025-12-26;5;77
50;2025-12-26;6;542
50;2025-12-26;7;1787
50;2025-12-26;8;2652
50;2025-12-26;9;2042
50;2025-12-26;10;1581
50;2025-12-26;11;1563
50;2025-12-26;12;1485
50;2025-12-26;13;1485
50;2025-12-26;14;1460
50;2025-12-26;15;1726
50;2025-12-26;16;1932
50;2025-12-26;17;2084
50;2025-12-26;18;1883
50;2025-12-26;19;1281
50;2025-12-26;20;861
50;2025-12-26;21;581
50;2025-12-26;22;300
50;2025-12-26;23;166
50;2025-12-27;0;57
50;2025-12-27;1;7
50;2025-12-27;2;21
50;2025-12-27;3;22
50;2025-12-27;4;8
50;2025-12-27;5;43
50;2025-12-27;6;203
50;2025-12-27;7;397
50;2025-12-27;8;593
50;2025-12-27;9;696
50;2025-12-27;10;738
50;2025-12-27;11;861
50;2025-12-27;12;924
50;2025-12-27;13;950
50;2025-12-27;14;948
50;2025-12-27;15;921
50;2025-12-27;16;903
50;2025-12-27;17;816
50;2025-12-27;18;748
50;2025-12-27;19;626
50;2025-12-27;20;475
50;2025-12-27;21;395
50;2025-12-27;22;241
50;2025-12-27;23;145
50;2025-12-28;0;51
50;2025-12-28;1;8
50;2025-12-28;2;19
50;2025-12-28;3;20
50;2025-12-28;4;6
50;2025-12-28;5;30
50;2025-12-28;6;140
50;2025-12-28;7;262
50;2025-12-28;8;409
50;2025-12-28;9;521
50;2025-12-28;10;567
50;2025-12-28;11;695
50;2025-12-28;12;811
50;2025-12-28;13;854
50;2025-12-28;14;861
50;2025-12-28;15;837
50;2025-12-28;16;820
50;2025-12-28;17;749
50;2025-12-28;18;679
50;2025-12-28;19;537
50;2025-12-28;20;418
50;2025-12-28;21;348
50;2025-12-28;22;212
50;2025-12-28;23;117
50;2025-12-29;0;40
50;2025-12-29;1;5
50;2025-12-29;2;9
50;2025-12-29;3;11
50;2025-12-29;4;6
50;2025-12-29;5;74
50;2025-12-29;6;527
50;2025-12-29;7;1791
50;2025-12-29;8;2656
50;2025-12-29;9;2038
50;2025-12-29;10;1513
50;2025-12-29;11;1457
50;2025-12-29;12;1389
50;2025-12-29;13;1379
50;2025-12-29;14;1328
50;2025-12-29;15;1539
50;2025-12-29;16;1661
50;2025-12-29;17;2142
50;2025-12-29;18;2387
50;2025-12-29;19;1458
50;2025-12-29;20;869
50;2025-12-29;21;541
50;2025-12-29;22;260
50;2025-12-29;23;127
50;2025-12-30;0;38
50;2025-12-30;1;5
50;2025-12-30;2;10
50;2025-12-30;3;12
50;2025-12-30;4;6
50;2025-12-30;5;77
50;2025-12-30;6;554
50;2025-12-30;7;1892
50;2025-12-30;8;2811
50;2025-12-30;9;2155
50;2025-12-30;10;1628
50;2025-12-30;11;1555
50;2025-12-30;12;1452
50;2025-12-30;13;1445
50;2025-12-30;14;1404
50;2025-12-30;15;1600
50;2025-12-30;16;1717
50;2025-12-30;17;2229
50;2025-12-30;18;2447
50;2025-12-30;19;1517
50;2025-12-30;20;911
50;2025-12-30;21;583
50;2025-12-30;22;282
50;2025-12-30;23;136
50;2025-12-31;0;31
50;2025-12-31;1;6
50;2025-12-31;2;11
50;2025-12-31;3;11
50;2025-12-31;4;4
50;2025-12-31;5;24
50;2025-12-31;6;109
50;2025-12-31;7;168
50;2025-12-31;8;233
50;2025-12-31;9;265
50;2025-12-31;10;273
50;2025-12-31;11;322
50;2025-12-31;12;400
50;2025-12-31;13;442
50;2025-12-31;14;453
50;2025-12-31;15;487
50;2025-12-31;16;482
50;2025-12-31;17;514
50;2025-12-31;18;503
50;2025-12-31;19;395
50;2025-12-31;20;284
50;2025-12-31;21;251
50;2025-12-31;22;160
50;2025-12-31;23;86
